-- phpMyAdmin SQL Dump
-- version 5.1.0
-- https://www.phpmyadmin.net/
--
-- Host: 127.0.0.1
-- Generation Time: Apr 06, 2021 at 06:32 AM
-- Server version: 10.4.18-MariaDB
-- PHP Version: 7.3.27

SET SQL_MODE = "NO_AUTO_VALUE_ON_ZERO";
START TRANSACTION;
SET time_zone = "+00:00";


/*!40101 SET @OLD_CHARACTER_SET_CLIENT=@@CHARACTER_SET_CLIENT */;
/*!40101 SET @OLD_CHARACTER_SET_RESULTS=@@CHARACTER_SET_RESULTS */;
/*!40101 SET @OLD_COLLATION_CONNECTION=@@COLLATION_CONNECTION */;
/*!40101 SET NAMES utf8mb4 */;

--
-- Database: `cyberdyne_clients_21`
--

-- --------------------------------------------------------

--
-- Table structure for table `backup`
--

CREATE TABLE `backup` (
  `id` bigint(20) NOT NULL,
  `file_url` text COLLATE utf8_unicode_ci NOT NULL,
  `created_by` bigint(20) UNSIGNED DEFAULT NULL,
  `updated_by` bigint(20) UNSIGNED DEFAULT NULL,
  `created_at` timestamp NULL DEFAULT NULL,
  `updated_at` timestamp NULL DEFAULT NULL
) ENGINE=InnoDB DEFAULT CHARSET=utf8 COLLATE=utf8_unicode_ci;

-- --------------------------------------------------------

--
-- Table structure for table `bills`
--

CREATE TABLE `bills` (
  `id` bigint(20) UNSIGNED NOT NULL,
  `type` tinyint(4) NOT NULL DEFAULT 1,
  `bill_number` text COLLATE utf8mb4_unicode_ci NOT NULL,
  `bill_date` date NOT NULL,
  `vendor_id` bigint(20) UNSIGNED NOT NULL,
  `bill_amount` double NOT NULL,
  `due_amount` double NOT NULL,
  `return_amount` double DEFAULT NULL,
  `total_discount` double NOT NULL,
  `adjustment_type` tinyint(4) DEFAULT NULL COMMENT '0= % 1= BDT',
  `total_adjustment` double DEFAULT NULL,
  `total_tax` double DEFAULT NULL,
  `tax_type` tinyint(4) DEFAULT NULL COMMENT '0= % 1= BDT',
  `vat_type` tinyint(4) DEFAULT NULL COMMENT '0= % 1= BDT',
  `total_vat` double DEFAULT NULL,
  `adjustment_note` text COLLATE utf8mb4_unicode_ci DEFAULT NULL,
  `bill_note` text COLLATE utf8mb4_unicode_ci DEFAULT NULL,
  `total_discount_type` tinyint(4) DEFAULT NULL,
  `total_discount_amount` double DEFAULT NULL,
  `total_discount_note` text COLLATE utf8mb4_unicode_ci DEFAULT NULL,
  `branch_id` bigint(20) UNSIGNED DEFAULT NULL,
  `convince` double DEFAULT NULL,
  `transport_bill` double DEFAULT NULL,
  `created_by` bigint(20) UNSIGNED DEFAULT NULL,
  `updated_by` bigint(20) UNSIGNED DEFAULT NULL,
  `created_at` timestamp NULL DEFAULT NULL,
  `updated_at` timestamp NULL DEFAULT NULL,
  `cash_given` double DEFAULT NULL,
  `change_amount` double DEFAULT NULL
) ENGINE=InnoDB DEFAULT CHARSET=utf8mb4 COLLATE=utf8mb4_unicode_ci;

--
-- Dumping data for table `bills`
--

INSERT INTO `bills` (`id`, `type`, `bill_number`, `bill_date`, `vendor_id`, `bill_amount`, `due_amount`, `return_amount`, `total_discount`, `adjustment_type`, `total_adjustment`, `total_tax`, `tax_type`, `vat_type`, `total_vat`, `adjustment_note`, `bill_note`, `total_discount_type`, `total_discount_amount`, `total_discount_note`, `branch_id`, `convince`, `transport_bill`, `created_by`, `updated_by`, `created_at`, `updated_at`, `cash_given`, `change_amount`) VALUES
(19, 1, '1', '2021-03-14', 137, 43000, 0, NULL, 0, NULL, NULL, NULL, NULL, 0, 0, NULL, 'Pubali Bank, TT', 1, 0, NULL, NULL, NULL, NULL, 5, 5, '2021-03-14 20:46:28', '2021-03-14 22:23:53', 43000, 0),
(20, 1, '2', '2021-03-13', 43, 7056, 7056, NULL, 0, NULL, NULL, NULL, NULL, 0, 0, NULL, NULL, 1, 0, NULL, NULL, NULL, NULL, 5, NULL, '2021-03-20 19:31:14', '2021-03-20 19:31:14', NULL, 0),
(21, 1, '3', '2021-03-13', 43, 176950.25, 176950.25, NULL, 0, NULL, NULL, NULL, NULL, 0, 0, NULL, NULL, 1, 0, NULL, NULL, NULL, NULL, 5, NULL, '2021-03-20 19:49:43', '2021-03-20 19:49:43', NULL, 0),
(22, 1, '4', '2021-03-13', 74, 371, 371, NULL, 0, NULL, NULL, NULL, NULL, 0, 0, NULL, NULL, 1, 0, NULL, NULL, NULL, NULL, 5, 5, '2021-03-20 19:50:59', '2021-03-20 19:51:16', NULL, 0),
(23, 1, '5', '2021-03-13', 43, 1320380.49, 1320380.49, NULL, 0, NULL, NULL, NULL, NULL, 0, 0, NULL, NULL, 1, 0, NULL, NULL, NULL, NULL, 5, 5, '2021-03-20 20:01:05', '2021-03-27 23:18:49', NULL, 0),
(24, 1, '6', '2021-03-13', 76, 1470904.88, 1470904.88, NULL, 0, NULL, NULL, NULL, NULL, 0, 0, NULL, NULL, 1, 0, NULL, NULL, NULL, NULL, 5, NULL, '2021-03-20 20:20:23', '2021-03-20 20:20:23', NULL, 0),
(25, 1, '7', '2021-03-13', 143, 105500, 0, NULL, 0, NULL, NULL, NULL, NULL, 0, 0, NULL, NULL, 1, 212, NULL, NULL, NULL, NULL, 5, NULL, '2021-03-20 20:39:29', '2021-03-20 20:39:29', NULL, 0),
(26, 1, '8', '2021-03-15', 120, 9900, 0, NULL, 0, NULL, NULL, NULL, NULL, 0, 0, NULL, NULL, 1, 0, NULL, NULL, NULL, NULL, 5, NULL, '2021-03-20 21:36:00', '2021-03-20 21:36:00', NULL, 0),
(27, 1, '9', '2021-03-15', 116, 1800, 0, NULL, 0, NULL, NULL, NULL, NULL, 0, 0, NULL, NULL, 1, 0, NULL, NULL, NULL, NULL, 5, NULL, '2021-03-20 21:40:19', '2021-03-20 21:40:19', NULL, 0),
(28, 1, '10', '2021-03-15', 137, 83850, 83850, NULL, 0, NULL, NULL, NULL, NULL, 0, 0, NULL, NULL, 1, 0, NULL, NULL, NULL, NULL, 5, NULL, '2021-03-20 21:41:48', '2021-03-20 21:41:48', NULL, 0),
(29, 1, '11', '2021-03-16', 45, 4319.349999999999, 4319.349999999999, NULL, 0, NULL, NULL, NULL, NULL, 0, 0, NULL, NULL, 1, 0, NULL, NULL, NULL, NULL, 5, 5, '2021-03-20 21:43:37', '2021-03-27 23:19:22', NULL, 0),
(30, 1, '12', '2021-03-16', 44, 49840, 49840, NULL, 0, NULL, NULL, NULL, NULL, 0, 0, NULL, NULL, 1, 0, NULL, NULL, NULL, NULL, 5, 5, '2021-03-20 22:22:38', '2021-03-21 17:54:46', NULL, 0),
(31, 1, '13', '2021-03-16', 117, 8006.6, 0, NULL, 0, NULL, NULL, NULL, NULL, 0, 0, NULL, NULL, 1, 0, NULL, NULL, NULL, NULL, 5, 5, '2021-03-20 22:23:45', '2021-03-26 00:07:46', 8006.6, 0),
(32, 1, '14', '2021-03-16', 120, 11301, 0, NULL, 0, NULL, NULL, NULL, NULL, 0, 0, NULL, NULL, 1, 0, NULL, NULL, NULL, NULL, 5, NULL, '2021-03-20 22:24:58', '2021-03-20 22:24:58', NULL, 0),
(33, 1, '15', '2021-03-18', 43, 5472, 5472, NULL, 0, NULL, NULL, NULL, NULL, 0, 0, NULL, NULL, 1, 0, NULL, NULL, NULL, NULL, 5, 5, '2021-03-20 22:35:37', '2021-03-21 00:26:53', NULL, 0),
(34, 1, '16', '2021-03-18', 74, 49664.799999999996, 49664.799999999996, NULL, 0, NULL, NULL, NULL, NULL, 0, 0, NULL, NULL, 1, 0, NULL, NULL, NULL, NULL, 5, NULL, '2021-03-21 00:25:46', '2021-03-21 00:25:46', NULL, 0),
(35, 1, '17', '2021-03-18', 43, 14186.16, 14186.16, NULL, 0, NULL, NULL, NULL, NULL, 0, 0, NULL, NULL, 1, 0, NULL, NULL, NULL, NULL, 5, NULL, '2021-03-21 00:29:31', '2021-03-21 00:29:31', NULL, 0),
(36, 1, '18', '2021-03-18', 203, 15600.060000000001, 0, NULL, 0, NULL, NULL, NULL, NULL, 0, 0, NULL, NULL, 1, 0, NULL, NULL, NULL, NULL, 5, 5, '2021-03-21 00:32:26', '2021-03-21 22:28:12', NULL, 0),
(37, 1, '19', '2021-03-18', 42, 45299.88, 0, NULL, 0, NULL, NULL, NULL, NULL, 0, 0, NULL, NULL, 1, 0, NULL, NULL, NULL, NULL, 5, NULL, '2021-03-21 00:37:38', '2021-03-21 00:37:38', NULL, 0),
(38, 1, '20', '2021-03-18', 144, 570, 0, NULL, 0, NULL, NULL, NULL, NULL, 0, 0, NULL, NULL, 1, 0, NULL, NULL, NULL, NULL, 5, NULL, '2021-03-21 01:08:38', '2021-03-21 01:08:38', NULL, 0),
(39, 1, '21', '2021-03-18', 44, 380, 380, NULL, 0, NULL, NULL, NULL, NULL, 0, 0, NULL, NULL, 1, 0, NULL, NULL, NULL, NULL, 5, 5, '2021-03-21 01:28:54', '2021-03-21 20:28:51', NULL, 0),
(40, 1, '22', '2021-03-20', 144, 380, 0, NULL, 0, NULL, NULL, NULL, NULL, 0, 0, NULL, NULL, 1, 0, NULL, NULL, NULL, NULL, 5, NULL, '2021-03-21 02:28:21', '2021-03-21 02:28:21', NULL, 0),
(41, 1, '23', '2021-03-20', 137, 27950, 27950, NULL, 0, NULL, NULL, NULL, NULL, 0, 0, NULL, NULL, 1, 0, NULL, NULL, NULL, NULL, 5, NULL, '2021-03-21 02:29:09', '2021-03-21 02:29:09', NULL, 0),
(42, 1, '24', '2021-03-20', 75, 13740, 13740, NULL, 0, NULL, NULL, NULL, NULL, 0, 0, NULL, NULL, 1, 0, NULL, NULL, NULL, NULL, 5, NULL, '2021-03-21 02:31:35', '2021-03-21 02:31:35', NULL, 0),
(43, 1, '25', '2021-03-20', 43, 4864, 4864, NULL, 0, NULL, NULL, NULL, NULL, 0, 0, NULL, NULL, 1, 0, NULL, NULL, NULL, NULL, 5, NULL, '2021-03-21 02:33:42', '2021-03-21 02:33:42', NULL, 0),
(44, 1, '26', '2021-03-20', 116, 2635, 0, NULL, 0, NULL, NULL, NULL, NULL, 0, 0, NULL, NULL, 1, 0, NULL, NULL, NULL, NULL, 5, NULL, '2021-03-21 02:40:57', '2021-03-21 02:40:57', NULL, 0),
(45, 1, '27', '2021-03-20', 144, 420.024, 0, NULL, 0, NULL, NULL, NULL, NULL, 0, 0, NULL, NULL, 1, 0, NULL, NULL, NULL, NULL, 5, NULL, '2021-03-21 02:42:15', '2021-03-21 02:42:15', NULL, 0),
(46, 1, '28', '2021-03-20', 120, 19628, 0, NULL, 0, NULL, NULL, NULL, NULL, 0, 0, NULL, NULL, 1, 0, NULL, NULL, NULL, NULL, 5, 5, '2021-03-21 03:02:23', '2021-03-26 00:08:35', 19628, 0),
(47, 1, '29', '2021-03-13', 75, 72000, 0, NULL, 0, NULL, NULL, NULL, NULL, 0, 0, NULL, NULL, 1, 0, NULL, NULL, NULL, NULL, 5, NULL, '2021-03-21 18:21:21', '2021-03-21 18:21:21', NULL, 0),
(48, 1, '30', '2021-03-21', 144, 380, 0, NULL, 0, NULL, NULL, NULL, NULL, 0, 0, NULL, NULL, 1, 0, NULL, NULL, NULL, NULL, 5, NULL, '2021-03-21 22:48:06', '2021-03-21 22:48:06', NULL, 0),
(49, 1, '31', '2021-03-11', 2, 112799.87, 0, NULL, 0, NULL, NULL, NULL, NULL, 0, 0, NULL, NULL, 1, 0, NULL, NULL, NULL, NULL, 5, 5, '2021-03-21 22:54:38', '2021-03-23 18:39:11', 112799.87, 0),
(50, 1, '32', '2021-03-22', 43, 6840, 6840, NULL, 0, NULL, NULL, NULL, NULL, 0, 0, NULL, NULL, 1, 0, NULL, NULL, NULL, NULL, 5, NULL, '2021-03-23 01:53:20', '2021-03-23 01:53:20', NULL, 0),
(51, 1, '33', '2021-03-23', 43, 39468, 39468, NULL, 0, NULL, NULL, NULL, NULL, 0, 0, NULL, NULL, 1, 0, NULL, NULL, NULL, NULL, 5, 5, '2021-03-23 20:06:26', '2021-03-23 21:02:31', NULL, 0),
(52, 1, '34', '2021-03-23', 117, 2110, 0, NULL, 0, NULL, NULL, NULL, NULL, 0, 0, NULL, NULL, 1, 2, NULL, NULL, NULL, NULL, 5, 5, '2021-03-23 21:53:57', '2021-03-26 00:06:23', 2110, 0),
(53, 1, '35', '2021-03-24', 43, 19780, 19780, NULL, 0, NULL, NULL, NULL, NULL, 0, 0, NULL, NULL, 1, 0, NULL, NULL, NULL, NULL, 5, NULL, '2021-03-24 21:21:32', '2021-03-24 21:21:32', NULL, 0),
(54, 1, '36', '2021-03-24', 73, 690, 0, NULL, 0, NULL, NULL, NULL, NULL, 0, 0, NULL, NULL, 1, 0, NULL, NULL, NULL, NULL, 5, 5, '2021-03-25 00:19:32', '2021-03-26 00:05:25', 690, 0),
(55, 1, '37', '2021-03-24', 76, 56000, 0, NULL, 0, NULL, NULL, NULL, NULL, 0, 0, NULL, NULL, 1, 41.8, NULL, NULL, NULL, NULL, 5, 5, '2021-03-25 01:39:38', '2021-03-26 00:04:58', 56000, 0),
(56, 1, '38', '2021-03-25', 137, 45150, 45150, NULL, 0, NULL, NULL, NULL, NULL, 0, 0, NULL, NULL, 1, 0, NULL, NULL, NULL, NULL, 5, NULL, '2021-03-25 23:56:49', '2021-03-25 23:56:49', NULL, 0),
(57, 1, '39', '2021-03-25', 2, 3000, 0, NULL, 0, NULL, NULL, NULL, NULL, 0, 0, NULL, NULL, 1, 0, NULL, NULL, NULL, NULL, 5, NULL, '2021-03-26 00:04:01', '2021-03-26 00:04:01', 3000, 0),
(58, 1, '40', '2021-03-25', 75, 18390, 18390, NULL, 0, NULL, NULL, NULL, NULL, 0, 0, NULL, NULL, 1, 0.24, NULL, NULL, NULL, NULL, 5, NULL, '2021-03-26 00:13:22', '2021-03-26 00:13:22', NULL, 0),
(59, 1, '41', '2021-03-25', 76, 95650, 65650, NULL, 0, NULL, NULL, NULL, NULL, 0, 0, NULL, NULL, 1, 3.1, NULL, NULL, NULL, NULL, 5, NULL, '2021-03-26 00:16:33', '2021-03-26 00:16:34', 30000, 0),
(60, 1, '42', '2021-03-25', 44, 35614, 35614, NULL, 0, NULL, NULL, NULL, NULL, 0, 0, NULL, NULL, 1, 0, NULL, NULL, NULL, NULL, 5, 5, '2021-03-26 00:54:28', '2021-03-26 01:39:51', NULL, 0),
(61, 1, '43', '2021-03-13', 2, 0, 0, NULL, 0, NULL, NULL, NULL, NULL, 0, 0, NULL, NULL, 1, 71240, NULL, NULL, NULL, NULL, 5, 5, '2021-03-26 01:29:55', '2021-03-26 01:32:29', NULL, 0),
(62, 1, '44', '2021-03-27', 76, 1470436, 1470436, NULL, 0, NULL, NULL, NULL, NULL, 0, 0, NULL, NULL, 1, 0, NULL, NULL, NULL, NULL, 5, NULL, '2021-03-27 23:01:45', '2021-03-27 23:01:45', NULL, 0),
(63, 1, '45', '2021-03-29', 44, 5700, 5700, NULL, 0, NULL, NULL, NULL, NULL, 0, 0, NULL, NULL, 1, 0, NULL, NULL, NULL, NULL, 5, NULL, '2021-03-29 18:53:47', '2021-03-29 18:53:47', NULL, 0),
(64, 1, '46', '2021-03-29', 75, 3358.2, 3358.2, NULL, 0, NULL, NULL, NULL, NULL, 0, 0, NULL, NULL, 1, 0, NULL, NULL, NULL, NULL, 5, NULL, '2021-03-29 21:52:05', '2021-03-29 21:52:05', NULL, 0),
(65, 1, '47', '2021-03-29', 137, 55900, 55900, NULL, 0, NULL, NULL, NULL, NULL, 0, 0, NULL, NULL, 1, 0, NULL, NULL, NULL, NULL, 5, 1, '2021-03-29 22:16:44', '2021-04-05 17:35:39', NULL, 0);

-- --------------------------------------------------------

--
-- Table structure for table `bill_entries`
--

CREATE TABLE `bill_entries` (
  `id` bigint(20) UNSIGNED NOT NULL,
  `bill_id` bigint(20) UNSIGNED NOT NULL,
  `product_id` bigint(20) UNSIGNED NOT NULL,
  `product_entry_id` bigint(20) UNSIGNED NOT NULL,
  `main_unit_id` bigint(20) UNSIGNED NOT NULL,
  `conversion_unit_id` bigint(20) UNSIGNED NOT NULL,
  `vendor_id` bigint(20) UNSIGNED NOT NULL,
  `rate` double NOT NULL,
  `quantity` double NOT NULL DEFAULT 1,
  `total_amount` double NOT NULL,
  `discount_type` tinyint(4) NOT NULL COMMENT '0= % 1= BDT',
  `discount_amount` double NOT NULL,
  `branch_id` bigint(20) UNSIGNED DEFAULT NULL,
  `created_by` bigint(20) UNSIGNED DEFAULT NULL,
  `updated_by` bigint(20) UNSIGNED DEFAULT NULL,
  `created_at` timestamp NULL DEFAULT NULL,
  `updated_at` timestamp NULL DEFAULT NULL
) ENGINE=InnoDB DEFAULT CHARSET=utf8mb4 COLLATE=utf8mb4_unicode_ci;

--
-- Dumping data for table `bill_entries`
--

INSERT INTO `bill_entries` (`id`, `bill_id`, `product_id`, `product_entry_id`, `main_unit_id`, `conversion_unit_id`, `vendor_id`, `rate`, `quantity`, `total_amount`, `discount_type`, `discount_amount`, `branch_id`, `created_by`, `updated_by`, `created_at`, `updated_at`) VALUES
(77, 19, 32, 370, 10, 10, 137, 4, 10750, 43000, 0, 0, NULL, 5, NULL, '2021-03-14 22:23:53', '2021-04-05 17:34:55'),
(78, 20, 30, 500, 1, 1, 43, 504, 14, 7056, 0, 0, NULL, 5, NULL, '2021-03-20 19:31:14', '2021-04-05 17:34:55'),
(79, 21, 28, 438, 1, 1, 43, 387, 100, 38700, 0, 0, NULL, 5, NULL, '2021-03-20 19:49:43', '2021-04-05 17:34:55'),
(80, 21, 28, 439, 1, 1, 43, 438.89, 225, 98750.25, 0, 0, NULL, 5, NULL, '2021-03-20 19:49:43', '2021-04-05 17:34:55'),
(81, 21, 28, 440, 1, 1, 43, 493.75, 80, 39500, 0, 0, NULL, 5, NULL, '2021-03-20 19:49:43', '2021-04-05 17:34:55'),
(83, 22, 28, 476, 1, 1, 74, 371, 1, 371, 0, 0, NULL, 5, NULL, '2021-03-20 19:51:16', '2021-04-05 17:34:55'),
(106, 24, 28, 442, 1, 1, 76, 560.34, 175, 98059.5, 0, 0, NULL, 5, NULL, '2021-03-20 20:20:23', '2021-04-05 17:34:55'),
(107, 24, 28, 443, 1, 1, 76, 653.74, 300, 196122, 0, 0, NULL, 5, NULL, '2021-03-20 20:20:23', '2021-04-05 17:34:55'),
(108, 24, 28, 444, 1, 1, 76, 748.55, 393, 294180.14999999997, 0, 0, NULL, 5, NULL, '2021-03-20 20:20:23', '2021-04-05 17:34:55'),
(109, 24, 28, 445, 1, 1, 76, 838.12, 351, 294180.12, 0, 0, NULL, 5, NULL, '2021-03-20 20:20:23', '2021-04-05 17:34:55'),
(110, 24, 28, 446, 1, 1, 76, 933.91, 315, 294181.64999999997, 0, 0, NULL, 5, NULL, '2021-03-20 20:20:23', '2021-04-05 17:34:55'),
(111, 24, 28, 448, 1, 1, 76, 1122.83, 262, 294181.45999999996, 0, 0, NULL, 5, NULL, '2021-03-20 20:20:23', '2021-04-05 17:34:55'),
(112, 25, 29, 515, 7, 7, 143, 128, 755, 96640, 0, 0, NULL, 5, NULL, '2021-03-20 20:39:29', '2021-04-05 17:34:55'),
(113, 25, 29, 516, 13, 13, 143, 42, 216, 9072, 0, 0, NULL, 5, NULL, '2021-03-20 20:39:29', '2021-04-05 17:34:55'),
(114, 26, 41, 518, 13, 13, 120, 123.75, 80, 9900, 0, 0, NULL, 5, NULL, '2021-03-20 21:36:00', '2021-04-05 17:34:55'),
(115, 27, 37, 519, 1, 1, 116, 360, 5, 1800, 0, 0, NULL, 5, NULL, '2021-03-20 21:40:19', '2021-04-05 17:34:55'),
(116, 28, 32, 364, 10, 10, 137, 5.2, 16125, 83850, 0, 0, NULL, 5, NULL, '2021-03-20 21:41:48', '2021-04-05 17:34:55'),
(125, 32, 41, 530, 13, 13, 120, 75.34, 150, 11301, 0, 0, NULL, 5, NULL, '2021-03-20 22:24:58', '2021-04-05 17:34:55'),
(127, 34, 28, 419, 1, 1, 74, 620.81, 80, 49664.799999999996, 0, 0, NULL, 5, NULL, '2021-03-21 00:25:46', '2021-04-05 17:34:56'),
(128, 33, 33, 533, 10, 10, 43, 76, 72, 5472, 0, 0, NULL, 5, NULL, '2021-03-21 00:26:53', '2021-04-05 17:34:56'),
(129, 35, 33, 534, 10, 10, 43, 76, 186.66, 14186.16, 0, 0, NULL, 5, NULL, '2021-03-21 00:29:31', '2021-04-05 17:34:56'),
(132, 37, 29, 535, 7, 7, 42, 131.304, 345, 45299.88, 0, 0, NULL, 5, NULL, '2021-03-21 00:37:38', '2021-04-05 17:34:56'),
(133, 38, 42, 538, 1, 1, 144, 1.9, 300, 570, 0, 0, NULL, 5, NULL, '2021-03-21 01:08:38', '2021-04-05 17:34:56'),
(135, 40, 42, 538, 1, 1, 144, 1.9, 200, 380, 0, 0, NULL, 5, NULL, '2021-03-21 02:28:21', '2021-04-05 17:34:56'),
(136, 41, 32, 364, 10, 10, 137, 5.2, 5375, 27950, 0, 0, NULL, 5, NULL, '2021-03-21 02:29:09', '2021-04-05 17:34:56'),
(137, 42, 28, 378, 1, 1, 75, 165, 36, 5940, 0, 0, NULL, 5, NULL, '2021-03-21 02:31:35', '2021-04-05 17:34:56'),
(138, 42, 28, 379, 1, 1, 75, 195, 40, 7800, 0, 0, NULL, 5, NULL, '2021-03-21 02:31:35', '2021-04-05 17:34:56'),
(139, 43, 33, 517, 10, 10, 43, 76, 64, 4864, 0, 0, NULL, 5, NULL, '2021-03-21 02:33:42', '2021-04-05 17:34:56'),
(140, 44, 28, 540, 1, 1, 116, 105.4, 25, 2635, 0, 0, NULL, 5, NULL, '2021-03-21 02:40:57', '2021-04-05 17:34:56'),
(141, 45, 42, 538, 1, 1, 144, 1.892, 222, 420.024, 0, 0, NULL, 5, NULL, '2021-03-21 02:42:15', '2021-04-05 17:34:56'),
(146, 30, 40, 520, 10, 10, 44, 28, 180, 5040, 0, 0, NULL, 5, NULL, '2021-03-21 17:54:46', '2021-04-05 17:34:56'),
(147, 30, 40, 525, 10, 10, 44, 28, 180, 5040, 0, 0, NULL, 5, NULL, '2021-03-21 17:54:46', '2021-04-05 17:34:56'),
(148, 30, 40, 526, 10, 10, 44, 28, 350, 9800, 0, 0, NULL, 5, NULL, '2021-03-21 17:54:46', '2021-04-05 17:34:56'),
(149, 30, 40, 527, 10, 10, 44, 28, 360, 10080, 0, 0, NULL, 5, NULL, '2021-03-21 17:54:46', '2021-04-05 17:34:56'),
(150, 30, 40, 528, 10, 10, 44, 28, 360, 10080, 0, 0, NULL, 5, NULL, '2021-03-21 17:54:46', '2021-04-05 17:34:56'),
(151, 30, 40, 529, 10, 10, 44, 28, 350, 9800, 0, 0, NULL, 5, NULL, '2021-03-21 17:54:46', '2021-04-05 17:34:56'),
(152, 47, 28, 419, 1, 1, 75, 600, 120, 72000, 0, 0, NULL, 5, NULL, '2021-03-21 18:21:21', '2021-04-05 17:34:56'),
(153, 39, 33, 539, 1, 1, 44, 190, 2, 380, 0, 0, NULL, 5, NULL, '2021-03-21 20:28:51', '2021-04-05 17:34:56'),
(156, 36, 28, 395, 1, 1, 203, 416.67, 18, 7500.06, 0, 0, NULL, 5, NULL, '2021-03-21 22:28:12', '2021-04-05 17:34:56'),
(157, 36, 28, 384, 1, 1, 203, 270, 30, 8100, 0, 0, NULL, 5, NULL, '2021-03-21 22:28:12', '2021-04-05 17:34:56'),
(158, 48, 42, 538, 1, 1, 144, 1.9, 200, 380, 0, 0, NULL, 5, NULL, '2021-03-21 22:48:06', '2021-04-05 17:34:56'),
(174, 50, 30, 500, 1, 1, 43, 528, 6, 3168, 0, 0, NULL, 5, NULL, '2021-03-23 01:53:20', '2021-04-05 17:34:56'),
(175, 50, 30, 501, 1, 1, 43, 612, 6, 3672, 0, 0, NULL, 5, NULL, '2021-03-23 01:53:20', '2021-04-05 17:34:56'),
(185, 49, 28, 479, 1, 1, 2, 514.79, 21, 10810.59, 0, 0, NULL, 5, NULL, '2021-03-23 18:39:11', '2021-04-05 17:34:56'),
(186, 49, 28, 476, 1, 1, 2, 371, 19, 7049, 0, 0, NULL, 5, NULL, '2021-03-23 18:39:11', '2021-04-05 17:34:56'),
(187, 49, 28, 356, 1, 1, 2, 520.11, 9, 4680.99, 0, 0, NULL, 5, NULL, '2021-03-23 18:39:11', '2021-04-05 17:34:56'),
(188, 49, 28, 353, 1, 1, 2, 710.64, 100, 71064, 0, 0, NULL, 5, NULL, '2021-03-23 18:39:11', '2021-04-05 17:34:56'),
(189, 49, 28, 355, 1, 1, 2, 455.09, 9, 4095.81, 0, 0, NULL, 5, NULL, '2021-03-23 18:39:11', '2021-04-05 17:34:56'),
(190, 49, 28, 487, 1, 1, 2, 279.62, 54, 15099.48, 0, 0, NULL, 5, NULL, '2021-03-23 18:39:11', '2021-04-05 17:34:56'),
(193, 51, 30, 500, 1, 1, 43, 528, 62, 32736, 0, 0, NULL, 5, NULL, '2021-03-23 21:02:31', '2021-04-05 17:34:56'),
(194, 51, 30, 501, 1, 1, 43, 612, 11, 6732, 0, 0, NULL, 5, NULL, '2021-03-23 21:02:31', '2021-04-05 17:34:56'),
(196, 53, 32, 370, 10, 10, 43, 4.5, 2150, 9675, 0, 0, NULL, 5, NULL, '2021-03-24 21:21:32', '2021-04-05 17:34:56'),
(197, 53, 32, 370, 10, 10, 43, 4.7, 2150, 10105, 0, 0, NULL, 5, NULL, '2021-03-24 21:21:32', '2021-04-05 17:34:56'),
(201, 56, 32, 370, 10, 10, 137, 4.2, 10750, 45150, 0, 0, NULL, 5, NULL, '2021-03-25 23:56:49', '2021-04-05 17:34:56'),
(202, 57, 28, 444, 1, 1, 2, 750, 1, 750, 0, 0, NULL, 5, NULL, '2021-03-26 00:04:01', '2021-04-05 17:34:56'),
(203, 57, 28, 445, 1, 1, 2, 750, 3, 2250, 0, 0, NULL, 5, NULL, '2021-03-26 00:04:01', '2021-04-05 17:34:56'),
(204, 55, 28, 477, 1, 1, 76, 427.8, 131, 56041.8, 0, 0, NULL, 5, NULL, '2021-03-26 00:04:58', '2021-04-05 17:34:56'),
(205, 54, 38, 365, 1, 1, 73, 230, 3, 690, 0, 0, NULL, 5, NULL, '2021-03-26 00:05:25', '2021-04-05 17:34:56'),
(206, 52, 30, 548, 1, 1, 117, 528, 4, 2112, 0, 0, NULL, 5, NULL, '2021-03-26 00:06:23', '2021-04-05 17:34:56'),
(207, 31, 32, 370, 10, 10, 117, 4.9, 1634, 8006.6, 0, 0, NULL, 5, NULL, '2021-03-26 00:07:46', '2021-04-05 17:34:56'),
(208, 46, 41, 541, 13, 13, 120, 52, 239, 12428, 0, 0, NULL, 5, NULL, '2021-03-26 00:08:35', '2021-04-05 17:34:56'),
(209, 46, 41, 542, 13, 13, 120, 48, 150, 7200, 0, 0, NULL, 5, NULL, '2021-03-26 00:08:35', '2021-04-05 17:34:56'),
(210, 58, 28, 378, 1, 1, 75, 169.17, 12, 2030.04, 0, 0, NULL, 5, NULL, '2021-03-26 00:13:22', '2021-04-05 17:34:56'),
(211, 58, 28, 380, 1, 1, 75, 225.56, 18, 4060.08, 0, 0, NULL, 5, NULL, '2021-03-26 00:13:22', '2021-04-05 17:34:56'),
(212, 58, 28, 393, 1, 1, 75, 341.67, 36, 12300.12, 0, 0, NULL, 5, NULL, '2021-03-26 00:13:22', '2021-04-05 17:34:56'),
(213, 59, 28, 477, 1, 1, 76, 427.8, 135, 57753, 0, 0, NULL, 5, NULL, '2021-03-26 00:16:33', '2021-04-05 17:34:56'),
(214, 59, 28, 479, 1, 1, 76, 541.43, 70, 37900.1, 0, 0, NULL, 5, NULL, '2021-03-26 00:16:33', '2021-04-05 17:34:56'),
(250, 61, 40, 520, 10, 10, 2, 28, 180, 5040, 0, 0, NULL, 5, NULL, '2021-03-26 01:32:29', '2021-04-05 17:34:56'),
(251, 61, 40, 525, 10, 10, 2, 28, 180, 5040, 0, 0, NULL, 5, NULL, '2021-03-26 01:32:29', '2021-04-05 17:34:56'),
(252, 61, 40, 526, 10, 10, 2, 28, 350, 9800, 0, 0, NULL, 5, NULL, '2021-03-26 01:32:29', '2021-04-05 17:34:56'),
(253, 61, 40, 528, 10, 10, 2, 28, 1080, 30240, 0, 0, NULL, 5, NULL, '2021-03-26 01:32:29', '2021-04-05 17:34:56'),
(254, 61, 40, 529, 10, 10, 2, 28, 350, 9800, 0, 0, NULL, 5, NULL, '2021-03-26 01:32:29', '2021-04-05 17:34:56'),
(255, 61, 41, 530, 13, 13, 2, 75.34, 150, 11301, 0, 0, NULL, 5, NULL, '2021-03-26 01:32:29', '2021-04-05 17:34:56'),
(256, 61, 40, 544, 10, 10, 2, 38, 0.5, 19, 0, 0, NULL, 5, NULL, '2021-03-26 01:32:29', '2021-04-05 17:34:56'),
(257, 60, 40, 543, 10, 10, 44, 38, 165, 6270, 0, 0, NULL, 5, NULL, '2021-03-26 01:39:51', '2021-04-05 17:34:56'),
(258, 60, 40, 544, 10, 10, 44, 38, 227.5, 8645, 0, 0, NULL, 5, NULL, '2021-03-26 01:39:51', '2021-04-05 17:34:56'),
(259, 60, 40, 545, 10, 10, 44, 38, 40, 1520, 0, 0, NULL, 5, NULL, '2021-03-26 01:39:51', '2021-04-05 17:34:56'),
(260, 60, 40, 547, 10, 10, 44, 38, 75, 2850, 0, 0, NULL, 5, NULL, '2021-03-26 01:39:51', '2021-04-05 17:34:56'),
(261, 60, 40, 544, 10, 10, 44, 38, 0.5, 19, 0, 0, NULL, 5, NULL, '2021-03-26 01:39:51', '2021-04-05 17:34:56'),
(262, 60, 40, 525, 10, 10, 44, 28, 75, 2100, 0, 0, NULL, 5, NULL, '2021-03-26 01:39:51', '2021-04-05 17:34:56'),
(263, 60, 40, 526, 10, 10, 44, 28, 157.5, 4410, 0, 0, NULL, 5, NULL, '2021-03-26 01:39:51', '2021-04-05 17:34:56'),
(264, 60, 40, 527, 10, 10, 44, 28, 40, 1120, 0, 0, NULL, 5, NULL, '2021-03-26 01:39:51', '2021-04-05 17:34:56'),
(265, 60, 40, 528, 10, 10, 44, 28, 135, 3780, 0, 0, NULL, 5, NULL, '2021-03-26 01:39:51', '2021-04-05 17:34:56'),
(266, 60, 40, 529, 10, 10, 44, 28, 175, 4900, 0, 0, NULL, 5, NULL, '2021-03-26 01:39:51', '2021-04-05 17:34:56'),
(267, 62, 28, 449, 1, 1, 76, 560, 87, 48720, 0, 0, NULL, 5, NULL, '2021-03-27 23:01:45', '2021-04-05 17:34:56'),
(268, 62, 28, 450, 1, 1, 76, 654, 75, 49050, 0, 0, NULL, 5, NULL, '2021-03-27 23:01:45', '2021-04-05 17:34:56'),
(269, 62, 28, 451, 1, 1, 76, 748, 131, 97988, 0, 0, NULL, 5, NULL, '2021-03-27 23:01:45', '2021-04-05 17:34:56'),
(270, 62, 28, 452, 1, 1, 76, 838, 117, 98046, 0, 0, NULL, 5, NULL, '2021-03-27 23:01:45', '2021-04-05 17:34:56'),
(271, 62, 28, 453, 1, 1, 76, 933, 210, 195930, 0, 0, NULL, 5, NULL, '2021-03-27 23:01:45', '2021-04-05 17:34:56'),
(272, 62, 28, 455, 1, 1, 76, 1127, 175, 197225, 0, 0, NULL, 5, NULL, '2021-03-27 23:01:45', '2021-04-05 17:34:56'),
(273, 62, 28, 456, 1, 1, 76, 597, 87, 51939, 0, 0, NULL, 5, NULL, '2021-03-27 23:01:45', '2021-04-05 17:34:56'),
(274, 62, 28, 457, 1, 1, 76, 697, 150, 104550, 0, 0, NULL, 5, NULL, '2021-03-27 23:01:45', '2021-04-05 17:34:56'),
(275, 62, 28, 458, 1, 1, 76, 798, 262, 209076, 0, 0, NULL, 5, NULL, '2021-03-27 23:01:45', '2021-04-05 17:34:56'),
(276, 62, 28, 459, 1, 1, 76, 893, 234, 208962, 0, 0, NULL, 5, NULL, '2021-03-27 23:01:45', '2021-04-05 17:34:56'),
(277, 62, 28, 460, 1, 1, 76, 995, 210, 208950, 0, 0, NULL, 5, NULL, '2021-03-27 23:01:45', '2021-04-05 17:34:56'),
(278, 23, 28, 355, 1, 1, 43, 455.09, 192, 87377.28, 0, 0, NULL, 5, NULL, '2021-03-27 23:18:49', '2021-04-05 17:34:56'),
(279, 23, 28, 356, 1, 1, 43, 520.11, 336, 174756.96, 0, 0, NULL, 5, NULL, '2021-03-27 23:18:49', '2021-04-05 17:34:56'),
(280, 23, 28, 357, 1, 1, 43, 586.43, 149, 87378.07, 0, 0, NULL, 5, NULL, '2021-03-27 23:18:49', '2021-04-05 17:34:56'),
(281, 23, 28, 349, 1, 1, 43, 425.12, 224, 95226.88, 0, 0, NULL, 5, NULL, '2021-03-27 23:18:49', '2021-04-05 17:34:56'),
(282, 23, 28, 350, 1, 1, 43, 496, 192, 95232, 0, 0, NULL, 5, NULL, '2021-03-27 23:18:49', '2021-04-05 17:34:56'),
(283, 23, 28, 351, 1, 1, 43, 567, 168, 95256, 0, 0, NULL, 5, NULL, '2021-03-27 23:18:49', '2021-04-05 17:34:56'),
(284, 23, 28, 352, 1, 1, 43, 639.1, 298, 190451.8, 0, 0, NULL, 5, NULL, '2021-03-27 23:18:49', '2021-04-05 17:34:56'),
(285, 23, 28, 353, 1, 1, 43, 711, 268, 190548, 0, 0, NULL, 5, NULL, '2021-03-27 23:18:49', '2021-04-05 17:34:56'),
(286, 23, 28, 345, 1, 1, 43, 579.3, 75, 43447.5, 0, 0, NULL, 5, NULL, '2021-03-27 23:18:49', '2021-04-05 17:34:56'),
(287, 23, 28, 347, 1, 1, 43, 743, 117, 86931, 0, 0, NULL, 5, NULL, '2021-03-27 23:18:49', '2021-04-05 17:34:56'),
(288, 23, 28, 348, 1, 1, 43, 827.5, 210, 173775, 0, 0, NULL, 5, NULL, '2021-03-27 23:18:49', '2021-04-05 17:34:56'),
(289, 29, 32, 370, 10, 10, 45, 4.1, 1053.5, 4319.35, 0, 0, NULL, 5, NULL, '2021-03-27 23:19:22', '2021-04-05 17:34:56'),
(290, 63, 40, 547, 10, 10, 44, 38, 150, 5700, 0, 0, NULL, 5, NULL, '2021-03-29 18:53:47', '2021-04-05 17:34:56'),
(291, 64, 28, 420, 1, 1, 75, 671.64, 5, 3358.2, 0, 0, NULL, 5, NULL, '2021-03-29 21:52:05', '2021-04-05 17:34:56'),
(293, 65, 32, 364, 10, 10, 137, 5.2, 10750, 55900, 0, 0, NULL, 1, NULL, '2021-04-05 17:35:39', NULL);

-- --------------------------------------------------------

--
-- Table structure for table `branches`
--

CREATE TABLE `branches` (
  `id` bigint(20) UNSIGNED NOT NULL,
  `name` varchar(255) COLLATE utf8_unicode_ci NOT NULL,
  `description` text COLLATE utf8_unicode_ci DEFAULT NULL,
  `created_by` bigint(20) UNSIGNED DEFAULT NULL,
  `updated_by` bigint(20) UNSIGNED DEFAULT NULL,
  `created_at` timestamp NULL DEFAULT NULL,
  `updated_at` timestamp NULL DEFAULT NULL
) ENGINE=InnoDB DEFAULT CHARSET=utf8 COLLATE=utf8_unicode_ci;

-- --------------------------------------------------------

--
-- Table structure for table `categories`
--

CREATE TABLE `categories` (
  `id` bigint(20) UNSIGNED NOT NULL,
  `name` varchar(255) COLLATE utf8mb4_unicode_ci NOT NULL,
  `status` tinyint(4) NOT NULL COMMENT '1=active 0=inactive',
  `branch_id` bigint(20) UNSIGNED DEFAULT NULL,
  `created_by` bigint(20) UNSIGNED DEFAULT NULL,
  `updated_by` bigint(20) UNSIGNED DEFAULT NULL,
  `created_at` timestamp NULL DEFAULT NULL,
  `updated_at` timestamp NULL DEFAULT NULL
) ENGINE=InnoDB DEFAULT CHARSET=utf8mb4 COLLATE=utf8mb4_unicode_ci;

--
-- Dumping data for table `categories`
--

INSERT INTO `categories` (`id`, `name`, `status`, `branch_id`, `created_by`, `updated_by`, `created_at`, `updated_at`) VALUES
(17, 'PHP Arabian Horse Super', 1, NULL, 5, NULL, '2021-03-08 19:37:12', '2021-03-08 19:37:12'),
(18, 'Abul Khair Steel', 1, NULL, 5, NULL, '2021-03-08 19:37:30', '2021-03-08 19:37:30'),
(19, 'Aramit Limited', 1, NULL, 5, NULL, '2021-03-08 19:37:45', '2021-03-08 19:37:45'),
(20, 'Jumbolene', 1, NULL, 5, NULL, '2021-03-08 19:38:07', '2021-03-08 19:38:07'),
(21, 'Hunter', 1, NULL, 5, 5, '2021-03-08 19:38:15', '2021-03-08 19:38:35'),
(22, 'Anowar Cement Sheet', 1, NULL, 5, NULL, '2021-03-08 21:11:13', '2021-03-08 21:11:13'),
(23, 'T.k Group', 1, NULL, 5, NULL, '2021-03-09 01:22:36', '2021-03-09 01:22:36'),
(24, 'Jalalabad', 1, NULL, 5, NULL, '2021-03-12 22:55:40', '2021-03-12 22:55:40'),
(25, 'Ky Steel', 1, NULL, 5, NULL, '2021-03-12 22:56:04', '2021-03-12 22:56:04'),
(26, 'Kengaro Austaliya', 1, NULL, 5, NULL, '2021-03-12 22:56:30', '2021-03-12 22:56:30'),
(27, 'Real Fiber', 1, NULL, 5, 5, '2021-03-16 23:53:28', '2021-03-16 23:54:07'),
(28, 'Affan Fiber', 1, NULL, 5, NULL, '2021-03-16 23:55:03', '2021-03-16 23:55:03'),
(29, 'Bismillah Fiber', 1, NULL, 5, NULL, '2021-03-16 23:55:24', '2021-03-16 23:55:24'),
(30, 'RFL', 1, NULL, 5, NULL, '2021-03-20 21:17:39', '2021-03-20 21:17:39'),
(31, 'Local', 1, NULL, 5, NULL, '2021-03-20 21:22:33', '2021-03-20 21:22:33');

-- --------------------------------------------------------

--
-- Table structure for table `customers`
--

CREATE TABLE `customers` (
  `id` bigint(20) UNSIGNED NOT NULL,
  `name` varchar(255) COLLATE utf8mb4_unicode_ci NOT NULL,
  `phone` text COLLATE utf8mb4_unicode_ci DEFAULT NULL,
  `email` text COLLATE utf8mb4_unicode_ci DEFAULT NULL,
  `address` text COLLATE utf8mb4_unicode_ci DEFAULT NULL,
  `nid_number` text COLLATE utf8mb4_unicode_ci DEFAULT NULL,
  `image` text COLLATE utf8mb4_unicode_ci DEFAULT NULL,
  `alternative_contact` text COLLATE utf8mb4_unicode_ci DEFAULT NULL,
  `contact_type` tinyint(4) NOT NULL COMMENT '0= customer 1= Supplier 2= Employee 3= Reference',
  `joining_date` date DEFAULT NULL,
  `designation` varchar(255) COLLATE utf8mb4_unicode_ci DEFAULT NULL,
  `salary` double DEFAULT NULL,
  `user_id` bigint(20) UNSIGNED DEFAULT NULL,
  `branch_id` bigint(20) UNSIGNED DEFAULT NULL,
  `opening_balance` double DEFAULT NULL,
  `created_by` bigint(20) UNSIGNED DEFAULT NULL,
  `updated_by` bigint(20) UNSIGNED DEFAULT NULL,
  `created_at` timestamp NULL DEFAULT NULL,
  `updated_at` timestamp NULL DEFAULT NULL
) ENGINE=InnoDB DEFAULT CHARSET=utf8mb4 COLLATE=utf8mb4_unicode_ci;

--
-- Dumping data for table `customers`
--

INSERT INTO `customers` (`id`, `name`, `phone`, `email`, `address`, `nid_number`, `image`, `alternative_contact`, `contact_type`, `joining_date`, `designation`, `salary`, `user_id`, `branch_id`, `opening_balance`, `created_by`, `updated_by`, `created_at`, `updated_at`) VALUES
(1, 'Walk-In Customer', NULL, NULL, NULL, NULL, NULL, NULL, 0, '2021-01-03', NULL, NULL, NULL, NULL, NULL, 1, NULL, '2021-01-03 07:38:36', '2021-01-03 07:38:36'),
(2, 'Walk-In Supplier', NULL, NULL, NULL, NULL, NULL, NULL, 1, '2021-01-03', NULL, NULL, NULL, NULL, NULL, 1, NULL, '2021-01-03 07:38:49', '2021-01-03 07:38:49'),
(42, 'MA Steel', '01673833437', NULL, 'Nayabazar', NULL, NULL, '01916754057', 1, '2021-03-08', NULL, NULL, NULL, NULL, NULL, 5, 5, '2021-03-08 19:21:53', '2021-03-09 17:40:25'),
(43, 'Zaman & Sons', '01711136255', NULL, 'Nayabazar', NULL, NULL, '01611648014', 1, '2021-03-08', NULL, NULL, NULL, NULL, NULL, 5, 5, '2021-03-08 19:22:29', '2021-03-09 17:38:57'),
(44, 'Real Trading', '01701323170', NULL, 'Nayabazar', NULL, NULL, '01701323169', 1, '2021-03-08', NULL, NULL, NULL, NULL, NULL, 5, 5, '2021-03-08 19:23:05', '2021-03-09 18:03:05'),
(45, 'J.A.M Enterprise', '01911354067', NULL, 'Nayabazar', NULL, NULL, '01742307467', 1, '2021-03-08', NULL, NULL, NULL, NULL, NULL, 5, 5, '2021-03-08 19:23:43', '2021-03-09 17:44:19'),
(46, 'KhanTraders', '01715415657', NULL, 'Badda', NULL, NULL, NULL, 0, '2021-03-08', NULL, NULL, NULL, NULL, NULL, 5, 5, '2021-03-08 19:24:16', '2021-03-09 19:29:50'),
(47, 'Sonali Steel', '01620539840', NULL, 'Sipahibag', NULL, NULL, '01713004195', 0, '2021-03-08', NULL, NULL, NULL, NULL, NULL, 5, 5, '2021-03-08 19:24:31', '2021-03-09 22:50:53'),
(48, 'Anowar Traders', '01817106236', NULL, 'Rohitpur', NULL, NULL, NULL, 0, '2021-03-08', NULL, NULL, NULL, NULL, NULL, 5, 5, '2021-03-08 19:24:45', '2021-03-09 19:07:18'),
(49, 'Abdullah Khan Rasel', NULL, NULL, NULL, NULL, NULL, NULL, 2, '1970-01-01', NULL, NULL, NULL, NULL, NULL, 5, 5, '2021-03-08 19:25:31', '2021-03-16 01:49:03'),
(50, 'Mahfuz Alam', '01997344445', NULL, 'Comilla', NULL, NULL, '01813235198', 2, '2008-02-01', 'Manager', 17000, NULL, NULL, NULL, 5, 5, '2021-03-08 19:25:41', '2021-03-09 22:38:10'),
(51, 'M.A. Sohel Rana', '01315681359', NULL, 'Chittagong', NULL, NULL, '01832288358', 2, '2018-04-01', 'Manager', 16500, NULL, NULL, NULL, 5, 5, '2021-03-08 19:26:01', '2021-03-09 22:47:34'),
(52, 'Shafayet Alam Khoka', '01944652105', NULL, 'Lexmipur', NULL, NULL, '01997645275', 2, '2021-03-08', 'Laber', 8000, NULL, NULL, NULL, 5, 5, '2021-03-08 19:26:18', '2021-03-09 22:46:54'),
(53, 'Abu Taher', '01978423095', NULL, 'Lexmipur', NULL, NULL, '01759423095', 2, '2021-03-08', 'Laber', 3000, NULL, NULL, NULL, 5, 5, '2021-03-08 19:26:25', '2021-03-09 22:46:37'),
(54, 'Yttadi Enterprice', NULL, NULL, 'Nondipara', NULL, NULL, NULL, 0, '2021-03-08', NULL, NULL, NULL, NULL, NULL, 5, 5, '2021-03-08 21:17:08', '2021-03-12 23:10:40'),
(55, 'Aminul Hoque', '01676930860', NULL, 'Kawran Bazar', NULL, NULL, NULL, 0, '2021-03-08', NULL, NULL, NULL, NULL, NULL, 5, 5, '2021-03-08 21:17:41', '2021-03-09 19:05:59'),
(56, 'Abdur Rab Bepari', '01718187472', NULL, 'Baligaw', NULL, NULL, NULL, 0, '2021-03-08', NULL, NULL, NULL, NULL, NULL, 5, 5, '2021-03-08 21:18:13', '2021-03-09 22:23:25'),
(57, 'Tofazzal Beg', NULL, NULL, 'lohojong', NULL, NULL, NULL, 0, '2021-03-08', NULL, NULL, NULL, NULL, NULL, 5, 5, '2021-03-08 21:18:32', '2021-03-12 23:10:19'),
(58, 'Basar Enterprice', NULL, NULL, 'Malionko Bazar', NULL, NULL, NULL, 0, '2021-03-08', NULL, NULL, NULL, NULL, NULL, 5, 5, '2021-03-08 21:18:55', '2021-03-12 23:09:52'),
(59, 'Haji Abdur Rab', '01923923788', NULL, 'Curain', NULL, NULL, NULL, 0, '2021-03-08', NULL, NULL, NULL, NULL, NULL, 5, 5, '2021-03-08 21:19:21', '2021-03-09 19:28:29'),
(60, 'Buriganga Steel', '01713042457', NULL, 'Hasnabad', NULL, NULL, NULL, 0, '2021-03-08', NULL, NULL, NULL, NULL, NULL, 5, 5, '2021-03-08 21:19:53', '2021-03-09 22:07:56'),
(61, 'Henolux', NULL, NULL, 'Kornofully', NULL, NULL, NULL, 0, '2021-03-08', NULL, NULL, NULL, NULL, NULL, 5, 5, '2021-03-08 21:20:09', '2021-03-12 23:09:20'),
(62, 'Badol Enterprice', '01552416827', NULL, 'Nondipara', NULL, NULL, NULL, 0, '2021-03-08', NULL, NULL, NULL, NULL, NULL, 5, 5, '2021-03-08 21:20:27', '2021-03-09 19:10:01'),
(63, 'Shamsul Al Amin', NULL, NULL, 'Gazipur', NULL, NULL, NULL, 0, '2021-03-08', NULL, NULL, NULL, NULL, NULL, 5, 5, '2021-03-08 21:20:52', '2021-03-12 23:09:00'),
(64, 'Sattar Metal', NULL, NULL, 'Jattrabari', NULL, NULL, NULL, 0, '2021-03-08', NULL, NULL, NULL, NULL, NULL, 5, 5, '2021-03-08 21:21:08', '2021-03-09 23:02:27'),
(65, 'Noman Hardware', NULL, NULL, NULL, NULL, NULL, NULL, 0, '2021-03-08', NULL, NULL, NULL, NULL, NULL, 5, NULL, '2021-03-08 21:21:29', '2021-03-08 21:21:29'),
(66, 'Sharif Uddin Beg', NULL, NULL, 'Gulbag', NULL, NULL, NULL, 0, '2021-03-08', NULL, NULL, NULL, NULL, NULL, 5, 5, '2021-03-08 21:21:48', '2021-03-12 23:08:32'),
(67, 'Prime Park Hotel', NULL, NULL, 'Coxbazar', NULL, NULL, NULL, 0, '2021-03-08', NULL, NULL, NULL, NULL, NULL, 5, NULL, '2021-03-08 21:22:29', '2021-03-08 21:22:29'),
(68, 'Akash Group', NULL, NULL, NULL, NULL, NULL, NULL, 0, '2021-03-08', NULL, NULL, NULL, NULL, NULL, 5, NULL, '2021-03-08 21:22:52', '2021-03-08 21:22:52'),
(69, 'Jungbo Maltimode ltd', NULL, NULL, 'Tejga', NULL, NULL, NULL, 0, '2021-03-08', NULL, NULL, NULL, NULL, NULL, 5, NULL, '2021-03-08 21:23:43', '2021-03-08 21:23:43'),
(70, 'Hossin Trades', '01957951880', NULL, 'Rampura', NULL, NULL, NULL, 0, '2021-03-08', NULL, NULL, NULL, NULL, NULL, 5, 5, '2021-03-08 21:24:10', '2021-03-09 22:06:28'),
(71, 'Dipo', NULL, NULL, 'Shantinagor', NULL, NULL, NULL, 0, '2021-03-08', NULL, NULL, NULL, NULL, NULL, 5, 5, '2021-03-08 21:24:24', '2021-03-12 23:07:23'),
(72, 'Asset Deplapment &Holding ltd', '01713098406', NULL, 'Gulshan', NULL, NULL, '01726551414', 0, '2021-03-08', NULL, NULL, NULL, NULL, NULL, 5, 5, '2021-03-08 21:24:50', '2021-03-09 19:08:43'),
(73, 'Azimuddin & Sons', '01819296728', NULL, 'Nayabazar', NULL, NULL, '01748945001', 1, '2021-03-08', NULL, NULL, NULL, NULL, NULL, 5, 5, '2021-03-08 21:26:10', '2021-03-09 18:55:43'),
(74, 'Salim Trading', '01914275468', NULL, 'Nayabazar', NULL, NULL, '0172964760', 1, '2021-03-08', NULL, NULL, NULL, NULL, NULL, 5, 5, '2021-03-08 21:26:49', '2021-03-09 03:05:05'),
(75, 'Parjoar Traders', '01711421620', NULL, 'Nayabazar', NULL, NULL, '01711530636', 1, '2021-03-08', NULL, NULL, NULL, NULL, NULL, 5, 5, '2021-03-08 21:27:16', '2021-03-09 18:04:27'),
(76, 'Norsindi Steel', '01717643511', NULL, 'Nayabazar', NULL, NULL, '0257314178', 1, '2021-03-08', NULL, NULL, NULL, NULL, NULL, 5, 5, '2021-03-08 21:27:37', '2021-03-09 17:47:48'),
(77, 'Abdul Jabber & Sons', '01819830861', NULL, 'Nayabazar', NULL, NULL, '01922595516', 1, '2021-03-08', NULL, NULL, NULL, NULL, NULL, 5, 5, '2021-03-08 21:28:14', '2021-03-09 03:03:03'),
(78, 'Zannat Enterprice', '01711372715', NULL, 'Nayabazar', NULL, NULL, '01869858703', 1, '2021-03-08', NULL, NULL, NULL, NULL, NULL, 5, 5, '2021-03-08 21:28:34', '2021-03-09 03:02:07'),
(79, 'MA Steel', '01673833437', NULL, 'Nayabazar', NULL, NULL, '01916754057', 0, '2021-03-08', NULL, NULL, NULL, NULL, NULL, 5, 5, '2021-03-08 22:27:57', '2021-03-09 18:57:56'),
(80, 'Zaman & Sons', '01711648014', NULL, 'Nayabazar', NULL, NULL, '01611648014', 0, '2021-03-08', NULL, NULL, NULL, NULL, NULL, 5, 5, '2021-03-08 22:28:06', '2021-03-09 00:51:15'),
(81, 'Real Trading', '01712167565', NULL, 'Nayabazar', NULL, NULL, '01740915371', 0, '2021-03-08', NULL, NULL, NULL, NULL, NULL, 5, 5, '2021-03-08 22:28:17', '2021-03-09 00:50:37'),
(82, 'J.A.M Enterprise', '01911354067', NULL, 'Nayabazar', NULL, NULL, '01742307467', 0, '2021-03-08', NULL, NULL, NULL, NULL, NULL, 5, 5, '2021-03-08 22:28:32', '2021-03-09 18:56:18'),
(83, 'Azimuddin & Sons', '01819296728', NULL, 'Nayabazar', NULL, NULL, '01748945001', 0, '2021-03-08', NULL, NULL, NULL, NULL, NULL, 5, 5, '2021-03-08 22:28:44', '2021-03-09 18:55:26'),
(84, 'Salim Trading', '01914275468', NULL, 'Nayabazar', NULL, NULL, '0172964760', 0, '2021-03-08', NULL, NULL, NULL, NULL, NULL, 5, 5, '2021-03-08 22:28:53', '2021-03-09 00:42:39'),
(85, 'Parjoar Traders', '01711421620', NULL, 'Nayabazar', NULL, NULL, '01711530636', 0, '2021-03-08', NULL, NULL, NULL, NULL, NULL, 5, 5, '2021-03-08 22:29:02', '2021-03-09 18:37:28'),
(86, 'Norsindi Steel', '01717643511', NULL, 'Nayabazar', NULL, NULL, NULL, 0, '2021-03-08', NULL, NULL, NULL, NULL, NULL, 5, 5, '2021-03-08 22:29:13', '2021-03-09 00:40:47'),
(87, 'Kamal & Brothers', '01746641275', NULL, 'Nayabazar', NULL, NULL, '01964228771', 0, '2021-03-08', NULL, NULL, NULL, NULL, NULL, 5, 5, '2021-03-08 22:29:24', '2021-03-20 18:44:27'),
(88, 'Zannat Enterprice', '01711372715', NULL, 'Nayabazar', NULL, NULL, '01869858703', 0, '2021-03-08', NULL, NULL, NULL, NULL, NULL, 5, 5, '2021-03-08 22:29:36', '2021-03-09 18:35:30'),
(89, 'Abdul Jabber & Sons', '0257313185', NULL, 'Nayabazar', NULL, NULL, '01922595516', 0, '2021-03-08', NULL, NULL, NULL, NULL, NULL, 5, 5, '2021-03-09 00:16:25', '2021-03-09 18:36:00'),
(90, 'Nazrul & Brathers', '01915859561', NULL, 'Nayabazar', NULL, NULL, '01711592348', 0, '2021-03-08', NULL, NULL, NULL, NULL, NULL, 5, NULL, '2021-03-09 00:39:21', '2021-03-09 00:39:21'),
(91, 'Hossin Brothers', '01711638061', NULL, 'Nayabazar', NULL, NULL, '01711639119', 0, '2021-03-08', NULL, NULL, NULL, NULL, NULL, 5, NULL, '2021-03-09 00:53:24', '2021-03-09 00:53:24'),
(92, 'Affan Faiber Glass', '01817104393', NULL, 'Nayabazar', NULL, NULL, '01916193804', 0, '2021-03-08', NULL, NULL, NULL, NULL, NULL, 5, 5, '2021-03-09 00:54:01', '2021-03-09 22:58:02'),
(93, 'New Bismillah Faiber Glass', '01714754130', NULL, 'Nayabazar', NULL, NULL, '01765005468', 0, '2021-03-08', NULL, NULL, NULL, NULL, NULL, 5, 5, '2021-03-09 00:54:33', '2021-03-09 23:00:29'),
(94, 'Haji Abdul Wadud', NULL, NULL, 'Nayabazar', NULL, NULL, NULL, 0, '2021-03-08', NULL, NULL, NULL, NULL, NULL, 5, NULL, '2021-03-09 00:54:57', '2021-03-09 00:54:57'),
(95, 'HMG Corporation', NULL, NULL, 'Nayabazar', NULL, NULL, NULL, 0, '2021-03-08', NULL, NULL, NULL, NULL, NULL, 5, 5, '2021-03-09 00:55:10', '2021-03-09 01:17:03'),
(96, 'M. I. Steel Corporation', '011715795827', NULL, 'Nayabazar', NULL, NULL, '01712850753', 0, '2021-03-08', NULL, NULL, NULL, NULL, NULL, 5, 5, '2021-03-09 00:55:38', '2021-03-09 18:14:07'),
(97, 'Abdul Hamid & Sons', '01715529051', NULL, 'Nayabazar', NULL, NULL, '01716381868', 0, '2021-03-08', NULL, NULL, NULL, NULL, NULL, 5, 5, '2021-03-09 00:56:05', '2021-03-09 18:34:01'),
(98, 'Abdul Aziz & Sons', '01711682716', NULL, 'Nayabazar', NULL, NULL, '01611682716', 0, '2021-03-08', NULL, NULL, NULL, NULL, NULL, 5, 5, '2021-03-09 00:56:25', '2021-03-09 18:34:42'),
(99, 'Habib & Brothers', '01712008872', NULL, 'Nayabazar', NULL, NULL, '01674793307', 0, '2021-03-08', NULL, NULL, NULL, NULL, NULL, 5, 5, '2021-03-09 00:56:45', '2021-03-09 22:19:28'),
(100, 'Lohojong Enterprice', '01715285414', NULL, 'Nayabazar', NULL, NULL, '029562855', 0, '2021-03-08', NULL, NULL, NULL, NULL, NULL, 5, 5, '2021-03-09 00:57:12', '2021-03-12 23:03:52'),
(101, 'Hoque & Sons', '01933377977', NULL, 'Nayabazar', NULL, NULL, '01923060934', 0, '2021-03-08', NULL, NULL, NULL, NULL, NULL, 5, 5, '2021-03-09 00:58:06', '2021-03-09 18:31:08'),
(102, 'National Trading', '01711009923', NULL, 'Nayabazar', NULL, NULL, NULL, 0, '2021-03-08', NULL, NULL, NULL, NULL, NULL, 5, 5, '2021-03-09 00:58:35', '2021-03-09 23:01:09'),
(103, 'Shah Amanat', '01714298557', NULL, 'Nayabazar', NULL, NULL, '01673501475', 0, '2021-03-08', NULL, NULL, NULL, NULL, NULL, 5, 5, '2021-03-09 00:59:19', '2021-03-09 18:26:38'),
(104, 'Masud Trading', NULL, NULL, 'Nayabazar', NULL, NULL, NULL, 0, '2021-03-08', NULL, NULL, NULL, NULL, NULL, 5, 5, '2021-03-09 00:59:36', '2021-03-09 00:59:46'),
(105, 'Khaido Steel', NULL, NULL, 'Nayabazar', NULL, NULL, NULL, 0, '2021-03-08', NULL, NULL, NULL, NULL, NULL, 5, NULL, '2021-03-09 01:00:21', '2021-03-09 01:00:21'),
(106, 'Aiub & Sons', NULL, NULL, 'Nayabazar', NULL, NULL, NULL, 0, '2021-03-08', NULL, NULL, NULL, NULL, NULL, 5, 5, '2021-03-09 01:01:05', '2021-03-09 19:25:37'),
(107, 'Mordarn Enterprice', NULL, NULL, 'Nayabazar', NULL, NULL, NULL, 0, '2021-03-08', NULL, NULL, NULL, NULL, NULL, 5, 5, '2021-03-09 01:01:44', '2021-03-09 01:03:36'),
(108, 'Hamja Enterprice', '01868731897', NULL, 'Nayabazar', NULL, NULL, '01912698156', 0, '2021-03-08', NULL, NULL, NULL, NULL, NULL, 5, 5, '2021-03-09 01:02:05', '2021-03-09 19:23:04'),
(109, 'Ononna Traders', '01840400400', NULL, 'Nayabazar', NULL, NULL, NULL, 0, '2021-03-08', NULL, NULL, NULL, NULL, NULL, 5, 5, '2021-03-09 01:02:51', '2021-03-09 19:00:17'),
(110, 'Nur Enterprice', NULL, NULL, 'Nayabazar', NULL, NULL, NULL, 0, '2021-03-08', NULL, NULL, NULL, NULL, NULL, 5, NULL, '2021-03-09 01:03:25', '2021-03-09 01:03:25'),
(111, 'Al Amin Trading', NULL, NULL, 'Nayabazar', NULL, NULL, NULL, 0, '2021-03-08', NULL, NULL, NULL, NULL, NULL, 5, NULL, '2021-03-09 01:05:38', '2021-03-09 01:05:38'),
(112, 'Abdul Aziz & Sons', '01711682716', NULL, 'Nayabazar', NULL, NULL, '01611682716', 1, '2021-03-08', NULL, NULL, NULL, NULL, NULL, 5, 5, '2021-03-09 01:10:18', '2021-03-09 17:42:14'),
(113, 'Abdul Hamid & Sons', '01715529051', NULL, 'Nayabazar', NULL, NULL, '01716381868', 1, '2021-03-08', NULL, NULL, NULL, NULL, NULL, 5, 5, '2021-03-09 01:10:28', '2021-03-09 17:43:02'),
(114, 'Affan Faiber Glass', '01817104393', NULL, 'Nayabazar', NULL, NULL, '01916193804', 1, '2021-03-08', NULL, NULL, NULL, NULL, NULL, 5, 5, '2021-03-09 01:11:39', '2021-03-09 17:57:25'),
(115, 'New Bismillah Faiber Glass', '01714754130', NULL, 'Nayabazar', NULL, NULL, '01765005468', 1, '2021-03-08', NULL, NULL, NULL, NULL, NULL, 5, 5, '2021-03-09 01:11:48', '2021-03-09 17:53:58'),
(116, 'Habib & Brothers', '01712008872', NULL, 'Nayabazar', NULL, NULL, '01674793307', 1, '2021-03-08', NULL, NULL, NULL, NULL, NULL, 5, 5, '2021-03-09 01:12:03', '2021-03-09 18:08:04'),
(117, 'Hoque & Sons', '01933377977', NULL, 'Nayabazar', NULL, NULL, '01923060934', 1, '2021-03-08', NULL, NULL, NULL, NULL, NULL, 5, 5, '2021-03-09 01:12:55', '2021-03-09 17:56:14'),
(118, 'M. A. Enterprice', '01745865602', NULL, 'Nayabazar', NULL, NULL, '01720011950', 1, '2021-03-08', NULL, NULL, NULL, NULL, NULL, 5, 5, '2021-03-09 01:13:24', '2021-03-09 18:06:59'),
(119, 'Rajdani trades', '01711524220', NULL, 'Nayabazar', NULL, NULL, '01711227221', 1, '2021-03-08', NULL, NULL, NULL, NULL, NULL, 5, 5, '2021-03-09 01:14:10', '2021-03-09 22:16:48'),
(120, 'Alom Enterprice', '01720173650', NULL, 'Nayabazar', NULL, NULL, '01713629116', 1, '2021-03-08', NULL, NULL, NULL, NULL, NULL, 5, 5, '2021-03-09 01:14:32', '2021-03-09 17:55:08'),
(121, 'Nazrul & Brothers', '01915859561', NULL, 'Nayabazar', NULL, NULL, '01711592348', 1, '2021-03-08', NULL, NULL, NULL, NULL, NULL, 5, 5, '2021-03-09 02:46:58', '2021-03-09 18:28:10'),
(122, 'Shah Amanat', '01714298557', NULL, 'Nayabazar', NULL, NULL, '01673501475', 1, '2021-03-08', NULL, NULL, NULL, NULL, NULL, 5, 5, '2021-03-09 02:47:38', '2021-03-09 02:56:25'),
(123, 'Aramit ltd', '01709651810', NULL, 'Chittagong', NULL, NULL, '01708814006', 1, '2021-03-08', NULL, NULL, NULL, NULL, NULL, 5, 5, '2021-03-09 02:49:33', '2021-03-09 02:50:40'),
(124, 'Faruq & Sons', '01711880503', NULL, 'Nayabazar', NULL, NULL, '01727260317', 0, '2021-03-08', NULL, NULL, NULL, NULL, NULL, 5, 5, '2021-03-09 02:54:17', '2021-03-09 22:18:43'),
(125, 'Faruq & Sons', '01711880503', NULL, 'Nayabazar', NULL, NULL, '01727260317', 1, '2021-03-09', NULL, NULL, NULL, NULL, NULL, 5, 5, '2021-03-09 17:33:28', '2021-03-09 22:16:03'),
(126, 'Nasim Plastic', '01766384052', NULL, 'Motijheel', NULL, NULL, '01715220385', 1, '2021-03-09', NULL, NULL, NULL, NULL, NULL, 5, 5, '2021-03-09 17:51:20', '2021-03-09 17:58:22'),
(127, 'M. I. Steel Corporation', '01715795827', NULL, 'Nayabazar', NULL, NULL, '01712850753', 1, '2021-03-09', NULL, NULL, NULL, NULL, NULL, 5, NULL, '2021-03-09 17:59:54', '2021-03-09 17:59:54'),
(128, 'Hossin Brothers', '01711638061', NULL, 'Nayabazar', NULL, NULL, '01711639119', 1, '2021-03-09', NULL, NULL, NULL, NULL, NULL, 5, NULL, '2021-03-09 18:11:22', '2021-03-09 18:11:22'),
(129, 'Solaiman Enterprice', NULL, NULL, 'Nayabazar', NULL, NULL, NULL, 1, '2021-03-09', NULL, NULL, NULL, NULL, NULL, 5, NULL, '2021-03-09 18:11:45', '2021-03-09 18:11:45'),
(130, 'Nazrul & Brothers', '01915859561', NULL, 'Nayabazar', NULL, NULL, '01711592348', 0, '2021-03-09', NULL, NULL, NULL, NULL, NULL, 5, NULL, '2021-03-09 18:29:01', '2021-03-09 18:29:01'),
(131, 'M. A. Enterprice', '01745865602', NULL, 'Nayabazar', NULL, NULL, '01720011950', 0, '2021-03-09', NULL, NULL, NULL, NULL, NULL, 5, NULL, '2021-03-09 18:30:31', '2021-03-09 18:30:31'),
(132, 'New Bismillah Faiber Glass', '01714754130', NULL, 'Nayabazar', NULL, NULL, '01765005468', 0, '2021-03-09', NULL, NULL, NULL, NULL, NULL, 5, NULL, '2021-03-09 18:32:45', '2021-03-09 18:32:45'),
(133, 'Affan Faiber Glass', '01817104393', NULL, 'Nayabazar', NULL, NULL, '01916193804', 0, '2021-03-09', NULL, NULL, NULL, NULL, NULL, 5, NULL, '2021-03-09 18:33:15', '2021-03-09 18:33:15'),
(134, 'Bismillah Enterprice', '01670819593', NULL, 'Nondipara', NULL, NULL, '01924497071', 0, '2021-03-09', NULL, NULL, NULL, NULL, NULL, 5, 5, '2021-03-09 19:12:23', '2021-03-09 19:13:01'),
(135, 'City Enterprice', '01819151685', NULL, 'Nondipara', NULL, NULL, NULL, 0, '2021-03-09', NULL, NULL, NULL, NULL, NULL, 5, NULL, '2021-03-09 19:19:49', '2021-03-09 19:19:49'),
(136, 'Liton', '01880905432', NULL, 'Banti Bazar', NULL, NULL, NULL, 0, '2021-03-09', NULL, NULL, NULL, NULL, NULL, 5, NULL, '2021-03-09 19:30:57', '2021-03-09 19:30:57'),
(137, 'Jungbo Maltimode ltd', '01730004803', NULL, 'Tejga', NULL, NULL, '0711179052', 1, '2021-03-09', NULL, NULL, NULL, NULL, NULL, 5, 5, '2021-03-09 22:05:28', '2021-03-09 22:52:40'),
(138, 'Mitun Traders', '01715660227', NULL, 'Lalitabari, Sherpur', NULL, NULL, '01953224201', 0, '2021-03-09', NULL, NULL, NULL, NULL, NULL, 5, NULL, '2021-03-09 22:10:40', '2021-03-09 22:10:40'),
(139, 'Mohanagor Steel', '01711646458', NULL, 'Jattrabari', NULL, NULL, NULL, 0, '2021-03-09', NULL, NULL, NULL, NULL, NULL, 5, NULL, '2021-03-09 22:11:42', '2021-03-09 22:11:42'),
(140, 'Padma Steel', '01676563804', NULL, 'Nayabazar', NULL, NULL, NULL, 0, '2021-03-09', NULL, NULL, NULL, NULL, NULL, 5, NULL, '2021-03-09 22:14:58', '2021-03-09 22:14:58'),
(141, 'Sohel & Brothers', '01797585070', NULL, 'Hasnabad', NULL, NULL, NULL, 0, '2021-03-09', NULL, NULL, NULL, NULL, NULL, 5, NULL, '2021-03-09 22:41:57', '2021-03-09 22:41:57'),
(142, 'Desh Bangla', '01916756225', NULL, 'Nayabazar', NULL, NULL, '01795340757', 0, '2021-03-12', NULL, NULL, NULL, NULL, NULL, 5, NULL, '2021-03-12 23:02:50', '2021-03-12 23:02:50'),
(143, 'Desh Bangla', '01916756225', NULL, 'Nayabazar', NULL, NULL, '01795340757', 1, '2021-03-12', NULL, NULL, NULL, NULL, NULL, 5, NULL, '2021-03-12 23:05:16', '2021-03-12 23:05:16'),
(144, 'Iqbql Hardware', NULL, NULL, 'Nayabazar', NULL, NULL, NULL, 1, '2021-03-14', NULL, NULL, NULL, NULL, NULL, 5, 5, '2021-03-14 20:48:35', '2021-03-16 01:54:14'),
(145, 'South East University', NULL, NULL, 'Tejga', NULL, NULL, NULL, 0, NULL, NULL, NULL, NULL, NULL, NULL, 5, NULL, '2021-03-14 22:26:02', '2021-03-14 22:26:02'),
(146, 'Surma Trading', NULL, NULL, 'Nayabazar', NULL, NULL, NULL, 0, NULL, NULL, NULL, NULL, NULL, NULL, 5, NULL, '2021-03-14 22:28:41', '2021-03-14 22:28:41'),
(147, 'Gazi Cement', NULL, NULL, 'Polash, Norsindi', NULL, NULL, NULL, 0, NULL, NULL, NULL, NULL, NULL, NULL, 5, NULL, '2021-03-14 22:30:30', '2021-03-14 22:30:30'),
(148, 'Al Amin', NULL, NULL, 'Meghna', NULL, NULL, NULL, 0, NULL, NULL, NULL, NULL, NULL, NULL, 5, NULL, '2021-03-14 22:31:44', '2021-03-14 22:31:44'),
(149, 'Bangladesh Steel', NULL, NULL, 'Nayabazar', NULL, NULL, NULL, 0, '2021-03-15', NULL, NULL, NULL, NULL, NULL, 5, 5, '2021-03-14 23:15:13', '2021-03-16 01:50:15'),
(150, 'Abdullah Khan Rasel', '01918461193', NULL, 'B.Baria', NULL, NULL, '01311302991', 2, '2013-03-01', 'Manager', 19000, NULL, NULL, NULL, 5, 5, '2021-03-15 19:44:23', '2021-03-17 01:14:16'),
(151, 'Mahfuz Alam', NULL, NULL, NULL, NULL, NULL, NULL, 2, '2021-03-15', NULL, NULL, NULL, NULL, NULL, 5, 5, '2021-03-15 19:52:48', '2021-03-16 01:48:21'),
(152, 'Roni Sarkar', '01858255814', NULL, 'Konakula', NULL, NULL, NULL, 0, NULL, NULL, NULL, NULL, NULL, NULL, 5, NULL, '2021-03-20 18:39:07', '2021-03-20 18:39:07'),
(153, 'Anowar Hossin', '01819181274', NULL, 'Fakiraful T&T Colony', NULL, NULL, NULL, 0, NULL, NULL, NULL, NULL, NULL, NULL, 5, NULL, '2021-03-20 18:50:05', '2021-03-20 18:50:05'),
(154, 'Azmiri Timber', '01917281102', NULL, 'Tenari Mor', NULL, NULL, NULL, 0, '2021-03-20', NULL, NULL, NULL, NULL, NULL, 5, 5, '2021-03-20 18:54:30', '2021-03-20 20:44:44'),
(155, 'Shovo', NULL, NULL, '212 Khilgao', NULL, NULL, NULL, 0, NULL, NULL, NULL, NULL, NULL, NULL, 5, NULL, '2021-03-20 19:02:49', '2021-03-20 19:02:49'),
(156, 'Royel Trading', NULL, NULL, 'Nayabazar', NULL, NULL, NULL, 0, '2021-03-20', NULL, NULL, NULL, NULL, NULL, 5, 5, '2021-03-20 19:04:42', '2021-03-20 19:05:24'),
(157, 'new City Daiing', '01611090961', NULL, 'Lalpur, Futullah', NULL, NULL, NULL, 0, NULL, NULL, NULL, NULL, NULL, NULL, 5, NULL, '2021-03-20 19:12:16', '2021-03-20 19:12:16'),
(158, 'Pronto', '01918847237', NULL, 'West Dolaikhal', NULL, NULL, NULL, 0, NULL, NULL, NULL, NULL, NULL, NULL, 5, NULL, '2021-03-20 19:13:52', '2021-03-20 19:13:52'),
(159, 'Pronto', '01918847237', NULL, 'West Dolaikhal', NULL, NULL, NULL, 0, NULL, NULL, NULL, NULL, NULL, NULL, 5, NULL, '2021-03-20 19:13:56', '2021-03-20 19:13:56'),
(160, 'Comilla Daiing', '01817608547', NULL, 'Shampur', NULL, NULL, NULL, 0, NULL, NULL, NULL, NULL, NULL, NULL, 5, NULL, '2021-03-20 19:16:48', '2021-03-20 19:16:48'),
(161, 'U Tarn', '01913153935', NULL, 'Gazipur', NULL, NULL, NULL, 0, NULL, NULL, NULL, NULL, NULL, NULL, 5, NULL, '2021-03-20 19:18:17', '2021-03-20 19:18:17'),
(162, 'Md. Monir Hossin', NULL, NULL, 'Kamranggir Cor', NULL, NULL, NULL, 0, NULL, NULL, NULL, NULL, NULL, NULL, 5, NULL, '2021-03-20 19:22:13', '2021-03-20 19:22:13'),
(163, 'Sunjo Traders', NULL, NULL, 'LaxmiBazar', NULL, NULL, NULL, 0, NULL, NULL, NULL, NULL, NULL, NULL, 5, NULL, '2021-03-20 23:14:41', '2021-03-20 23:14:41'),
(164, 'Salim', '01684672066', NULL, 'Nababpur', NULL, NULL, NULL, 0, NULL, NULL, NULL, NULL, NULL, NULL, 5, NULL, '2021-03-20 23:17:23', '2021-03-20 23:17:23'),
(165, 'Rashid', NULL, NULL, 'Nayabazar', NULL, NULL, NULL, 0, NULL, NULL, NULL, NULL, NULL, NULL, 5, NULL, '2021-03-20 23:20:59', '2021-03-20 23:20:59'),
(166, 'Afex Hossin Ltd', '01673603651', NULL, 'Savar', NULL, NULL, NULL, 0, NULL, NULL, NULL, NULL, NULL, NULL, 5, NULL, '2021-03-20 23:26:01', '2021-03-20 23:26:01'),
(167, 'Jakkir', '01830475479', NULL, 'Vobercor', NULL, NULL, NULL, 0, NULL, NULL, NULL, NULL, NULL, NULL, 5, NULL, '2021-03-20 23:30:04', '2021-03-20 23:30:04'),
(168, 'Bilkis', '01928460667', NULL, 'Kamranggir cor', NULL, NULL, NULL, 0, NULL, NULL, NULL, NULL, NULL, NULL, 5, NULL, '2021-03-20 23:35:18', '2021-03-20 23:35:18'),
(169, 'Sarzent Ala uddin', '01830000666', NULL, 'Keranigonj', NULL, NULL, NULL, 0, NULL, NULL, NULL, NULL, NULL, NULL, 5, NULL, '2021-03-20 23:39:04', '2021-03-20 23:39:04'),
(170, 'Mahfuz Alam', '01915613131', NULL, 'Motlob Uttor', NULL, NULL, NULL, 0, NULL, NULL, NULL, NULL, NULL, NULL, 5, NULL, '2021-03-20 23:42:49', '2021-03-20 23:42:49'),
(171, 'Abdul Kader', NULL, NULL, '62/63 Jattrabari', NULL, NULL, NULL, 0, NULL, NULL, NULL, NULL, NULL, NULL, 5, NULL, '2021-03-20 23:46:21', '2021-03-20 23:46:21'),
(172, 'Abdur Rahim', NULL, NULL, 'kamranggir cor', NULL, NULL, NULL, 0, NULL, NULL, NULL, NULL, NULL, NULL, 5, NULL, '2021-03-20 23:49:31', '2021-03-20 23:49:31'),
(173, 'Mobarak Traders', NULL, NULL, 'Satarkul Road', NULL, NULL, NULL, 0, NULL, NULL, NULL, NULL, NULL, NULL, 5, NULL, '2021-03-20 23:52:44', '2021-03-20 23:52:44'),
(174, 'Nur Mohammad', NULL, NULL, 'Mirpur', NULL, NULL, NULL, 0, NULL, NULL, NULL, NULL, NULL, NULL, 5, NULL, '2021-03-21 00:06:20', '2021-03-21 00:06:20'),
(175, 'Green Hardware', NULL, NULL, 'Nayabazar', NULL, NULL, NULL, 1, '2021-03-23', NULL, NULL, NULL, NULL, NULL, 5, 5, '2021-03-21 00:30:14', '2021-03-23 20:40:10'),
(176, 'Ibrahim', NULL, NULL, 'Dohar', NULL, NULL, NULL, 0, NULL, NULL, NULL, NULL, NULL, NULL, 5, NULL, '2021-03-21 00:52:10', '2021-03-21 00:52:10'),
(177, 'Alomgir Morshed', '01711453970', NULL, '46/C/2 uttor Maniknagor', NULL, NULL, NULL, 0, NULL, NULL, NULL, NULL, NULL, NULL, 5, NULL, '2021-03-21 00:53:52', '2021-03-21 00:53:52'),
(178, 'Bimol', '01743940943', NULL, 'Jagonnat Hall', NULL, NULL, NULL, 0, NULL, NULL, NULL, NULL, NULL, NULL, 5, NULL, '2021-03-21 00:57:05', '2021-03-21 00:57:05'),
(179, 'Md. Hanif', NULL, NULL, NULL, NULL, NULL, NULL, 0, NULL, NULL, NULL, NULL, NULL, NULL, 5, NULL, '2021-03-21 01:13:08', '2021-03-21 01:13:08'),
(180, 'Md. Rony', '01961673581', NULL, 'kamranggir cor', NULL, NULL, NULL, 0, NULL, NULL, NULL, NULL, NULL, NULL, 5, NULL, '2021-03-21 01:15:22', '2021-03-21 01:15:22'),
(181, 'MA Engineering', NULL, NULL, 'Basabo, Kadomtola', NULL, NULL, NULL, 0, NULL, NULL, NULL, NULL, NULL, NULL, 5, NULL, '2021-03-21 01:26:08', '2021-03-21 01:26:08'),
(182, 'Metro plus', NULL, NULL, 'Kakrail', NULL, NULL, NULL, 0, NULL, NULL, NULL, NULL, NULL, NULL, 5, NULL, '2021-03-21 01:30:20', '2021-03-21 01:30:20'),
(183, 'Jahid', '01918938110', NULL, 'keranigonj', NULL, NULL, NULL, 0, NULL, NULL, NULL, NULL, NULL, NULL, 5, NULL, '2021-03-21 03:06:32', '2021-03-21 03:06:32'),
(184, 'Hoque Trading', NULL, NULL, 'Nayabazar', NULL, NULL, NULL, 0, NULL, NULL, NULL, NULL, NULL, NULL, 5, NULL, '2021-03-21 03:10:18', '2021-03-21 03:10:18'),
(185, 'Md. Sobuj', '01676761208', NULL, '12 No kazi Abdur Ruf Len', NULL, NULL, NULL, 0, NULL, NULL, NULL, NULL, NULL, NULL, 5, NULL, '2021-03-21 03:12:35', '2021-03-21 03:12:35'),
(186, 'Sobuj Enterprice', NULL, NULL, 'Homna', NULL, NULL, NULL, 0, NULL, NULL, NULL, NULL, NULL, NULL, 5, NULL, '2021-03-21 03:15:06', '2021-03-21 03:15:06'),
(187, 'Arif', '01743185983', NULL, 'Srinagor, balasur', NULL, NULL, NULL, 0, NULL, NULL, NULL, NULL, NULL, NULL, 5, NULL, '2021-03-21 03:17:14', '2021-03-21 03:17:14'),
(188, 'Shahin', NULL, NULL, '69 Raj naraion Road', NULL, NULL, NULL, 0, NULL, NULL, NULL, NULL, NULL, NULL, 5, NULL, '2021-03-21 03:20:28', '2021-03-21 03:20:28'),
(189, 'Mahabub Alom', NULL, NULL, 'Purbo badda', NULL, NULL, NULL, 0, NULL, NULL, NULL, NULL, NULL, NULL, 5, NULL, '2021-03-21 03:21:34', '2021-03-21 03:21:34'),
(190, 'Liton Das', '01790123007', NULL, 'Bikrompur', NULL, NULL, NULL, 0, NULL, NULL, NULL, NULL, NULL, NULL, 5, NULL, '2021-03-21 03:25:33', '2021-03-21 03:25:33'),
(191, 'Jahid Uddin', '01749808400', NULL, '29 No poribag', NULL, NULL, NULL, 0, NULL, NULL, NULL, NULL, NULL, NULL, 5, NULL, '2021-03-21 03:26:56', '2021-03-21 03:26:56'),
(192, 'Md. Hridoy', '01871771084', NULL, 'Sayedabad', NULL, NULL, NULL, 0, NULL, NULL, NULL, NULL, NULL, NULL, 5, NULL, '2021-03-21 17:16:18', '2021-03-21 17:16:18'),
(193, 'Alom', '01610696636', NULL, 'Shajahanpur', NULL, NULL, NULL, 0, NULL, NULL, NULL, NULL, NULL, NULL, 5, NULL, '2021-03-21 18:32:21', '2021-03-21 18:32:21'),
(194, 'Salehin Fabrics', '01816540866', NULL, 'Fatulla', NULL, NULL, NULL, 0, NULL, NULL, NULL, NULL, NULL, NULL, 5, NULL, '2021-03-21 18:34:30', '2021-03-21 18:34:30'),
(195, 'Jahid Ahamed', '01687373678', NULL, 'Samadnagor, jatrabari', NULL, NULL, NULL, 0, NULL, NULL, NULL, NULL, NULL, NULL, 5, NULL, '2021-03-21 18:37:17', '2021-03-21 18:37:17'),
(196, 'Jahid Ahamed', '01687373678', NULL, 'Samadnagor, jatrabari', NULL, NULL, NULL, 0, NULL, NULL, NULL, NULL, NULL, NULL, 5, NULL, '2021-03-21 18:37:23', '2021-03-21 18:37:23'),
(197, 'Nazma Rahman', '01712227067, 01911211147', NULL, 'Pangao, Hasnabad', NULL, NULL, NULL, 0, NULL, NULL, NULL, NULL, NULL, NULL, 5, NULL, '2021-03-21 18:41:54', '2021-03-21 18:41:54'),
(198, 'Munna', NULL, NULL, 'manda Chata Mosjid', NULL, NULL, NULL, 0, NULL, NULL, NULL, NULL, NULL, NULL, 5, NULL, '2021-03-21 19:07:49', '2021-03-21 19:07:49'),
(199, 'B. Baria Hardware', '01822922926', NULL, 'Khilgaon', NULL, NULL, NULL, 0, NULL, NULL, NULL, NULL, NULL, NULL, 5, NULL, '2021-03-21 19:12:02', '2021-03-21 19:12:02'),
(200, 'Habib', '01885550991', NULL, 'Islampur', NULL, NULL, NULL, 0, NULL, NULL, NULL, NULL, NULL, NULL, 5, NULL, '2021-03-21 19:16:21', '2021-03-21 19:16:21'),
(201, 'Rafiq Haji', NULL, NULL, 'Moducity', NULL, NULL, NULL, 0, NULL, NULL, NULL, NULL, NULL, NULL, 5, NULL, '2021-03-21 19:24:45', '2021-03-21 19:24:45'),
(202, 'Shahid', '01827777761', NULL, 'khilgaon', NULL, NULL, NULL, 0, NULL, NULL, NULL, NULL, NULL, NULL, 5, NULL, '2021-03-21 20:42:30', '2021-03-21 20:42:30'),
(203, 'National Trading', NULL, NULL, 'Nayabazar', NULL, NULL, NULL, 1, NULL, NULL, NULL, NULL, NULL, NULL, 5, NULL, '2021-03-21 22:28:05', '2021-03-21 22:28:05'),
(204, 'Raton', '01736248979', NULL, 'Abdullahpur', NULL, NULL, NULL, 0, NULL, NULL, NULL, NULL, NULL, NULL, 5, NULL, '2021-03-22 00:29:52', '2021-03-22 00:29:52'),
(205, 'Sahidul Vai / Sujon Vai', '01674046510', NULL, 'West Jurain', NULL, NULL, NULL, 0, NULL, NULL, NULL, NULL, NULL, NULL, 5, NULL, '2021-03-22 17:51:32', '2021-03-22 17:51:32'),
(206, 'Ahsik', '01854169150', NULL, 'Stand Bazar, keranigonj', NULL, NULL, NULL, 0, NULL, NULL, NULL, NULL, NULL, NULL, 5, NULL, '2021-03-22 23:49:59', '2021-03-22 23:49:59'),
(207, 'Riyes', NULL, NULL, '34 No Siddik Bazar', NULL, NULL, NULL, 0, NULL, NULL, NULL, NULL, NULL, NULL, 5, NULL, '2021-03-22 23:52:32', '2021-03-22 23:52:32'),
(208, 'Riyes', NULL, NULL, '34 No Siddik Bazar', NULL, NULL, NULL, 0, NULL, NULL, NULL, NULL, NULL, NULL, 5, NULL, '2021-03-22 23:52:32', '2021-03-22 23:52:32'),
(209, 'Dhuko Mia', NULL, NULL, 'Nayabazar', NULL, NULL, NULL, 0, NULL, NULL, NULL, NULL, NULL, NULL, 5, NULL, '2021-03-22 23:55:46', '2021-03-22 23:55:46'),
(210, 'Saddam', '01916399539', NULL, 'vulta, Ghawciya', NULL, NULL, NULL, 0, NULL, NULL, NULL, NULL, NULL, NULL, 5, NULL, '2021-03-23 02:16:01', '2021-03-23 02:16:01'),
(211, 'Haji Asraf Uddin', '01819212817', NULL, '81/1 Narinda Road', NULL, NULL, NULL, 0, NULL, NULL, NULL, NULL, NULL, NULL, 5, NULL, '2021-03-23 19:30:56', '2021-03-23 19:30:56'),
(212, 'Lohojong Enterprice', '01715285414', NULL, 'Nayabazar', NULL, NULL, '029562855', 1, '2021-03-23', NULL, NULL, NULL, NULL, NULL, 5, NULL, '2021-03-23 20:41:34', '2021-03-23 20:41:34'),
(213, 'Abu Bokkar', NULL, NULL, 'Wajghat', NULL, NULL, NULL, 0, NULL, NULL, NULL, NULL, NULL, NULL, 5, NULL, '2021-03-24 21:11:29', '2021-03-24 21:11:29'),
(214, 'Alhaj Wahid', '01913375356', NULL, '122 Uttor Mukdapara Modina Mosjid', NULL, NULL, NULL, 0, NULL, NULL, NULL, NULL, NULL, NULL, 5, NULL, '2021-03-24 21:13:07', '2021-03-24 21:13:07'),
(215, 'Rejaul', '01733750213', NULL, 'Chor Kajol, Galacipa, Patuakhali', NULL, NULL, NULL, 0, NULL, NULL, NULL, NULL, NULL, NULL, 5, NULL, '2021-03-24 21:16:11', '2021-03-24 21:16:11'),
(216, 'Md. Mirjahan', '01754600214', NULL, 'Abdullahpur', NULL, NULL, NULL, 0, NULL, NULL, NULL, NULL, NULL, NULL, 5, NULL, '2021-03-25 00:13:53', '2021-03-25 00:13:53'),
(217, 'Md. Nasir Uddin', '01928674796', NULL, 'Gopalgonj', NULL, NULL, NULL, 0, NULL, NULL, NULL, NULL, NULL, NULL, 5, NULL, '2021-03-25 00:17:24', '2021-03-25 00:17:24'),
(218, 'Hanif Dally', '01811212102', NULL, 'Munshigonj', NULL, NULL, NULL, 0, NULL, NULL, NULL, NULL, NULL, NULL, 5, NULL, '2021-03-25 00:21:32', '2021-03-25 00:21:32'),
(219, 'Dynamic Corporation & Contraction Ltd', '01881646280', NULL, 'BGB', NULL, NULL, NULL, 0, NULL, NULL, NULL, NULL, NULL, NULL, 5, NULL, '2021-03-25 01:42:38', '2021-03-25 01:42:38'),
(220, 'Md. Ferdus Ahamed', NULL, NULL, 'Malibag', NULL, NULL, NULL, 0, NULL, NULL, NULL, NULL, NULL, NULL, 5, NULL, '2021-03-26 00:18:18', '2021-03-26 00:18:18'),
(221, 'Asraf Uddin Ahamed', NULL, NULL, '64/2 RK Mison Road', NULL, NULL, NULL, 0, NULL, NULL, NULL, NULL, NULL, NULL, 5, NULL, '2021-03-26 00:19:53', '2021-03-26 00:19:53'),
(222, 'J. B. Enterprice', NULL, NULL, 'Nayabazar', NULL, NULL, NULL, 0, NULL, NULL, NULL, NULL, NULL, NULL, 5, NULL, '2021-03-26 00:21:20', '2021-03-26 00:21:20'),
(223, 'Mefalic School', NULL, NULL, NULL, NULL, NULL, NULL, 0, NULL, NULL, NULL, NULL, NULL, NULL, 5, NULL, '2021-03-26 00:37:43', '2021-03-26 00:37:43'),
(224, 'Moon Steel', NULL, NULL, 'Nayabazar', NULL, NULL, NULL, 0, NULL, NULL, NULL, NULL, NULL, NULL, 5, NULL, '2021-03-26 00:38:49', '2021-03-26 00:38:49'),
(225, 'Md. Anamul', '019495657399', NULL, '103/1 Polashnagor, Mirpur 19, Pollubi', NULL, NULL, NULL, 0, NULL, NULL, NULL, NULL, NULL, NULL, 5, NULL, '2021-03-27 22:27:05', '2021-03-27 22:27:05'),
(226, 'Demra Daiing', '01937296189', NULL, 'Demra', NULL, NULL, NULL, 0, NULL, NULL, NULL, NULL, NULL, NULL, 5, NULL, '2021-03-27 22:30:57', '2021-03-27 22:30:57'),
(227, 'Saiba Textile', '01712575621', NULL, 'Tarabu, Rupgonj', NULL, NULL, NULL, 0, NULL, NULL, NULL, NULL, NULL, NULL, 5, NULL, '2021-03-27 22:32:46', '2021-03-27 22:32:46'),
(228, 'GM Daiing Printing', '01715239396', NULL, 'Tarabo, Rupgonj', NULL, NULL, NULL, 0, NULL, NULL, NULL, NULL, NULL, NULL, 5, NULL, '2021-03-28 00:53:36', '2021-03-28 00:53:36'),
(229, 'Kasham', '01302715712', NULL, 'khilgaon', NULL, NULL, NULL, 0, NULL, NULL, NULL, NULL, NULL, NULL, 5, NULL, '2021-03-28 23:26:21', '2021-03-28 23:26:21'),
(230, 'Md. Abdul Malek Bhuiya', '01819070592', NULL, 'Rupshi, Khahina', NULL, NULL, NULL, 0, NULL, NULL, NULL, NULL, NULL, NULL, 5, NULL, '2021-03-29 18:55:11', '2021-03-29 18:55:11'),
(231, 'Ashraf Enterprise', '01914448222', NULL, 'Gulbag', NULL, NULL, NULL, 0, NULL, NULL, NULL, NULL, NULL, NULL, 5, NULL, '2021-03-29 21:43:18', '2021-03-29 21:43:18'),
(232, 'Md. Abdul Malek', '01819070592', NULL, 'Rufpur, Kahina', NULL, NULL, NULL, 0, NULL, NULL, NULL, NULL, NULL, NULL, 5, NULL, '2021-03-29 21:46:25', '2021-03-29 21:46:25'),
(233, 'Md. Jahangir Alom', '01994369589', NULL, 'Aptabnogor', NULL, NULL, NULL, 0, NULL, NULL, NULL, NULL, NULL, NULL, 5, NULL, '2021-03-29 21:50:35', '2021-03-29 21:50:35'),
(234, 'Md. Jahangir Alom', '01994369589', NULL, 'Aptabnogor', NULL, NULL, NULL, 0, NULL, NULL, NULL, NULL, NULL, NULL, 5, NULL, '2021-03-29 21:50:38', '2021-03-29 21:50:38'),
(235, 'Esha & Sons', '01915623758', NULL, 'Nayabazar', NULL, NULL, NULL, 0, NULL, NULL, NULL, NULL, NULL, NULL, 5, NULL, '2021-03-29 21:54:21', '2021-03-29 21:54:21'),
(236, 'Mojibur', '01858818524', NULL, 'Banti Bazar', NULL, NULL, NULL, 0, NULL, NULL, NULL, NULL, NULL, NULL, 5, NULL, '2021-03-29 21:57:11', '2021-03-29 21:57:11'),
(237, 'Md. Shofiuddin', '01823240347', NULL, 'Dokkingao', NULL, NULL, NULL, 0, NULL, NULL, NULL, NULL, NULL, NULL, 5, NULL, '2021-03-29 22:12:38', '2021-03-29 22:12:38'),
(238, 'Azhar Printers', '01954929478', NULL, 'Nondipara', NULL, NULL, NULL, 0, NULL, NULL, NULL, NULL, NULL, NULL, 5, NULL, '2021-03-30 00:51:29', '2021-03-30 00:51:29');

-- --------------------------------------------------------

--
-- Table structure for table `discounts`
--

CREATE TABLE `discounts` (
  `id` bigint(20) UNSIGNED NOT NULL,
  `type` tinyint(4) NOT NULL COMMENT '0=coupons 1=membership',
  `coupon_code` bigint(20) DEFAULT NULL,
  `card_number` double DEFAULT NULL,
  `phone_number` varchar(255) COLLATE utf8mb4_unicode_ci DEFAULT NULL,
  `name` varchar(255) COLLATE utf8mb4_unicode_ci DEFAULT NULL,
  `issue_date` date NOT NULL,
  `expire_date` date NOT NULL,
  `discount_type` tinyint(4) NOT NULL COMMENT '0= % 1= BDT',
  `discount_amount` double NOT NULL,
  `note` text COLLATE utf8mb4_unicode_ci DEFAULT NULL,
  `status` tinyint(4) NOT NULL COMMENT '0=inactive 1=active',
  `branch_id` bigint(20) UNSIGNED DEFAULT NULL,
  `created_by` bigint(20) UNSIGNED DEFAULT NULL,
  `updated_by` bigint(20) UNSIGNED DEFAULT NULL,
  `created_at` timestamp NULL DEFAULT NULL,
  `updated_at` timestamp NULL DEFAULT NULL
) ENGINE=InnoDB DEFAULT CHARSET=utf8mb4 COLLATE=utf8mb4_unicode_ci;

-- --------------------------------------------------------

--
-- Table structure for table `discount_products`
--

CREATE TABLE `discount_products` (
  `id` bigint(20) UNSIGNED NOT NULL,
  `discount_id` bigint(20) UNSIGNED NOT NULL,
  `product_id` bigint(20) UNSIGNED NOT NULL,
  `branch_id` bigint(20) UNSIGNED DEFAULT NULL,
  `created_by` bigint(20) UNSIGNED DEFAULT NULL,
  `updated_by` bigint(20) UNSIGNED DEFAULT NULL,
  `created_at` timestamp NULL DEFAULT NULL,
  `updated_at` timestamp NULL DEFAULT NULL
) ENGINE=InnoDB DEFAULT CHARSET=utf8mb4 COLLATE=utf8mb4_unicode_ci;

-- --------------------------------------------------------

--
-- Table structure for table `expenses`
--

CREATE TABLE `expenses` (
  `id` bigint(20) UNSIGNED NOT NULL,
  `expense_category_id` bigint(20) UNSIGNED NOT NULL,
  `expense_date` date NOT NULL,
  `expense_number` text COLLATE utf8mb4_unicode_ci NOT NULL,
  `amount` double NOT NULL,
  `note` text COLLATE utf8mb4_unicode_ci DEFAULT NULL,
  `user_id` bigint(20) UNSIGNED DEFAULT NULL,
  `salary_type` tinyint(4) DEFAULT NULL COMMENT '0=Salary 1=Service Charge',
  `branch_id` bigint(20) UNSIGNED DEFAULT NULL,
  `paid_through_id` bigint(20) UNSIGNED DEFAULT NULL,
  `account_information` text COLLATE utf8mb4_unicode_ci DEFAULT NULL,
  `created_by` bigint(20) UNSIGNED DEFAULT NULL,
  `updated_by` bigint(20) UNSIGNED DEFAULT NULL,
  `created_at` timestamp NULL DEFAULT NULL,
  `updated_at` timestamp NULL DEFAULT NULL
) ENGINE=InnoDB DEFAULT CHARSET=utf8mb4 COLLATE=utf8mb4_unicode_ci;

--
-- Dumping data for table `expenses`
--

INSERT INTO `expenses` (`id`, `expense_category_id`, `expense_date`, `expense_number`, `amount`, `note`, `user_id`, `salary_type`, `branch_id`, `paid_through_id`, `account_information`, `created_by`, `updated_by`, `created_at`, `updated_at`) VALUES
(19, 2, '2021-03-14', '1', 43000, NULL, NULL, NULL, NULL, 1, NULL, 5, NULL, NULL, NULL),
(20, 2, '2021-03-13', '2', 105500, NULL, NULL, NULL, NULL, 1, NULL, 5, NULL, NULL, NULL),
(21, 2, '2021-03-15', '3', 9900, NULL, NULL, NULL, NULL, 1, NULL, 5, NULL, NULL, NULL),
(22, 2, '2021-03-15', '4', 1800, NULL, NULL, NULL, NULL, 1, NULL, 5, NULL, NULL, NULL),
(23, 2, '2021-03-16', '5', 11301, NULL, NULL, NULL, NULL, 1, NULL, 5, NULL, NULL, NULL),
(24, 2, '2021-03-18', '6', 15600.06, NULL, NULL, NULL, NULL, 1, NULL, 5, NULL, NULL, NULL),
(25, 2, '2021-03-18', '7', 45299.88, NULL, NULL, NULL, NULL, 1, NULL, 5, NULL, NULL, NULL),
(26, 2, '2021-03-18', '8', 570, NULL, NULL, NULL, NULL, 1, NULL, 5, NULL, NULL, NULL),
(27, 2, '2021-03-20', '9', 380, NULL, NULL, NULL, NULL, 1, NULL, 5, NULL, NULL, NULL),
(28, 2, '2021-03-20', '10', 2635, NULL, NULL, NULL, NULL, 1, NULL, 5, NULL, NULL, NULL),
(29, 2, '2021-03-20', '11', 420.024, NULL, NULL, NULL, NULL, 1, NULL, 5, NULL, NULL, NULL),
(30, 2, '2021-03-13', '12', 72000, NULL, NULL, NULL, NULL, 1, NULL, 5, NULL, NULL, NULL),
(31, 2, '2021-03-21', '13', 380, NULL, NULL, NULL, NULL, 1, NULL, 5, NULL, NULL, NULL),
(32, 2, '2021-03-25', '14', 3000, NULL, NULL, NULL, NULL, 1, NULL, 5, NULL, NULL, NULL),
(33, 2, '2021-03-25', '15', 30000, NULL, NULL, NULL, NULL, 1, NULL, 5, NULL, NULL, NULL);

-- --------------------------------------------------------

--
-- Table structure for table `expense_categories`
--

CREATE TABLE `expense_categories` (
  `id` bigint(20) UNSIGNED NOT NULL,
  `name` text COLLATE utf8mb4_unicode_ci NOT NULL,
  `branch_id` bigint(20) UNSIGNED DEFAULT NULL,
  `created_by` bigint(20) UNSIGNED DEFAULT NULL,
  `updated_by` bigint(20) UNSIGNED DEFAULT NULL,
  `created_at` timestamp NULL DEFAULT NULL,
  `updated_at` timestamp NULL DEFAULT NULL
) ENGINE=InnoDB DEFAULT CHARSET=utf8mb4 COLLATE=utf8mb4_unicode_ci;

--
-- Dumping data for table `expense_categories`
--

INSERT INTO `expense_categories` (`id`, `name`, `branch_id`, `created_by`, `updated_by`, `created_at`, `updated_at`) VALUES
(1, 'Employee Salary', NULL, 1, NULL, '2021-01-03 07:43:18', '2021-01-03 07:43:18'),
(2, 'Product Purchase', NULL, 1, NULL, '2021-01-03 07:43:30', '2021-01-03 07:43:30'),
(5, 'Electric Bill', NULL, 5, 5, '2021-03-08 21:34:54', '2021-03-08 21:39:36'),
(6, 'Telephone Bill', NULL, 5, NULL, '2021-03-08 21:40:26', '2021-03-08 21:40:26'),
(7, 'Staff Salary', NULL, 5, NULL, '2021-03-08 22:11:06', '2021-03-08 22:11:06'),
(8, 'Donation', NULL, 5, NULL, '2021-03-08 22:11:27', '2021-03-08 22:11:27'),
(9, 'Jakat', NULL, 5, NULL, '2021-03-08 22:11:42', '2021-03-08 22:11:42'),
(10, 'Wasa Bill', NULL, 5, NULL, '2021-03-08 22:12:01', '2021-03-08 22:12:01'),
(11, 'Gas Bill', NULL, 5, NULL, '2021-03-08 22:12:17', '2021-03-08 22:12:17'),
(12, 'Office Expenses', NULL, 5, 5, '2021-03-08 22:12:47', '2021-03-09 17:24:34'),
(13, 'Stationary', NULL, 5, NULL, '2021-03-08 22:13:19', '2021-03-08 22:13:19'),
(14, 'commission payment', NULL, 5, 5, '2021-03-08 22:13:43', '2021-03-22 23:11:36'),
(15, 'Rent Office & Godawon', NULL, 5, NULL, '2021-03-08 22:15:02', '2021-03-08 22:15:02'),
(16, 'Income Tex / Vat', NULL, 5, NULL, '2021-03-08 22:15:59', '2021-03-08 22:15:59'),
(17, 'IT & Digital', NULL, 5, NULL, '2021-03-09 17:23:57', '2021-03-09 17:23:57'),
(18, 'Caring Charge', NULL, 5, 5, '2021-03-09 17:28:40', '2021-03-22 23:12:28'),
(19, 'Purchase', NULL, 5, NULL, '2021-03-09 17:30:46', '2021-03-09 17:30:46');

-- --------------------------------------------------------

--
-- Table structure for table `failed_jobs`
--

CREATE TABLE `failed_jobs` (
  `id` bigint(20) UNSIGNED NOT NULL,
  `connection` text COLLATE utf8mb4_unicode_ci NOT NULL,
  `queue` text COLLATE utf8mb4_unicode_ci NOT NULL,
  `payload` longtext COLLATE utf8mb4_unicode_ci NOT NULL,
  `exception` longtext COLLATE utf8mb4_unicode_ci NOT NULL,
  `failed_at` timestamp NOT NULL DEFAULT current_timestamp()
) ENGINE=InnoDB DEFAULT CHARSET=utf8mb4 COLLATE=utf8mb4_unicode_ci;

-- --------------------------------------------------------

--
-- Table structure for table `incomes`
--

CREATE TABLE `incomes` (
  `id` bigint(20) UNSIGNED NOT NULL,
  `income_category_id` bigint(20) UNSIGNED NOT NULL,
  `income_date` date NOT NULL,
  `income_number` varchar(255) COLLATE utf8_unicode_ci NOT NULL,
  `amount` double NOT NULL,
  `note` text COLLATE utf8_unicode_ci DEFAULT NULL,
  `paid_through_id` bigint(20) UNSIGNED DEFAULT NULL,
  `account_information` text COLLATE utf8_unicode_ci DEFAULT NULL,
  `created_by` bigint(20) UNSIGNED DEFAULT NULL,
  `updated_by` bigint(20) UNSIGNED DEFAULT NULL,
  `created_at` timestamp NULL DEFAULT NULL,
  `updated_at` timestamp NULL DEFAULT NULL
) ENGINE=InnoDB DEFAULT CHARSET=utf8 COLLATE=utf8_unicode_ci;

-- --------------------------------------------------------

--
-- Table structure for table `income_categories`
--

CREATE TABLE `income_categories` (
  `id` bigint(20) UNSIGNED NOT NULL,
  `name` varchar(255) COLLATE utf8_unicode_ci NOT NULL,
  `created_by` bigint(20) UNSIGNED DEFAULT NULL,
  `updated_by` bigint(20) UNSIGNED DEFAULT NULL,
  `created_at` timestamp NULL DEFAULT NULL,
  `updated_at` timestamp NULL DEFAULT NULL
) ENGINE=InnoDB DEFAULT CHARSET=utf8 COLLATE=utf8_unicode_ci;

--
-- Dumping data for table `income_categories`
--

INSERT INTO `income_categories` (`id`, `name`, `created_by`, `updated_by`, `created_at`, `updated_at`) VALUES
(6, 'Sales', 5, NULL, '2021-03-08 22:16:20', '2021-03-08 22:16:20'),
(7, 'Rent Receive 2nd Floor', 5, NULL, '2021-03-08 22:17:19', '2021-03-08 22:17:19'),
(8, 'Rent Receive 4th Floor', 5, NULL, '2021-03-08 22:17:35', '2021-03-08 22:17:35'),
(9, 'Commission Receive', 5, 5, '2021-03-09 17:29:18', '2021-03-22 23:11:09');

-- --------------------------------------------------------

--
-- Table structure for table `invoices`
--

CREATE TABLE `invoices` (
  `id` bigint(20) UNSIGNED NOT NULL,
  `type` tinyint(4) NOT NULL DEFAULT 1,
  `invoice_number` text COLLATE utf8mb4_unicode_ci NOT NULL,
  `invoice_date` date NOT NULL,
  `customer_id` bigint(20) UNSIGNED NOT NULL,
  `reference_id` bigint(20) UNSIGNED DEFAULT NULL,
  `customer_name` text COLLATE utf8mb4_unicode_ci DEFAULT NULL,
  `customer_phone` text COLLATE utf8mb4_unicode_ci DEFAULT NULL,
  `invoice_amount` double NOT NULL,
  `due_amount` double NOT NULL,
  `return_amount` double DEFAULT NULL,
  `total_buy_price` double NOT NULL,
  `total_discount` double NOT NULL,
  `total_adjustment` double DEFAULT NULL,
  `total_tax` double DEFAULT NULL,
  `tax_type` tinyint(4) DEFAULT NULL COMMENT '0= % 1= BDT',
  `vat_type` tinyint(4) DEFAULT NULL COMMENT '0= % 1= BDT',
  `total_vat` double DEFAULT NULL,
  `adjustment_type` tinyint(4) DEFAULT NULL COMMENT '0= % 1= BDT',
  `adjustment_note` text COLLATE utf8mb4_unicode_ci DEFAULT NULL,
  `invoice_note` text COLLATE utf8mb4_unicode_ci DEFAULT NULL,
  `discount_code` double DEFAULT NULL,
  `total_discount_type` tinyint(4) DEFAULT NULL,
  `total_discount_amount` double DEFAULT NULL,
  `total_discount_note` text COLLATE utf8mb4_unicode_ci DEFAULT NULL,
  `branch_id` bigint(20) UNSIGNED DEFAULT NULL,
  `cash_given` double DEFAULT NULL,
  `change_amount` double DEFAULT NULL,
  `convince` double UNSIGNED DEFAULT NULL,
  `transport_bill` double UNSIGNED DEFAULT NULL,
  `created_by` bigint(20) UNSIGNED DEFAULT NULL,
  `updated_by` bigint(20) UNSIGNED DEFAULT NULL,
  `created_at` timestamp NULL DEFAULT NULL,
  `updated_at` timestamp NULL DEFAULT NULL
) ENGINE=InnoDB DEFAULT CHARSET=utf8mb4 COLLATE=utf8mb4_unicode_ci;

--
-- Dumping data for table `invoices`
--

INSERT INTO `invoices` (`id`, `type`, `invoice_number`, `invoice_date`, `customer_id`, `reference_id`, `customer_name`, `customer_phone`, `invoice_amount`, `due_amount`, `return_amount`, `total_buy_price`, `total_discount`, `total_adjustment`, `total_tax`, `tax_type`, `vat_type`, `total_vat`, `adjustment_type`, `adjustment_note`, `invoice_note`, `discount_code`, `total_discount_type`, `total_discount_amount`, `total_discount_note`, `branch_id`, `cash_given`, `change_amount`, `convince`, `transport_bill`, `created_by`, `updated_by`, `created_at`, `updated_at`) VALUES
(65, 1, '1', '2021-03-04', 145, NULL, NULL, NULL, 134400, 0, NULL, 118160, 0, NULL, NULL, NULL, 0, 0, NULL, NULL, NULL, NULL, 1, 0, NULL, NULL, 134400, 0, NULL, NULL, 5, 5, '2021-03-14 22:26:49', '2021-03-23 23:14:42'),
(66, 1, '2', '2021-03-06', 47, NULL, NULL, NULL, 45000, 45000, NULL, 39562.5, 0, NULL, NULL, NULL, 0, 0, NULL, NULL, NULL, NULL, 1, 0, NULL, NULL, NULL, 0, NULL, NULL, 5, NULL, '2021-03-14 22:27:48', '2021-03-14 22:27:48'),
(67, 1, '3', '2021-03-09', 146, NULL, NULL, NULL, 225600, 0, NULL, 198340, 0, NULL, NULL, NULL, 0, 0, NULL, NULL, NULL, NULL, 1, 0, NULL, NULL, NULL, 0, NULL, NULL, 5, 5, '2021-03-14 22:29:33', '2021-03-23 23:13:16'),
(68, 1, '4', '2021-03-10', 148, NULL, NULL, NULL, 278460, 0, NULL, 244530, 0, NULL, NULL, NULL, 0, 0, NULL, NULL, NULL, NULL, 1, 0, NULL, NULL, NULL, 0, NULL, NULL, 5, 5, '2021-03-14 22:32:15', '2021-03-23 23:10:32'),
(69, 1, '5', '2021-03-13', 80, NULL, NULL, NULL, 96522.23999999999, 96522.24, NULL, 94233.96, 0, NULL, NULL, NULL, 0, 0, NULL, NULL, NULL, NULL, 1, 0, NULL, NULL, NULL, 0, NULL, NULL, 5, 5, '2021-03-20 18:16:35', '2021-03-20 20:52:30'),
(70, 1, '6', '2021-03-13', 84, NULL, NULL, NULL, 5250, 5250, NULL, 5089.32, 0, NULL, NULL, NULL, 0, 0, NULL, NULL, NULL, NULL, 1, 0, NULL, NULL, NULL, 0, NULL, NULL, 5, NULL, '2021-03-20 18:17:41', '2021-03-20 18:17:41'),
(71, 1, '7', '2021-03-13', 141, NULL, NULL, NULL, 114177.35, 114177.35, NULL, 110923.61, 0, NULL, NULL, NULL, 0, 0, NULL, NULL, NULL, NULL, 1, 0, NULL, NULL, NULL, 0, NULL, NULL, 5, 5, '2021-03-20 18:25:03', '2021-03-20 20:51:01'),
(72, 1, '8', '2021-03-13', 80, NULL, NULL, NULL, 13142.920000000002, 13142.920000000002, NULL, 12809.84, 0, NULL, NULL, NULL, 0, 0, NULL, NULL, NULL, NULL, 1, 0, NULL, NULL, NULL, 0, NULL, NULL, 5, 5, '2021-03-20 18:28:29', '2021-03-20 18:39:54'),
(73, 1, '9', '2021-03-13', 141, NULL, NULL, NULL, 98459.63, 98459.63, NULL, 94805.84, 0, NULL, NULL, NULL, 0, 0, NULL, NULL, NULL, NULL, 1, 0, NULL, NULL, NULL, 0, NULL, NULL, 5, 5, '2021-03-20 18:34:05', '2021-03-20 20:48:32'),
(74, 1, '10', '2021-03-13', 152, NULL, NULL, NULL, 46055, 0, NULL, 40379.3, 0, NULL, NULL, NULL, 0, 0, NULL, NULL, NULL, NULL, 1, 0.75, NULL, NULL, NULL, 0, NULL, NULL, 5, 5, '2021-03-20 18:43:09', '2021-03-23 23:09:11'),
(75, 1, '11', '2021-03-13', 87, NULL, NULL, NULL, 4085.72, 0, NULL, 3735.64, 0, NULL, NULL, NULL, 0, 0, NULL, NULL, NULL, NULL, 1, 0, NULL, NULL, 4085.72, 0, NULL, NULL, 5, 5, '2021-03-20 18:45:30', '2021-03-22 22:36:40'),
(76, 1, '12', '2021-03-13', 147, NULL, NULL, NULL, 262683.0125, 0, NULL, 224187.5, 0, NULL, NULL, NULL, 0, 0, NULL, NULL, NULL, NULL, 1, 3000, NULL, NULL, 262683.0125, 0, NULL, NULL, 5, 5, '2021-03-20 18:46:35', '2021-03-22 22:38:16'),
(77, 1, '13', '2021-03-13', 153, NULL, NULL, NULL, 7108, 0, NULL, 6857.12, 0, NULL, NULL, NULL, 0, 0, NULL, NULL, NULL, NULL, 1, 0.56, NULL, NULL, 7108, 0, NULL, NULL, 5, 5, '2021-03-20 18:48:10', '2021-03-23 23:08:21'),
(78, 1, '14', '2021-03-13', 154, NULL, NULL, NULL, 10920, 0, NULL, 9888, 0, NULL, NULL, NULL, 0, 0, NULL, NULL, NULL, NULL, 1, 40, NULL, NULL, 10920, 0, NULL, NULL, 5, 5, '2021-03-20 18:57:10', '2021-03-22 22:34:34'),
(79, 1, '15', '2021-03-13', 153, NULL, NULL, NULL, 1090, 0, NULL, 1012, 0, NULL, NULL, NULL, 0, 0, NULL, NULL, NULL, NULL, 1, 0, NULL, NULL, 1100, 10, NULL, NULL, 5, 5, '2021-03-20 19:00:45', '2021-03-20 19:01:54'),
(80, 1, '16', '2021-03-13', 155, NULL, NULL, NULL, 5100, 0, NULL, 4867.5, 0, NULL, NULL, NULL, 0, 0, NULL, NULL, NULL, NULL, 1, 0, NULL, NULL, NULL, 0, NULL, NULL, 5, NULL, '2021-03-20 19:03:39', '2021-03-20 19:03:39'),
(81, 1, '17', '2021-03-13', 156, NULL, NULL, NULL, 4620, 0, NULL, 4510, 0, NULL, NULL, NULL, 0, 0, NULL, NULL, NULL, NULL, 1, 0, NULL, NULL, NULL, 0, NULL, NULL, 5, 5, '2021-03-20 19:09:45', '2021-03-20 19:10:16'),
(82, 1, '18', '2021-03-13', 157, NULL, NULL, NULL, 12900, 0, NULL, 12300, 0, NULL, NULL, NULL, 0, 0, NULL, NULL, NULL, NULL, 1, 0, NULL, NULL, NULL, 0, NULL, NULL, 5, NULL, '2021-03-20 19:13:01', '2021-03-20 19:13:01'),
(83, 1, '19', '2021-03-13', 159, NULL, NULL, NULL, 86258, 0, NULL, 83452.38, 0, NULL, NULL, NULL, 0, 0, NULL, NULL, NULL, NULL, 1, 100.67, NULL, NULL, NULL, 0, NULL, NULL, 5, 5, '2021-03-20 19:15:51', '2021-03-23 23:06:08'),
(84, 1, '20', '2021-03-13', 160, NULL, NULL, NULL, 2150, 0, NULL, 2050, 0, NULL, NULL, NULL, 0, 0, NULL, NULL, NULL, NULL, 1, 0, NULL, NULL, NULL, 0, NULL, NULL, 5, NULL, '2021-03-20 19:17:27', '2021-03-20 19:17:27'),
(85, 1, '21', '2021-03-13', 161, NULL, NULL, NULL, 6100, 0, NULL, 5922.6, 0, NULL, NULL, NULL, 0, 0, NULL, NULL, NULL, NULL, 1, 20, NULL, NULL, NULL, 0, NULL, NULL, 5, NULL, '2021-03-20 19:19:26', '2021-03-20 19:19:26'),
(86, 1, '22', '2021-03-13', 95, NULL, NULL, NULL, 5450, 0, NULL, 5342.32, 0, NULL, NULL, NULL, 0, 0, NULL, NULL, NULL, NULL, 1, 0, NULL, NULL, NULL, 0, NULL, NULL, 5, NULL, '2021-03-20 19:21:17', '2021-03-20 19:21:17'),
(87, 1, '23', '2021-03-13', 162, NULL, NULL, NULL, 13000, 0, NULL, 12577.16, 0, NULL, NULL, NULL, 0, 0, NULL, NULL, NULL, NULL, 1, 0.16, NULL, NULL, NULL, 0, NULL, NULL, 5, 5, '2021-03-20 19:23:28', '2021-03-23 23:04:55'),
(88, 1, '24', '2021-03-15', 140, NULL, NULL, NULL, 2720, 0, NULL, 2671.16, 0, NULL, NULL, NULL, 0, 0, NULL, NULL, NULL, NULL, 1, 5, NULL, NULL, NULL, 0, NULL, NULL, 5, 5, '2021-03-20 19:24:39', '2021-03-21 00:08:50'),
(89, 1, '25', '2021-03-13', 162, NULL, NULL, NULL, 1991, 0, NULL, 1876.16, 0, NULL, NULL, NULL, 0, 0, NULL, NULL, NULL, NULL, 1, 0.616, NULL, NULL, NULL, 0, NULL, NULL, 5, 5, '2021-03-20 19:26:07', '2021-03-23 23:03:48'),
(90, 1, '26', '2021-03-14', 82, NULL, NULL, NULL, 154200, 154200, NULL, 135567.5, 0, NULL, NULL, NULL, 0, 0, NULL, NULL, NULL, NULL, 1, 0, NULL, NULL, NULL, 0, NULL, NULL, 5, NULL, '2021-03-20 21:05:33', '2021-03-20 21:05:33'),
(91, 1, '27', '2021-03-15', 80, NULL, NULL, NULL, 4848.24, 4848.24, NULL, 4660.68, 0, NULL, NULL, NULL, 0, 0, NULL, NULL, NULL, NULL, 1, 0, NULL, NULL, NULL, 0, NULL, NULL, 5, 5, '2021-03-20 21:06:40', '2021-03-20 22:26:02'),
(92, 1, '28', '2021-03-15', 64, NULL, NULL, NULL, 29880, 29880, NULL, 27607.68, 0, NULL, NULL, NULL, 0, 0, NULL, NULL, NULL, NULL, 1, 0, NULL, NULL, NULL, 0, NULL, NULL, 5, 5, '2021-03-20 22:38:14', '2021-03-21 00:10:52'),
(93, 1, '29', '2021-03-15', 82, NULL, NULL, NULL, 540000, 540000, NULL, 455760, 0, NULL, NULL, NULL, 0, 0, NULL, NULL, NULL, NULL, 1, 0, NULL, NULL, NULL, 0, NULL, NULL, 5, NULL, '2021-03-20 22:39:20', '2021-03-20 22:39:20'),
(94, 1, '30', '2021-03-15', 84, NULL, NULL, NULL, 3950, 3950, NULL, 3875, 0, NULL, NULL, NULL, 0, 0, NULL, NULL, NULL, NULL, 1, 0, NULL, NULL, NULL, 0, NULL, NULL, 5, NULL, '2021-03-20 22:42:46', '2021-03-20 22:42:46'),
(95, 1, '31', '2021-03-16', 80, NULL, NULL, NULL, 6479.97, 6479.97, NULL, 6199.97, 0, NULL, NULL, NULL, 0, 0, NULL, NULL, NULL, NULL, 1, 0, NULL, NULL, NULL, 0, NULL, NULL, 5, NULL, '2021-03-20 22:43:47', '2021-03-20 22:43:47'),
(96, 1, '32', '2021-03-16', 47, NULL, NULL, NULL, 106610.12, 106610.12, NULL, 103243.56, 0, NULL, NULL, NULL, 0, 0, NULL, NULL, NULL, NULL, 1, 0, NULL, NULL, NULL, 0, NULL, NULL, 5, 5, '2021-03-20 22:50:58', '2021-03-20 23:10:07'),
(97, 1, '33', '2021-03-16', 47, NULL, NULL, NULL, 76117, 76117, NULL, 73121.92, 0, NULL, NULL, NULL, 0, 0, NULL, NULL, NULL, NULL, 1, 0.68, NULL, NULL, NULL, 0, NULL, NULL, 5, 5, '2021-03-20 22:56:00', '2021-03-23 22:51:29'),
(98, 1, '34', '2021-03-16', 47, NULL, NULL, NULL, 6980, 6980, NULL, 6659.52, 0, NULL, NULL, NULL, 0, 0, NULL, NULL, NULL, NULL, 1, 0, NULL, NULL, NULL, 0, NULL, NULL, 5, NULL, '2021-03-20 23:13:26', '2021-03-20 23:13:26'),
(99, 1, '35', '2021-03-16', 163, NULL, NULL, NULL, 3239, 0, NULL, 3130.6, 0, NULL, NULL, NULL, 0, 0, NULL, NULL, NULL, NULL, 1, 0, NULL, NULL, NULL, 0, NULL, NULL, 5, 5, '2021-03-20 23:16:36', '2021-03-23 22:53:36'),
(100, 1, '36', '2021-03-20', 164, NULL, NULL, NULL, 12850, 0, NULL, 12300, 0, NULL, NULL, NULL, 0, 0, NULL, NULL, NULL, NULL, 1, 50, NULL, NULL, NULL, 0, NULL, NULL, 5, NULL, '2021-03-20 23:18:05', '2021-03-20 23:18:05'),
(101, 1, '37', '2021-03-16', 165, NULL, NULL, NULL, 15072, 0, NULL, 14472.72, 0, NULL, NULL, NULL, 0, 0, NULL, NULL, NULL, NULL, 1, 20.68, NULL, NULL, 15072, 0, NULL, NULL, 5, 5, '2021-03-20 23:22:45', '2021-03-23 22:55:53'),
(102, 1, '38', '2021-03-16', 102, NULL, NULL, NULL, 5697.5, 0, NULL, 5590, 0, NULL, NULL, NULL, 0, 0, NULL, NULL, NULL, NULL, 1, 0, NULL, NULL, NULL, 0, NULL, NULL, 5, NULL, '2021-03-20 23:24:37', '2021-03-20 23:24:37'),
(103, 1, '39', '2021-03-16', 166, NULL, NULL, NULL, 30799.86, 0, NULL, 29816.64, 0, NULL, NULL, NULL, 0, 0, NULL, NULL, NULL, NULL, 1, 0, NULL, NULL, NULL, 0, NULL, NULL, 5, NULL, '2021-03-20 23:26:53', '2021-03-20 23:26:53'),
(104, 1, '40', '2021-03-16', 166, NULL, NULL, NULL, 2420, 0, NULL, 2145, 0, NULL, NULL, NULL, 0, 0, NULL, NULL, NULL, NULL, 1, 0, NULL, NULL, NULL, 0, NULL, NULL, 5, NULL, '2021-03-20 23:27:58', '2021-03-20 23:27:58'),
(105, 1, '41', '2021-03-16', 167, NULL, NULL, NULL, 45081.78, 0, NULL, 43307.04, 0, NULL, NULL, NULL, 0, 0, NULL, NULL, NULL, NULL, 1, 200, NULL, NULL, NULL, 0, NULL, NULL, 5, NULL, '2021-03-20 23:33:21', '2021-03-20 23:33:21'),
(106, 1, '42', '2021-03-16', 168, NULL, NULL, NULL, 21600, 0, NULL, 20571.36, 0, NULL, NULL, NULL, 0, 0, NULL, NULL, NULL, NULL, 1, 0, NULL, NULL, 21600, 0, NULL, NULL, 5, 5, '2021-03-20 23:36:50', '2021-03-22 22:50:14'),
(107, 1, '43', '2021-03-16', 169, NULL, NULL, NULL, 87269, 0, NULL, 82937, 0, NULL, NULL, NULL, 0, 0, NULL, NULL, NULL, NULL, 1, 0, NULL, NULL, NULL, 0, NULL, NULL, 5, NULL, '2021-03-20 23:41:46', '2021-03-20 23:41:46'),
(108, 1, '44', '2021-03-16', 170, NULL, NULL, NULL, 126874.7, 0, NULL, 123366.98, 0, NULL, NULL, NULL, 0, 0, NULL, NULL, NULL, NULL, 1, 0, NULL, NULL, NULL, 0, NULL, NULL, 5, NULL, '2021-03-20 23:45:29', '2021-03-20 23:45:29'),
(109, 1, '45', '2021-03-16', 171, NULL, NULL, NULL, 56268.94, 0, NULL, 54602.6, 0, NULL, NULL, NULL, 0, 0, NULL, NULL, NULL, NULL, 1, 230, NULL, NULL, NULL, 0, NULL, NULL, 5, NULL, '2021-03-20 23:48:43', '2021-03-20 23:48:43'),
(110, 1, '46', '2021-03-16', 172, NULL, NULL, NULL, 11805, 0, NULL, 11180, 0, NULL, NULL, NULL, 0, 0, NULL, NULL, NULL, NULL, 1, 20, NULL, NULL, NULL, 0, NULL, NULL, 5, NULL, '2021-03-20 23:50:26', '2021-03-20 23:50:26'),
(111, 1, '47', '2021-03-16', 101, NULL, NULL, NULL, 4110, 0, NULL, 3979.98, 0, NULL, NULL, NULL, 0, 0, NULL, NULL, NULL, NULL, 1, 0, NULL, NULL, 4110, 0, NULL, NULL, 5, 5, '2021-03-20 23:51:46', '2021-03-27 23:41:17'),
(112, 1, '48', '2021-03-16', 173, NULL, NULL, NULL, 91905.07, 0, NULL, 89320.08, 0, NULL, NULL, NULL, 0, 0, NULL, NULL, NULL, NULL, 1, 60, NULL, NULL, NULL, 0, NULL, NULL, 5, NULL, '2021-03-20 23:59:59', '2021-03-20 23:59:59'),
(113, 1, '49', '2021-03-16', 173, NULL, NULL, NULL, 91905.07, 0, NULL, 89320.08, 0, NULL, NULL, NULL, 0, 0, NULL, NULL, NULL, NULL, 1, 60, NULL, NULL, NULL, 0, NULL, NULL, 5, NULL, '2021-03-20 23:59:59', '2021-03-20 23:59:59'),
(114, 1, '49', '2021-03-16', 95, NULL, NULL, NULL, 3128.58, 0, NULL, 3042.87, 0, NULL, NULL, NULL, 0, 0, NULL, NULL, NULL, NULL, 1, 0, NULL, NULL, NULL, 0, NULL, NULL, 5, NULL, '2021-03-21 00:01:09', '2021-03-21 00:01:09'),
(115, 1, '50', '2021-03-16', 170, NULL, NULL, NULL, 750, 0, NULL, 585, 0, NULL, NULL, NULL, 0, 0, NULL, NULL, NULL, NULL, 1, 0, NULL, NULL, NULL, 0, NULL, NULL, 5, NULL, '2021-03-21 00:03:00', '2021-03-21 00:03:00'),
(116, 1, '51', '2021-03-16', 102, NULL, NULL, NULL, 5277.08, 0, NULL, 5159.87, 0, NULL, NULL, NULL, 0, 0, NULL, NULL, NULL, NULL, 1, 0, NULL, NULL, NULL, 0, NULL, NULL, 5, NULL, '2021-03-21 00:04:37', '2021-03-21 00:04:37'),
(117, 1, '52', '2021-03-16', 102, NULL, NULL, NULL, 11395, 0, NULL, 11180, 0, NULL, NULL, NULL, 0, 0, NULL, NULL, NULL, NULL, 1, 0, NULL, NULL, NULL, 0, NULL, NULL, 5, NULL, '2021-03-21 00:05:38', '2021-03-21 00:05:38'),
(118, 1, '53', '2021-03-16', 174, NULL, NULL, NULL, 4840, 0, NULL, 4290, 0, NULL, NULL, NULL, 0, 0, NULL, NULL, NULL, NULL, 1, 0, NULL, NULL, NULL, 0, NULL, NULL, 5, NULL, '2021-03-21 00:07:01', '2021-03-21 00:07:01'),
(119, 1, '54', '2021-03-16', 89, NULL, NULL, NULL, 9350.16, 9350.16, NULL, 8852.4, 0, NULL, NULL, NULL, 0, 0, NULL, NULL, NULL, NULL, 1, NULL, NULL, NULL, NULL, 0, NULL, NULL, 5, 5, '2021-03-21 00:21:16', '2021-03-23 22:57:23'),
(120, 1, '55', '2021-03-18', 47, NULL, NULL, NULL, 106870, 106870, NULL, 102878.38, 0, NULL, NULL, NULL, 0, 0, NULL, NULL, NULL, NULL, 1, 0.008, NULL, NULL, NULL, 0, NULL, NULL, 5, 5, '2021-03-21 00:49:28', '2021-03-23 22:58:59'),
(121, 1, '56', '2021-03-18', 47, NULL, NULL, NULL, 23099.031, 23099.031, NULL, 18673.5, 0, NULL, NULL, NULL, 0, 0, NULL, NULL, NULL, NULL, 1, 0, NULL, NULL, NULL, 0, NULL, NULL, 5, NULL, '2021-03-21 00:51:33', '2021-03-21 00:51:33'),
(122, 1, '57', '2021-03-18', 176, NULL, NULL, NULL, 2530, 0, NULL, 2392, 0, NULL, NULL, NULL, 0, 0, NULL, NULL, NULL, NULL, 1, 0, NULL, NULL, NULL, 0, NULL, NULL, 5, NULL, '2021-03-21 00:52:44', '2021-03-21 00:52:44'),
(123, 1, '58', '2021-03-18', 177, NULL, NULL, NULL, 59000, 0, NULL, 57528.32, 0, NULL, NULL, NULL, 0, 0, NULL, NULL, NULL, NULL, 1, 0, NULL, NULL, NULL, 0, NULL, NULL, 5, NULL, '2021-03-21 00:55:58', '2021-03-21 00:55:58'),
(124, 1, '59', '2021-03-18', 178, NULL, NULL, NULL, 9360, 0, NULL, 8857.68, 0, NULL, NULL, NULL, 0, 0, NULL, NULL, NULL, NULL, 1, 0, NULL, NULL, NULL, 0, NULL, NULL, 5, 5, '2021-03-21 00:58:14', '2021-03-21 01:21:44'),
(125, 1, '60', '2021-03-18', 179, NULL, NULL, NULL, 35076.04, 0, NULL, 33328.72, 0, NULL, NULL, NULL, 0, 0, NULL, NULL, NULL, NULL, 1, 0, NULL, NULL, NULL, 0, NULL, NULL, 5, NULL, '2021-03-21 01:13:28', '2021-03-21 01:13:28'),
(126, 1, '61', '2021-03-18', 180, NULL, NULL, NULL, 5070.13, 0, NULL, 4683.15, 0, NULL, NULL, NULL, 0, 0, NULL, NULL, NULL, NULL, 1, 0, NULL, NULL, NULL, 0, NULL, NULL, 5, 5, '2021-03-21 01:17:14', '2021-03-22 22:56:57'),
(127, 1, '62', '2021-03-18', 104, NULL, NULL, NULL, 4133.44, 0, NULL, 4177.76, 0, NULL, NULL, NULL, 0, 0, NULL, NULL, NULL, NULL, 1, NULL, NULL, NULL, NULL, 0, NULL, NULL, 5, 5, '2021-03-21 01:18:52', '2021-03-22 22:55:54'),
(128, 1, '63', '2021-03-18', 178, NULL, NULL, NULL, 2216.67, 0, NULL, 2129.76, 0, NULL, NULL, NULL, 0, 0, NULL, NULL, NULL, NULL, 1, 0, NULL, NULL, NULL, 0, NULL, NULL, 5, 5, '2021-03-21 01:19:55', '2021-03-21 01:21:22'),
(129, 1, '64', '2021-03-18', 104, NULL, NULL, NULL, 4650.03, 0, NULL, 4699.98, 0, NULL, NULL, NULL, 0, 0, NULL, NULL, NULL, NULL, 1, 0, NULL, NULL, NULL, 0, NULL, NULL, 5, NULL, '2021-03-21 01:21:04', '2021-03-21 01:21:04'),
(130, 1, '65', '2021-03-18', 181, NULL, NULL, NULL, 15432.8, 0, NULL, 14186.16, 0, NULL, NULL, NULL, 0, 0, NULL, NULL, NULL, NULL, 1, 0, NULL, NULL, NULL, 0, NULL, NULL, 5, NULL, '2021-03-21 01:29:42', '2021-03-21 01:29:42'),
(131, 1, '66', '2021-03-18', 182, NULL, NULL, NULL, 3560, 0, NULL, 3280, 0, NULL, NULL, NULL, 0, 0, NULL, NULL, NULL, NULL, 1, 40, NULL, NULL, NULL, 0, NULL, NULL, 5, NULL, '2021-03-21 01:31:03', '2021-03-21 01:31:03'),
(132, 1, '67', '2021-03-18', 138, NULL, NULL, NULL, 337595, 0, NULL, 329520.88, 0, NULL, NULL, NULL, 0, 0, NULL, NULL, NULL, NULL, 1, 0, NULL, NULL, NULL, 0, NULL, NULL, 5, 5, '2021-03-21 01:38:12', '2021-03-23 23:16:39'),
(133, 1, '68', '2021-03-18', 149, NULL, NULL, NULL, 5912.5, 0, NULL, 5590, 0, NULL, NULL, NULL, 0, 0, NULL, NULL, NULL, NULL, 1, 0, NULL, NULL, NULL, 0, NULL, NULL, 5, NULL, '2021-03-21 01:39:14', '2021-03-21 01:39:14'),
(134, 1, '69', '2021-03-20', 84, NULL, NULL, NULL, 172250, 172250, NULL, 168142.1, 0, NULL, NULL, NULL, 0, 0, NULL, NULL, NULL, NULL, 1, 0, NULL, NULL, NULL, 0, NULL, NULL, 5, NULL, '2021-03-21 02:45:41', '2021-03-21 02:45:41'),
(135, 1, '70', '2021-03-20', 80, NULL, NULL, NULL, 48900, 48900, NULL, 45646.06, 0, NULL, NULL, NULL, 0, 0, NULL, NULL, NULL, NULL, 1, 0, NULL, NULL, NULL, 0, NULL, NULL, 5, NULL, '2021-03-21 02:46:55', '2021-03-21 02:46:55'),
(136, 1, '71', '2021-03-20', 47, NULL, NULL, NULL, 91772.5, 91772.5, NULL, 87438.692, 0, NULL, NULL, NULL, 0, 0, NULL, NULL, NULL, NULL, 1, 0, NULL, NULL, NULL, 0, NULL, NULL, 5, 5, '2021-03-21 03:03:57', '2021-03-21 22:34:51'),
(137, 1, '72', '2021-03-20', 47, NULL, NULL, NULL, 46197, 46197, NULL, 37347, 0, NULL, NULL, NULL, 0, 0, NULL, NULL, NULL, NULL, 1, 0, NULL, NULL, NULL, 0, NULL, NULL, 5, NULL, '2021-03-21 03:05:21', '2021-03-21 03:05:21'),
(138, 1, '73', '2021-03-20', 183, NULL, NULL, NULL, 19337.4, 0, NULL, 18544.68, 0, NULL, NULL, NULL, 0, 0, NULL, NULL, NULL, NULL, 1, 40, NULL, NULL, NULL, 0, NULL, NULL, 5, NULL, '2021-03-21 03:08:21', '2021-03-21 03:08:21'),
(139, 1, '74', '2021-03-20', 95, NULL, NULL, NULL, 57500.1, 0, NULL, 56156.8, 0, NULL, NULL, NULL, 0, 0, NULL, NULL, NULL, NULL, 1, 0, NULL, NULL, NULL, 0, NULL, NULL, 5, NULL, '2021-03-21 03:09:27', '2021-03-21 03:09:27'),
(140, 1, '75', '2021-03-20', 184, NULL, NULL, NULL, 1900, 0, NULL, 1770, 0, NULL, NULL, NULL, 0, 0, NULL, NULL, NULL, NULL, 1, 0, NULL, NULL, NULL, 0, NULL, NULL, 5, NULL, '2021-03-21 03:10:49', '2021-03-21 03:10:49'),
(141, 1, '76', '2021-03-20', 185, NULL, NULL, NULL, 42594.75, 0, NULL, 38371.63, 0, NULL, NULL, NULL, 0, 0, NULL, NULL, NULL, NULL, 1, 0, NULL, NULL, NULL, 0, NULL, NULL, 5, NULL, '2021-03-21 03:14:13', '2021-03-21 03:14:13'),
(142, 1, '77', '2021-03-20', 186, NULL, NULL, NULL, 21000, 0, NULL, 20410.32, 0, NULL, NULL, NULL, 0, 0, NULL, NULL, NULL, NULL, 1, 0, NULL, NULL, NULL, 0, NULL, NULL, 5, NULL, '2021-03-21 03:16:06', '2021-03-21 03:16:06'),
(143, 1, '78', '2021-03-20', 187, NULL, NULL, NULL, 57989.36, 0, NULL, 55693.3, 0, NULL, NULL, NULL, 0, 0, NULL, NULL, NULL, NULL, 1, 0, NULL, NULL, NULL, 0, NULL, NULL, 5, NULL, '2021-03-21 03:18:30', '2021-03-21 03:18:30'),
(144, 1, '79', '2021-03-20', 188, NULL, NULL, NULL, 1720, 0, NULL, 1640, 0, NULL, NULL, NULL, 0, 0, NULL, NULL, NULL, NULL, 1, 0, NULL, NULL, NULL, 0, NULL, NULL, 5, NULL, '2021-03-21 03:20:52', '2021-03-21 03:20:52'),
(145, 1, '80', '2021-03-20', 189, NULL, NULL, NULL, 5120, 0, NULL, 4864, 0, NULL, NULL, NULL, 0, 0, NULL, NULL, NULL, NULL, 1, 0, NULL, NULL, NULL, 0, NULL, NULL, 5, NULL, '2021-03-21 03:23:39', '2021-03-21 03:23:39'),
(146, 1, '81', '2021-03-20', 95, NULL, NULL, NULL, 28300, 0, NULL, 27385.79, 0, NULL, NULL, NULL, 0, 0, NULL, NULL, NULL, NULL, 1, 0, NULL, NULL, NULL, 0, NULL, NULL, 5, NULL, '2021-03-21 03:24:46', '2021-03-21 03:24:46'),
(147, 1, '82', '2021-03-20', 190, NULL, NULL, NULL, 1890, 0, NULL, 1755, 0, NULL, NULL, NULL, 0, 0, NULL, NULL, NULL, NULL, 1, 0, NULL, NULL, NULL, 0, NULL, NULL, 5, NULL, '2021-03-21 03:26:08', '2021-03-21 03:26:08'),
(148, 1, '83', '2021-03-20', 191, NULL, NULL, NULL, 41244.54, 0, NULL, 39970.884, 0, NULL, NULL, NULL, 0, 0, NULL, NULL, NULL, NULL, 1, 0, NULL, NULL, NULL, 0, NULL, NULL, 5, NULL, '2021-03-21 03:29:40', '2021-03-21 03:29:40'),
(149, 1, '84', '2021-03-21', 192, NULL, NULL, NULL, 46475, 0, NULL, 44683.8, 0, NULL, NULL, NULL, 0, 0, NULL, NULL, NULL, NULL, 1, 0, NULL, NULL, NULL, 0, NULL, NULL, 5, 1, '2021-03-21 17:24:48', '2021-03-21 17:45:14'),
(150, 1, '85', '2021-03-13', 86, NULL, NULL, NULL, 39010, 39010, NULL, 38027.73, 0, NULL, NULL, NULL, 0, 0, NULL, NULL, NULL, NULL, 1, 0, NULL, NULL, NULL, 0, NULL, NULL, 5, NULL, '2021-03-21 18:28:59', '2021-03-21 18:28:59'),
(151, 1, '86', '2021-03-13', 82, NULL, NULL, NULL, 3064.29, 3064.29, NULL, 2801.73, 0, NULL, NULL, NULL, 0, 0, NULL, NULL, NULL, NULL, 1, 0, NULL, NULL, NULL, 0, NULL, NULL, 5, NULL, '2021-03-21 18:30:04', '2021-03-21 18:30:04'),
(152, 1, '87', '2021-03-13', 102, NULL, NULL, NULL, 4102.2, 0, NULL, 4024.8, 0, NULL, NULL, NULL, 0, 0, NULL, NULL, NULL, NULL, 1, 0, NULL, NULL, NULL, 0, NULL, NULL, 5, NULL, '2021-03-21 18:31:12', '2021-03-21 18:31:12'),
(153, 1, '88', '2021-03-13', 193, NULL, NULL, NULL, 10880, 0, NULL, 10160, 0, NULL, NULL, NULL, 0, 0, NULL, NULL, NULL, NULL, 1, 0, NULL, NULL, NULL, 0, NULL, NULL, 5, NULL, '2021-03-21 18:33:15', '2021-03-21 18:33:15'),
(154, 1, '89', '2021-03-13', 194, NULL, NULL, NULL, 159539.76, 0, NULL, 154186.38, 0, NULL, NULL, NULL, 0, 0, NULL, NULL, NULL, NULL, 1, 360, NULL, NULL, NULL, 0, NULL, NULL, 5, NULL, '2021-03-21 18:36:11', '2021-03-21 18:36:11'),
(155, 1, '90', '2021-03-13', 196, NULL, NULL, NULL, 19233.4, 0, NULL, 18396.6, 0, NULL, NULL, NULL, 0, 0, NULL, NULL, NULL, NULL, 1, 0, NULL, NULL, NULL, 0, NULL, NULL, 5, NULL, '2021-03-21 18:38:51', '2021-03-21 18:38:51'),
(156, 1, '91', '2021-03-13', 196, NULL, NULL, NULL, 2750, 0, NULL, 2600, 0, NULL, NULL, NULL, 0, 0, NULL, NULL, NULL, NULL, 1, 0, NULL, NULL, NULL, 0, NULL, NULL, 5, NULL, '2021-03-21 18:39:49', '2021-03-21 18:39:49'),
(157, 1, '92', '2021-03-13', 197, NULL, NULL, NULL, 289999.64, 0, NULL, 293196.85, 0, NULL, NULL, NULL, 0, 0, NULL, NULL, NULL, NULL, 1, 0, NULL, NULL, NULL, 0, NULL, NULL, 5, NULL, '2021-03-21 18:48:49', '2021-03-21 18:48:49'),
(158, 1, '93', '2021-03-13', 95, NULL, NULL, NULL, 11588.92, 0, NULL, 11381.72, 0, NULL, NULL, NULL, 0, 0, NULL, NULL, NULL, NULL, 1, 0, NULL, NULL, NULL, 0, NULL, NULL, 5, NULL, '2021-03-21 18:50:05', '2021-03-21 18:50:05'),
(159, 1, '94', '2021-03-13', 198, NULL, NULL, NULL, 13970, 0, NULL, 13266.6, 0, NULL, NULL, NULL, 0, 0, NULL, NULL, NULL, NULL, 1, 30, NULL, NULL, NULL, 0, NULL, NULL, 5, NULL, '2021-03-21 19:08:45', '2021-03-21 19:08:45'),
(160, 1, '95', '2021-03-13', 109, NULL, NULL, NULL, 20460.47, 0, NULL, 19741.23, 0, NULL, NULL, NULL, 0, 0, NULL, NULL, NULL, NULL, 1, 0, NULL, NULL, NULL, 0, NULL, NULL, 5, NULL, '2021-03-21 19:10:54', '2021-03-21 19:10:54'),
(161, 1, '96', '2021-03-13', 199, NULL, NULL, NULL, 21051.35, 0, NULL, 20215.25, 0, NULL, NULL, NULL, 0, 0, NULL, NULL, NULL, NULL, 1, 50, NULL, NULL, NULL, 0, NULL, NULL, 5, NULL, '2021-03-21 19:15:04', '2021-03-21 19:15:04'),
(162, 1, '97', '2021-03-13', 200, NULL, NULL, NULL, 15557.22, 0, NULL, 14895, 0, NULL, NULL, NULL, 0, 0, NULL, NULL, NULL, NULL, 1, 0, NULL, NULL, 15557.22, 0, NULL, NULL, 5, 5, '2021-03-21 19:18:28', '2021-03-22 22:52:19'),
(163, 1, '98', '2021-03-13', 163, NULL, NULL, NULL, 5974.474, 0, NULL, 5829.146, 0, NULL, NULL, NULL, 0, 0, NULL, NULL, NULL, NULL, 1, 0, NULL, NULL, NULL, 0, NULL, NULL, 5, NULL, '2021-03-21 19:22:00', '2021-03-21 19:22:00'),
(164, 1, '99', '2021-03-13', 87, NULL, NULL, NULL, 12610.1, 0, NULL, 12172.2, 0, NULL, NULL, NULL, 0, 0, NULL, NULL, NULL, NULL, 1, 40, NULL, NULL, NULL, 0, NULL, NULL, 5, NULL, '2021-03-21 19:23:39', '2021-03-21 19:23:39'),
(165, 1, '100', '2021-03-13', 201, NULL, NULL, NULL, 47403, 0, NULL, 0, 0, NULL, NULL, NULL, 0, 0, NULL, NULL, NULL, NULL, 1, 0, NULL, NULL, NULL, 0, NULL, NULL, 5, 5, '2021-03-21 19:26:08', '2021-03-23 22:00:34'),
(166, 1, '101', '2021-03-13', 138, NULL, NULL, NULL, 181750, 0, NULL, 176950.25, 0, NULL, NULL, NULL, 0, 0, NULL, NULL, NULL, NULL, 1, 0, NULL, NULL, NULL, 0, NULL, NULL, 5, NULL, '2021-03-21 19:28:58', '2021-03-21 19:28:58'),
(167, 1, '102', '2021-03-11', 1, NULL, NULL, NULL, 0, 0, NULL, 390655.8, 0, NULL, NULL, NULL, 0, 0, NULL, NULL, NULL, NULL, 1, 431650.27, NULL, NULL, NULL, 0, NULL, NULL, 5, 5, '2021-03-21 20:09:24', '2021-03-27 23:23:01'),
(168, 1, '103', '2021-03-21', 202, NULL, NULL, NULL, 19390, 0, NULL, 18160, 0, NULL, NULL, NULL, 0, 0, NULL, NULL, NULL, NULL, 1, 100, NULL, NULL, NULL, 0, NULL, NULL, 5, 5, '2021-03-21 20:43:21', '2021-03-21 22:49:30'),
(169, 1, '104', '2021-03-21', 48, NULL, NULL, NULL, 200049.69, 200049.69, NULL, 193245.45, 0, NULL, NULL, NULL, 0, 0, NULL, NULL, NULL, NULL, 1, 0, NULL, NULL, NULL, 0, NULL, NULL, 5, NULL, '2021-03-21 22:57:06', '2021-03-21 22:57:06'),
(170, 1, '105', '2021-03-21', 204, NULL, NULL, NULL, 40243.05, 0, NULL, 38327.38, 0, NULL, NULL, NULL, 0, 0, NULL, NULL, NULL, NULL, 1, 0, NULL, NULL, NULL, 0, NULL, NULL, 5, NULL, '2021-03-22 00:33:58', '2021-03-22 00:33:58'),
(171, 1, '106', '2021-03-21', 80, NULL, NULL, NULL, 93483.88, 93483.88, NULL, 85704.42, 0, NULL, NULL, NULL, 0, 0, NULL, NULL, NULL, NULL, 1, 0, NULL, NULL, NULL, 0, NULL, NULL, 5, NULL, '2021-03-22 00:38:04', '2021-03-22 00:38:04'),
(172, 1, '107', '2021-03-21', 97, NULL, NULL, NULL, 57785, 0, NULL, 47547.5, 0, NULL, NULL, NULL, 0, 0, NULL, NULL, NULL, NULL, 1, 0, NULL, NULL, 57785, 0, NULL, NULL, 5, 5, '2021-03-22 00:40:03', '2021-03-28 18:37:53'),
(173, 1, '108', '2021-03-21', 80, NULL, NULL, NULL, 18999.9, 18999.9, NULL, 16842.45, 0, NULL, NULL, NULL, 0, 0, NULL, NULL, NULL, NULL, 1, 0, NULL, NULL, NULL, 0, NULL, NULL, 5, NULL, '2021-03-22 17:33:20', '2021-03-22 17:33:20'),
(174, 1, '109', '2021-03-22', 205, NULL, NULL, NULL, 42182, 0, NULL, 40649, 0, NULL, NULL, NULL, 0, 0, NULL, NULL, NULL, NULL, 1, 40, NULL, NULL, NULL, 0, NULL, NULL, 5, 5, '2021-03-22 17:52:43', '2021-03-22 23:48:17'),
(175, 1, '110', '2021-03-22', 206, NULL, NULL, NULL, 30264.25, 0, NULL, 27667.25, 0, NULL, NULL, NULL, 0, 0, NULL, NULL, NULL, NULL, 1, 0, NULL, NULL, NULL, 0, NULL, NULL, 5, NULL, '2021-03-22 23:51:46', '2021-03-22 23:51:46'),
(176, 1, '111', '2021-03-22', 208, NULL, NULL, NULL, 770, 0, NULL, 635, 0, NULL, NULL, NULL, 0, 0, NULL, NULL, NULL, NULL, 1, 0, NULL, NULL, NULL, 0, NULL, NULL, 5, NULL, '2021-03-22 23:53:09', '2021-03-22 23:53:09'),
(177, 1, '112', '2021-03-22', 209, NULL, NULL, NULL, 17371.36, 0, NULL, 14942.56, 0, NULL, NULL, NULL, 0, 0, NULL, NULL, NULL, NULL, 1, 0, NULL, NULL, NULL, 0, NULL, NULL, 5, NULL, '2021-03-22 23:57:07', '2021-03-22 23:57:07'),
(178, 1, '113', '2021-03-22', 80, NULL, NULL, NULL, 5614.26, 5614.26, NULL, 5314.26, 0, NULL, NULL, NULL, 0, 0, NULL, NULL, NULL, NULL, 1, 0, NULL, NULL, NULL, 0, NULL, NULL, 5, NULL, '2021-03-23 01:06:20', '2021-03-23 01:06:20'),
(179, 1, '114', '2021-03-22', 47, NULL, NULL, NULL, 156192.64, 156192.64, NULL, 147355.9, 0, NULL, NULL, NULL, 0, 0, NULL, NULL, NULL, NULL, 1, 0, NULL, NULL, NULL, 0, NULL, NULL, 5, 5, '2021-03-23 01:37:32', '2021-03-23 01:40:01'),
(180, 1, '115', '2021-03-22', 156, NULL, NULL, NULL, 6779, 0, NULL, 6528.08, 0, NULL, NULL, NULL, 0, 0, NULL, NULL, NULL, NULL, 1, 25.268, NULL, NULL, 6779, 0, NULL, NULL, 5, NULL, '2021-03-23 01:49:22', '2021-03-23 01:49:22'),
(181, 1, '116', '2021-03-22', 47, NULL, NULL, NULL, 40585, 40585, NULL, 38537.75, 0, NULL, NULL, NULL, 0, 0, NULL, NULL, NULL, NULL, 1, 0.12, NULL, NULL, NULL, 0, NULL, NULL, 5, NULL, '2021-03-23 02:00:12', '2021-03-23 02:00:12'),
(182, 1, '117', '2021-03-22', 89, NULL, NULL, NULL, 9690, 9690, NULL, 9180, 0, NULL, NULL, NULL, 0, 0, NULL, NULL, NULL, NULL, 1, 0, NULL, NULL, NULL, 0, NULL, NULL, 5, NULL, '2021-03-23 02:06:17', '2021-03-23 02:06:17'),
(183, 1, '118', '2021-03-22', 81, NULL, NULL, NULL, 82298, 82298, NULL, 76739.47, 0, NULL, NULL, NULL, 0, 0, NULL, NULL, NULL, NULL, 1, 3.08, NULL, NULL, NULL, 0, NULL, NULL, 5, NULL, '2021-03-23 02:13:48', '2021-03-23 02:13:48'),
(184, 1, '119', '2021-03-22', 210, NULL, NULL, NULL, 10745, 0, NULL, 10250, 0, NULL, NULL, NULL, 0, 0, NULL, NULL, NULL, NULL, 1, 5, NULL, NULL, 10745, 0, NULL, NULL, 5, NULL, '2021-03-23 02:16:58', '2021-03-23 02:16:58'),
(185, 1, '120', '2021-03-23', 140, NULL, NULL, NULL, 11864, 0, NULL, 11157.19, 0, NULL, NULL, NULL, 0, 0, NULL, NULL, NULL, NULL, 1, 0.38, NULL, NULL, 11864, 0, NULL, NULL, 5, 5, '2021-03-23 19:25:55', '2021-03-23 19:41:38'),
(186, 1, '121', '2021-03-23', 95, NULL, NULL, NULL, 9736, 0, NULL, 9343.84, 0, NULL, NULL, NULL, 0, 0, NULL, NULL, NULL, NULL, 1, 0, NULL, NULL, 9736, 0, NULL, NULL, 5, NULL, '2021-03-23 19:27:40', '2021-03-23 19:27:40'),
(187, 1, '122', '2021-03-23', 149, NULL, NULL, NULL, 5805, 0, NULL, 5590, 0, NULL, NULL, NULL, 0, 0, NULL, NULL, NULL, NULL, 1, 0, NULL, NULL, 5805, 0, NULL, NULL, 5, 5, '2021-03-23 19:28:26', '2021-03-25 02:12:32'),
(188, 1, '123', '2021-03-23', 211, NULL, NULL, NULL, 40291.8, 0, NULL, 34788.86, 0, NULL, NULL, NULL, 0, 0, NULL, NULL, NULL, NULL, 1, 0, NULL, NULL, 40291.8, 0, NULL, NULL, 5, NULL, '2021-03-23 19:33:40', '2021-03-23 19:33:40'),
(189, 1, '124', '2021-03-23', 81, NULL, NULL, NULL, 3510, 3510, NULL, 3186, 0, NULL, NULL, NULL, 0, 0, NULL, NULL, NULL, NULL, 1, 0, NULL, NULL, NULL, 0, NULL, NULL, 5, NULL, '2021-03-23 19:35:12', '2021-03-23 19:35:12'),
(190, 1, '125', '2021-03-23', 80, NULL, NULL, NULL, 135123.97, 135123.97, NULL, 126000.21, 0, NULL, NULL, NULL, 0, 0, NULL, NULL, NULL, NULL, 1, 0.04, NULL, NULL, NULL, 0, NULL, NULL, 5, 5, '2021-03-23 19:36:32', '2021-03-24 01:50:41'),
(191, 1, '126', '2021-03-23', 80, NULL, NULL, NULL, 47350, 47350, NULL, 45164.16, 0, NULL, NULL, NULL, 0, 0, NULL, NULL, NULL, NULL, 1, 0.84, NULL, NULL, NULL, 0, NULL, NULL, 5, 5, '2021-03-23 19:45:27', '2021-03-24 00:31:08'),
(192, 1, '127', '2021-03-23', 141, NULL, NULL, NULL, 83709, 83709, NULL, 80025.5, 0, NULL, NULL, NULL, 0, 0, NULL, NULL, NULL, NULL, 1, 0.2, NULL, NULL, NULL, 0, NULL, NULL, 5, 5, '2021-03-23 20:07:29', '2021-03-23 21:47:07'),
(193, 1, '128', '2021-03-23', 47, NULL, NULL, NULL, 48740, 48740, NULL, 45769.46, 0, NULL, NULL, NULL, 0, 0, NULL, NULL, NULL, NULL, 1, 0.2, NULL, NULL, NULL, 0, NULL, NULL, 5, NULL, '2021-03-23 21:54:45', '2021-03-23 21:54:45'),
(194, 1, '129', '2021-03-23', 84, NULL, NULL, NULL, 46476, 46476, NULL, 44262, 0, NULL, NULL, NULL, 0, 0, NULL, NULL, NULL, NULL, 1, 0, NULL, NULL, NULL, 0, NULL, NULL, 5, 5, '2021-03-24 00:35:06', '2021-03-24 00:39:31'),
(195, 1, '130', '2021-03-23', 102, NULL, NULL, NULL, 9900, 0, NULL, 9448, 0, NULL, NULL, NULL, 0, 0, NULL, NULL, NULL, NULL, 1, 0, NULL, NULL, NULL, 0, NULL, NULL, 5, 5, '2021-03-24 00:41:26', '2021-03-24 17:40:33'),
(196, 1, '131', '2021-03-23', 81, NULL, NULL, NULL, 92655, 92655, NULL, 88536.56, 0, NULL, NULL, NULL, 0, 0, NULL, NULL, NULL, NULL, 1, 0, NULL, NULL, NULL, 0, NULL, NULL, 5, NULL, '2021-03-24 01:16:23', '2021-03-24 01:16:23'),
(197, 1, '132', '2021-03-23', 124, NULL, NULL, NULL, 17092.5, 17092.5, NULL, 16770, 0, NULL, NULL, NULL, 0, 0, NULL, NULL, NULL, NULL, 1, 0, NULL, NULL, NULL, 0, NULL, NULL, 5, NULL, '2021-03-24 01:17:27', '2021-03-24 01:17:27'),
(198, 1, '133', '2021-03-24', 136, NULL, NULL, NULL, 15325, 0, NULL, 14350, 0, NULL, NULL, NULL, 0, 0, NULL, NULL, NULL, NULL, 1, 75, NULL, NULL, NULL, 0, NULL, NULL, 5, 5, '2021-03-24 17:42:52', '2021-03-24 21:10:05'),
(199, 1, '134', '2021-03-24', 213, NULL, NULL, NULL, 1600, 0, NULL, 1640, 0, NULL, NULL, NULL, 0, 0, NULL, NULL, NULL, NULL, 1, 0, NULL, NULL, 1600, 0, NULL, NULL, 5, NULL, '2021-03-24 21:11:43', '2021-03-24 21:11:43'),
(200, 1, '135', '2021-03-24', 214, NULL, NULL, NULL, 19952, 0, NULL, 18511.45, 0, NULL, NULL, NULL, 0, 0, NULL, NULL, NULL, NULL, 1, 0, NULL, NULL, 19952, 0, NULL, NULL, 5, NULL, '2021-03-24 21:14:41', '2021-03-24 21:14:41'),
(201, 1, '136', '2021-03-24', 215, NULL, NULL, NULL, 47232, 0, NULL, 45382.93, 0, NULL, NULL, NULL, 0, 0, NULL, NULL, NULL, NULL, 1, 1.5, NULL, NULL, 47232, 0, NULL, NULL, 5, NULL, '2021-03-24 21:19:53', '2021-03-24 21:19:53'),
(202, 1, '137', '2021-03-24', 47, NULL, NULL, NULL, 161354, 161354, NULL, 150171.11, 0, NULL, NULL, NULL, 0, 0, NULL, NULL, NULL, NULL, 1, 0.31, NULL, NULL, NULL, 0, NULL, NULL, 5, NULL, '2021-03-24 21:30:27', '2021-03-24 21:30:27'),
(203, 1, '138', '2021-03-24', 47, NULL, NULL, NULL, 20640, 20640, NULL, 20210, 0, NULL, NULL, NULL, 0, 0, NULL, NULL, NULL, NULL, 1, 0, NULL, NULL, NULL, 0, NULL, NULL, 5, NULL, '2021-03-24 21:31:35', '2021-03-24 21:31:35'),
(204, 1, '139', '2021-03-24', 80, NULL, NULL, NULL, 10000, 10000, NULL, 9321.36, 0, NULL, NULL, NULL, 0, 0, NULL, NULL, NULL, NULL, 1, 0.08, NULL, NULL, NULL, 0, NULL, NULL, 5, 5, '2021-03-24 21:32:33', '2021-03-25 00:12:17'),
(205, 1, '140', '2021-03-24', 216, NULL, NULL, NULL, 39900, 0, NULL, 37411.48, 0, NULL, NULL, NULL, 0, 0, NULL, NULL, NULL, NULL, 1, 300.65, NULL, NULL, 39900, 0, NULL, NULL, 5, NULL, '2021-03-25 00:15:56', '2021-03-25 00:15:56'),
(206, 1, '141', '2021-03-24', 149, NULL, NULL, NULL, 12040, 0, NULL, 11180, 0, NULL, NULL, NULL, 0, 0, NULL, NULL, NULL, NULL, 1, 0, NULL, NULL, 12040, 0, NULL, NULL, 5, 5, '2021-03-25 00:16:33', '2021-03-25 02:11:41'),
(207, 1, '142', '2021-03-24', 217, NULL, NULL, NULL, 55952, 0, NULL, 52415.02, 0, NULL, NULL, NULL, 0, 0, NULL, NULL, NULL, NULL, 1, 30.14, NULL, NULL, 55952, 0, NULL, NULL, 5, NULL, '2021-03-25 00:20:40', '2021-03-25 00:20:40'),
(208, 1, '143', '2021-03-24', 218, NULL, NULL, NULL, 27427, 0, NULL, 25213.6, 0, NULL, NULL, NULL, 0, 0, NULL, NULL, NULL, NULL, 1, 0, NULL, NULL, 27427, 0, NULL, NULL, 5, NULL, '2021-03-25 00:24:19', '2021-03-25 00:24:19'),
(209, 1, '144', '2021-03-24', 149, NULL, NULL, NULL, 9144, 5035, NULL, 8526.33, 0, NULL, NULL, NULL, 0, 0, NULL, NULL, NULL, NULL, 1, 0, NULL, NULL, 4109, 0, NULL, NULL, 5, 5, '2021-03-25 00:27:04', '2021-03-25 02:13:38'),
(210, 1, '145', '2021-03-24', 219, NULL, NULL, NULL, 64487, 0, NULL, 62886.6, 0, NULL, NULL, NULL, 0, 0, NULL, NULL, NULL, NULL, 1, 1.9, NULL, NULL, 64487, 0, NULL, NULL, 5, NULL, '2021-03-25 01:52:28', '2021-03-25 01:52:28'),
(211, 1, '146', '2021-03-24', 192, NULL, NULL, NULL, 3985, 0, NULL, 3710.91, 0, NULL, NULL, NULL, 0, 0, NULL, NULL, NULL, NULL, 1, 10, NULL, NULL, 3985, 0, NULL, NULL, 5, NULL, '2021-03-25 02:10:02', '2021-03-25 02:10:02'),
(212, 1, '147', '2021-03-25', 220, NULL, NULL, NULL, 8370, 0, NULL, 7791, 0, NULL, NULL, NULL, 0, 0, NULL, NULL, NULL, NULL, 1, 30, NULL, NULL, 8370, 0, NULL, NULL, 5, NULL, '2021-03-26 00:19:04', '2021-03-26 00:19:04'),
(213, 1, '148', '2021-03-25', 221, NULL, NULL, NULL, 3188, 0, NULL, 2932.15, 0, NULL, NULL, NULL, 0, 0, NULL, NULL, NULL, NULL, 1, 2, NULL, NULL, 3188, 0, NULL, NULL, 5, 5, '2021-03-26 00:20:40', '2021-03-28 00:40:49'),
(214, 1, '149', '2021-03-25', 222, NULL, NULL, NULL, 4946, 0, NULL, 4434.56, 0, NULL, NULL, NULL, 0, 0, NULL, NULL, NULL, NULL, 1, 0.24, NULL, NULL, 4946, 0, NULL, NULL, 5, 5, '2021-03-26 00:21:58', '2021-03-28 00:39:39'),
(215, 1, '150', '2021-03-25', 185, NULL, NULL, NULL, 1650, 0, NULL, 1490, 0, NULL, NULL, NULL, 0, 0, NULL, NULL, NULL, NULL, 1, 0, NULL, NULL, 1650, 0, NULL, NULL, 5, NULL, '2021-03-26 00:24:28', '2021-03-26 00:24:28'),
(216, 1, '151', '2021-03-25', 223, NULL, NULL, NULL, 6555, 0, NULL, 6174.16, 0, NULL, NULL, NULL, 0, 0, NULL, NULL, NULL, NULL, 1, 0, NULL, NULL, 6555, 0, NULL, NULL, 5, NULL, '2021-03-26 00:38:12', '2021-03-26 00:38:12'),
(217, 1, '152', '2021-03-25', 224, NULL, NULL, NULL, 13768, 0, NULL, 12665.56, 0, NULL, NULL, NULL, 0, 0, NULL, NULL, NULL, NULL, 1, 0.4, NULL, NULL, 13768, 0, NULL, NULL, 5, NULL, '2021-03-26 00:41:12', '2021-03-26 00:41:12'),
(218, 1, '153', '2021-03-25', 47, NULL, NULL, NULL, 157201, 157201, NULL, 150241.41, 0, NULL, NULL, NULL, 0, 0, NULL, NULL, NULL, NULL, 1, 0.38, NULL, NULL, NULL, 0, NULL, NULL, 5, NULL, '2021-03-26 01:04:17', '2021-03-26 01:04:17'),
(219, 1, '154', '2021-03-25', 84, NULL, NULL, NULL, 19271, 19271, NULL, 18203.85, 0, NULL, NULL, NULL, 0, 0, NULL, NULL, NULL, NULL, 1, NULL, NULL, NULL, NULL, 0, NULL, NULL, 5, NULL, '2021-03-26 01:19:56', '2021-03-26 01:19:56'),
(220, 1, '155', '2021-03-25', 47, NULL, NULL, NULL, 13390, 13390, NULL, 12713.12, 0, NULL, NULL, NULL, 0, 0, NULL, NULL, NULL, NULL, 1, 0.24, NULL, NULL, NULL, 0, NULL, NULL, 5, NULL, '2021-03-26 01:21:33', '2021-03-26 01:21:33'),
(221, 1, '156', '2021-03-25', 80, NULL, NULL, NULL, 26400, 26400, NULL, 24799.88, 0, NULL, NULL, NULL, 0, 0, NULL, NULL, NULL, NULL, 1, 0.08, NULL, NULL, NULL, 0, NULL, NULL, 5, NULL, '2021-03-26 01:22:27', '2021-03-26 01:22:27'),
(222, 1, '157', '2021-03-25', 47, NULL, NULL, NULL, 16893, 16893, NULL, 16310, 0, NULL, NULL, NULL, 0, 0, NULL, NULL, NULL, NULL, 1, 1.5, NULL, NULL, NULL, 0, NULL, NULL, 5, NULL, '2021-03-26 01:43:16', '2021-03-26 01:43:16'),
(223, 1, '158', '2021-03-27', 87, NULL, NULL, NULL, 2271, 0, NULL, 2125.6, 0, NULL, NULL, NULL, 0, 0, NULL, NULL, NULL, NULL, 1, 0, NULL, NULL, 2271, 0, NULL, NULL, 5, NULL, '2021-03-27 22:24:12', '2021-03-27 22:24:12'),
(224, 1, '159', '2021-03-27', 225, NULL, NULL, NULL, 58869, 0, NULL, 43797.4, 0, NULL, NULL, NULL, 0, 0, NULL, NULL, NULL, NULL, 1, 0, NULL, NULL, 58869, 0, NULL, NULL, 5, 5, '2021-03-27 22:27:52', '2021-03-28 18:30:06'),
(225, 1, '160', '2021-03-27', 177, NULL, NULL, NULL, 91750, 0, NULL, 87603.12, 0, NULL, NULL, NULL, 0, 0, NULL, NULL, NULL, NULL, 1, 50, NULL, NULL, 91750, 0, NULL, NULL, 5, 5, '2021-03-27 22:29:42', '2021-03-28 00:41:27'),
(226, 1, '161', '2021-03-27', 226, NULL, NULL, NULL, 43500, 0, NULL, 41000, 0, NULL, NULL, NULL, 0, 0, NULL, NULL, NULL, NULL, 1, 0, NULL, NULL, 43500, 0, NULL, NULL, 5, NULL, '2021-03-27 22:31:25', '2021-03-27 22:31:25'),
(227, 1, '162', '2021-03-27', 227, NULL, NULL, NULL, 22000, 0, NULL, 20500, 0, NULL, NULL, NULL, 0, 0, NULL, NULL, NULL, NULL, 1, 0, NULL, NULL, 22000, 0, NULL, NULL, 5, NULL, '2021-03-27 22:33:10', '2021-03-27 22:33:10'),
(228, 1, '163', '2021-03-27', 80, NULL, NULL, NULL, 8437, 8437, NULL, 7948.7, 0, NULL, NULL, NULL, 0, 0, NULL, NULL, NULL, NULL, 1, 0, NULL, NULL, NULL, 0, NULL, NULL, 5, NULL, '2021-03-27 22:37:48', '2021-03-27 22:37:48'),
(229, 1, '164', '2021-03-27', 109, NULL, NULL, NULL, 18096, 0, NULL, 17042.94, 0, NULL, NULL, NULL, 0, 0, NULL, NULL, NULL, NULL, 1, 0, NULL, NULL, 18096, 0, NULL, NULL, 5, NULL, '2021-03-27 23:13:05', '2021-03-27 23:13:05'),
(230, 1, '165', '2021-03-27', 101, NULL, NULL, NULL, 79950, 79950, NULL, 74655, 0, NULL, NULL, NULL, 0, 0, NULL, NULL, NULL, NULL, 1, 0.15, NULL, NULL, NULL, 0, NULL, NULL, 5, NULL, '2021-03-27 23:43:29', '2021-03-27 23:43:29'),
(231, 1, '166', '2021-03-27', 80, NULL, NULL, NULL, 168708, 168708, NULL, 148305.65, 0, NULL, NULL, NULL, 0, 0, NULL, NULL, NULL, NULL, 1, 0.15, NULL, NULL, NULL, 0, NULL, NULL, 5, NULL, '2021-03-28 00:48:54', '2021-03-28 00:48:54'),
(232, 1, '167', '2021-03-27', 228, NULL, NULL, NULL, 2195, 0, NULL, 2050, 0, NULL, NULL, NULL, 0, 0, NULL, NULL, NULL, NULL, 1, 0, NULL, NULL, 2195, 0, NULL, NULL, 5, NULL, '2021-03-28 00:54:20', '2021-03-28 00:54:20'),
(233, 1, '168', '2021-03-28', 80, NULL, NULL, NULL, 39600, 39600, NULL, 37199.82, 0, NULL, NULL, NULL, 0, 0, NULL, NULL, NULL, NULL, 1, 0.12, NULL, NULL, NULL, 0, NULL, NULL, 5, 5, '2021-03-28 18:29:22', '2021-03-30 00:53:32'),
(234, 1, '169', '2021-03-28', 229, NULL, NULL, NULL, 5809, 0, NULL, 5012.96, 0, NULL, NULL, NULL, 0, 0, NULL, NULL, NULL, NULL, 1, 0.7348, NULL, NULL, NULL, 0, NULL, NULL, 5, NULL, '2021-03-28 23:32:11', '2021-03-28 23:32:11'),
(235, 1, '170', '2021-03-29', 231, NULL, NULL, NULL, 27825, 0, NULL, 25949.28, 0, NULL, NULL, NULL, 0, 0, NULL, NULL, NULL, NULL, 1, 0, NULL, NULL, 29230, 1405, NULL, NULL, 5, 5, '2021-03-29 21:44:53', '2021-03-29 22:10:46'),
(236, 1, '171', '2021-03-29', 232, NULL, NULL, NULL, 93850, 0, NULL, 86488.92, 0, NULL, NULL, NULL, 0, 0, NULL, NULL, NULL, NULL, 1, 5.6, NULL, NULL, 93850, 0, NULL, NULL, 5, NULL, '2021-03-29 21:48:50', '2021-03-29 21:48:50'),
(237, 1, '172', '2021-03-29', 233, NULL, NULL, NULL, 9564, 0, NULL, 8485.95, 0, NULL, NULL, NULL, 0, 0, NULL, NULL, NULL, NULL, 1, 0.29, NULL, NULL, 9564, 0, NULL, NULL, 5, NULL, '2021-03-29 21:53:18', '2021-03-29 21:53:18'),
(238, 1, '173', '2021-03-29', 235, NULL, NULL, NULL, 204917, 44917, NULL, 188594.4, 0, NULL, NULL, NULL, 0, 0, NULL, NULL, NULL, NULL, 1, 1, NULL, NULL, 160000, 0, NULL, NULL, 5, 5, '2021-03-29 21:56:28', '2021-03-29 22:01:35'),
(239, 1, '174', '2021-03-29', 236, NULL, NULL, NULL, 26700, 0, NULL, 24600, 0, NULL, NULL, NULL, 0, 0, NULL, NULL, NULL, NULL, 1, 0, NULL, NULL, 26700, 0, NULL, NULL, 5, NULL, '2021-03-29 21:58:01', '2021-03-29 21:58:01'),
(240, 1, '175', '2021-03-29', 235, NULL, NULL, NULL, 7461, 7461, NULL, 6892.96, 0, NULL, NULL, NULL, 0, 0, NULL, NULL, NULL, NULL, 1, 0.12, NULL, NULL, NULL, 0, NULL, NULL, 5, NULL, '2021-03-29 22:03:53', '2021-03-29 22:03:53'),
(241, 1, '176', '2021-03-29', 237, NULL, NULL, NULL, 16685, 16185, NULL, 15185.14, 0, NULL, NULL, NULL, 0, 0, NULL, NULL, NULL, NULL, 1, 3.154, NULL, NULL, 500, 0, NULL, NULL, 5, NULL, '2021-03-29 22:14:49', '2021-03-29 22:14:49'),
(242, 1, '177', '2021-03-29', 80, NULL, NULL, NULL, 137143, 137143, NULL, 119400, 0, NULL, NULL, NULL, 0, 0, NULL, NULL, NULL, NULL, 1, 17, NULL, NULL, NULL, 0, NULL, NULL, 5, NULL, '2021-03-29 22:18:48', '2021-03-29 22:18:48'),
(243, 1, '178', '2021-03-29', 80, NULL, NULL, NULL, 90222, 90222, NULL, 82666.48, 0, NULL, NULL, NULL, 0, 0, NULL, NULL, NULL, NULL, 1, 0.08, NULL, NULL, NULL, 0, NULL, NULL, 5, 1, '2021-03-30 00:27:35', '2021-04-05 17:33:24'),
(244, 1, '179', '2021-03-29', 238, NULL, NULL, NULL, 61275, 0, NULL, 55900, 0, NULL, NULL, NULL, 0, 0, NULL, NULL, NULL, NULL, 1, 0, NULL, NULL, 61275, 0, NULL, NULL, 5, NULL, '2021-03-30 00:52:40', '2021-03-30 00:52:40');

-- --------------------------------------------------------

--
-- Table structure for table `invoice_entries`
--

CREATE TABLE `invoice_entries` (
  `id` bigint(20) UNSIGNED NOT NULL,
  `invoice_id` bigint(20) UNSIGNED NOT NULL,
  `product_id` bigint(20) UNSIGNED NOT NULL,
  `product_entry_id` bigint(20) UNSIGNED NOT NULL,
  `main_unit_id` bigint(20) UNSIGNED NOT NULL,
  `conversion_unit_id` bigint(20) UNSIGNED NOT NULL,
  `customer_id` bigint(20) UNSIGNED NOT NULL,
  `reference_id` bigint(20) UNSIGNED DEFAULT NULL,
  `buy_price` double NOT NULL,
  `rate` double NOT NULL,
  `quantity` double NOT NULL DEFAULT 1,
  `total_amount` double NOT NULL,
  `discount_type` tinyint(4) NOT NULL COMMENT '0= % 1= BDT',
  `discount_amount` double NOT NULL,
  `branch_id` bigint(20) UNSIGNED DEFAULT NULL,
  `created_by` bigint(20) UNSIGNED DEFAULT NULL,
  `updated_by` bigint(20) UNSIGNED DEFAULT NULL,
  `created_at` timestamp NULL DEFAULT NULL,
  `updated_at` timestamp NULL DEFAULT NULL
) ENGINE=InnoDB DEFAULT CHARSET=utf8mb4 COLLATE=utf8mb4_unicode_ci;

--
-- Dumping data for table `invoice_entries`
--

INSERT INTO `invoice_entries` (`id`, `invoice_id`, `product_id`, `product_entry_id`, `main_unit_id`, `conversion_unit_id`, `customer_id`, `reference_id`, `buy_price`, `rate`, `quantity`, `total_amount`, `discount_type`, `discount_amount`, `branch_id`, `created_by`, `updated_by`, `created_at`, `updated_at`) VALUES
(149, 66, 29, 376, 7, 7, 47, NULL, 105.5, 120, 375, 45000, 0, 0, NULL, 5, NULL, '2021-03-14 22:27:48', '2021-04-05 17:32:51'),
(155, 70, 28, 349, 1, 1, 84, NULL, 424.11, 437.5, 12, 5250, 0, 0, NULL, 5, NULL, '2021-03-20 18:17:41', '2021-04-05 17:32:51'),
(180, 72, 28, 359, 1, 1, 80, NULL, 345.74, 354.17, 12, 4250.04, 0, 0, NULL, 5, NULL, NULL, '2021-04-05 17:32:51'),
(181, 72, 28, 360, 1, 1, 80, NULL, 404.56, 415, 10, 4150, 0, 0, NULL, 5, NULL, NULL, '2021-04-05 17:32:51'),
(182, 72, 28, 363, 1, 1, 80, NULL, 576.92, 592.86, 8, 4742.88, 0, 0, NULL, 5, NULL, NULL, '2021-04-05 17:32:51'),
(209, 79, 32, 364, 10, 10, 153, NULL, 5.2, 5.5, 180, 990, 0, 0, NULL, 5, NULL, NULL, '2021-04-05 17:32:51'),
(210, 79, 36, 373, 1, 1, 153, NULL, 76, 100, 1, 100, 0, 0, NULL, 5, NULL, NULL, '2021-04-05 17:32:51'),
(211, 80, 28, 417, 1, 1, 155, NULL, 486.75, 510, 10, 5100, 0, 0, NULL, 5, NULL, '2021-03-20 19:03:39', '2021-04-05 17:32:51'),
(213, 81, 31, 463, 1, 1, 156, NULL, 410, 420, 11, 4620, 0, 0, NULL, 5, NULL, NULL, '2021-04-05 17:32:51'),
(214, 82, 31, 463, 1, 1, 157, NULL, 410, 430, 30, 12900, 0, 0, NULL, 5, NULL, '2021-03-20 19:13:01', '2021-04-05 17:32:51'),
(217, 84, 31, 463, 1, 1, 160, NULL, 410, 430, 5, 2150, 0, 0, NULL, 5, NULL, '2021-03-20 19:17:27', '2021-04-05 17:32:51'),
(218, 85, 28, 336, 1, 1, 161, NULL, 592.26, 612, 10, 6120, 0, 0, NULL, 5, NULL, '2021-03-20 19:19:26', '2021-04-05 17:32:51'),
(219, 86, 28, 337, 1, 1, 95, NULL, 667.79, 681.25, 8, 5450, 0, 0, NULL, 5, NULL, '2021-03-20 19:21:17', '2021-04-05 17:32:51'),
(228, 73, 28, 351, 1, 1, 141, NULL, 566.82, 583.33, 18, 10499.94, 0, 0, NULL, 5, NULL, NULL, '2021-04-05 17:32:51'),
(229, 73, 28, 350, 1, 1, 141, NULL, 495.97, 515, 30, 15450, 0, 0, NULL, 5, NULL, NULL, '2021-04-05 17:32:51'),
(230, 73, 28, 353, 1, 1, 141, NULL, 710.64, 735.71, 49, 36049.79, 0, 0, NULL, 5, NULL, NULL, '2021-04-05 17:32:51'),
(231, 73, 28, 346, 1, 1, 141, NULL, 656.49, 683.33, 9, 6149.97, 0, 0, NULL, 5, NULL, NULL, '2021-04-05 17:32:51'),
(232, 73, 28, 347, 1, 1, 141, NULL, 742.63, 768.75, 8, 6150, 0, 0, NULL, 5, NULL, NULL, '2021-04-05 17:32:51'),
(233, 73, 28, 345, 1, 1, 141, NULL, 579.25, 600, 10, 6000, 0, 0, NULL, 5, NULL, NULL, '2021-04-05 17:32:51'),
(234, 73, 28, 487, 1, 1, 141, NULL, 279.62, 292.22, 18, 5259.96, 0, 0, NULL, 5, NULL, NULL, '2021-04-05 17:32:51'),
(235, 73, 28, 486, 1, 1, 141, NULL, 244.81, 258, 20, 5160, 0, 0, NULL, 5, NULL, NULL, '2021-04-05 17:32:51'),
(236, 73, 28, 489, 1, 1, 141, NULL, 349.11, 368.57, 21, 7739.97, 0, 0, NULL, 5, NULL, NULL, '2021-04-05 17:32:51'),
(237, 71, 28, 429, 1, 1, 141, NULL, 883.93, 900, 28, 25200, 0, 0, NULL, 5, NULL, NULL, '2021-04-05 17:32:51'),
(238, 71, 28, 353, 1, 1, 141, NULL, 710.64, 735.71, 28, 20599.88, 0, 0, NULL, 5, NULL, NULL, '2021-04-05 17:32:51'),
(239, 71, 28, 349, 1, 1, 141, NULL, 425.12, 437.5, 24, 10500, 0, 0, NULL, 5, NULL, NULL, '2021-04-05 17:32:51'),
(240, 71, 28, 351, 1, 1, 141, NULL, 566.82, 583.33, 18, 10499.94, 0, 0, NULL, 5, NULL, NULL, '2021-04-05 17:32:51'),
(241, 71, 28, 350, 1, 1, 141, NULL, 495.97, 515, 20, 10300, 0, 0, NULL, 5, NULL, NULL, '2021-04-05 17:32:51'),
(242, 71, 28, 355, 1, 1, 141, NULL, 455.09, 472, 10, 4720, 0, 0, NULL, 5, NULL, NULL, '2021-04-05 17:32:51'),
(243, 71, 28, 357, 1, 1, 141, NULL, 586.43, 602.5, 16, 9640, 0, 0, NULL, 5, NULL, NULL, '2021-04-05 17:32:51'),
(244, 71, 28, 358, 1, 1, 141, NULL, 649.25, 674.29, 7, 4720.03, 0, 0, NULL, 5, NULL, NULL, '2021-04-05 17:32:51'),
(245, 71, 28, 347, 1, 1, 141, NULL, 742.63, 768.75, 16, 12300, 0, 0, NULL, 5, NULL, NULL, '2021-04-05 17:32:51'),
(246, 71, 32, 364, 10, 10, 141, NULL, 5.2, 5.3, 1075, 5697.5, 0, 0, NULL, 5, NULL, NULL, '2021-04-05 17:32:51'),
(247, 69, 28, 357, 1, 1, 80, NULL, 586.43, 600.67, 72, 43248.24, 0, 0, NULL, 5, NULL, NULL, '2021-04-05 17:32:51'),
(248, 69, 28, 356, 1, 1, 80, NULL, 520.11, 532.74, 100, 53274, 0, 0, NULL, 5, NULL, NULL, '2021-04-05 17:32:51'),
(250, 90, 29, 376, 7, 7, 82, NULL, 105.5, 120, 1285, 154200, 0, 0, NULL, 5, NULL, '2021-03-20 21:05:33', '2021-04-05 17:32:51'),
(253, 91, 28, 354, 1, 1, 80, NULL, 388.39, 404.02, 12, 4848.24, 0, 0, NULL, 5, NULL, NULL, '2021-04-05 17:32:51'),
(257, 93, 29, 376, 7, 7, 82, NULL, 105.5, 125, 4320, 540000, 0, 0, NULL, 5, NULL, '2021-03-20 22:39:20', '2021-04-05 17:32:51'),
(258, 94, 37, 409, 1, 1, 84, NULL, 155, 158, 25, 3950, 0, 0, NULL, 5, NULL, '2021-03-20 22:42:46', '2021-04-05 17:32:51'),
(259, 95, 28, 343, 1, 1, 80, NULL, 885.71, 925.71, 7, 6479.97, 0, 0, NULL, 5, NULL, '2021-03-20 22:43:47', '2021-04-05 17:32:51'),
(303, 96, 28, 319, 1, 1, 47, NULL, 608.57, 620.83, 12, 7449.96, 0, 0, NULL, 5, NULL, NULL, '2021-04-05 17:32:51'),
(304, 96, 28, 321, 1, 1, 47, NULL, 812.98, 827.78, 9, 7450.02, 0, 0, NULL, 5, NULL, NULL, '2021-04-05 17:32:51'),
(305, 96, 28, 322, 1, 1, 47, NULL, 910.26, 931.25, 16, 14900, 0, 0, NULL, 5, NULL, NULL, '2021-04-05 17:32:51'),
(306, 96, 28, 323, 1, 1, 47, NULL, 1014.29, 1042.86, 14, 14600.04, 0, 0, NULL, 5, NULL, NULL, '2021-04-05 17:32:51'),
(307, 96, 28, 352, 1, 1, 47, NULL, 639.1, 662.5, 24, 15900, 0, 0, NULL, 5, NULL, NULL, '2021-04-05 17:32:51'),
(308, 96, 28, 351, 1, 1, 47, NULL, 566.82, 588.89, 36, 21200.04, 0, 0, NULL, 5, NULL, NULL, '2021-04-05 17:32:51'),
(309, 96, 28, 349, 1, 1, 47, NULL, 425.12, 441.67, 24, 10600.08, 0, 0, NULL, 5, NULL, NULL, '2021-04-05 17:32:51'),
(310, 96, 28, 356, 1, 1, 47, NULL, 520.11, 541.11, 18, 9739.98, 0, 0, NULL, 5, NULL, NULL, '2021-04-05 17:32:51'),
(311, 96, 28, 355, 1, 1, 47, NULL, 455.09, 477, 10, 4770, 0, 0, NULL, 5, NULL, NULL, '2021-04-05 17:32:51'),
(312, 98, 28, 488, 1, 1, 47, NULL, 313.83, 332.5, 8, 2660, 0, 0, NULL, 5, NULL, '2021-03-20 23:13:26', '2021-04-05 17:32:51'),
(313, 98, 28, 359, 1, 1, 47, NULL, 345.74, 360, 12, 4320, 0, 0, NULL, 5, NULL, '2021-03-20 23:13:26', '2021-04-05 17:32:51'),
(317, 100, 31, 463, 1, 1, 164, NULL, 410, 430, 30, 12900, 0, 0, NULL, 5, NULL, '2021-03-20 23:18:05', '2021-04-05 17:32:51'),
(322, 102, 32, 364, 10, 10, 102, NULL, 5.2, 5.3, 1075, 5697.5, 0, 0, NULL, 5, NULL, '2021-03-20 23:24:37', '2021-04-05 17:32:51'),
(323, 103, 28, 341, 1, 1, 166, NULL, 709.92, 733.33, 42, 30799.86, 0, 0, NULL, 5, NULL, '2021-03-20 23:26:53', '2021-04-05 17:32:51'),
(324, 104, 38, 366, 1, 1, 166, NULL, 195, 220, 11, 2420, 0, 0, NULL, 5, NULL, '2021-03-20 23:27:58', '2021-04-05 17:32:51'),
(325, 105, 28, 325, 1, 1, 167, NULL, 663.33, 690, 11, 7590, 0, 0, NULL, 5, NULL, '2021-03-20 23:33:21', '2021-04-05 17:32:51'),
(326, 105, 28, 328, 1, 1, 167, NULL, 947.62, 985.71, 33, 32528.43, 0, 0, NULL, 5, NULL, '2021-03-20 23:33:21', '2021-04-05 17:32:51'),
(327, 105, 28, 416, 1, 1, 167, NULL, 401.79, 416.67, 5, 2083.35, 0, 0, NULL, 5, NULL, '2021-03-20 23:33:21', '2021-04-05 17:32:51'),
(328, 105, 38, 366, 1, 1, 167, NULL, 195, 220, 14, 3080, 0, 0, NULL, 5, NULL, '2021-03-20 23:33:21', '2021-04-05 17:32:51'),
(330, 107, 28, 425, 1, 1, 169, NULL, 738.81, 785.71, 50, 39285.5, 0, 0, NULL, 5, NULL, '2021-03-20 23:41:46', '2021-04-05 17:32:51'),
(331, 107, 28, 429, 1, 1, 169, NULL, 883.93, 916.67, 50, 45833.5, 0, 0, NULL, 5, NULL, '2021-03-20 23:41:46', '2021-04-05 17:32:51'),
(332, 107, 37, 519, 1, 1, 169, NULL, 360, 430, 5, 2150, 0, 0, NULL, 5, NULL, '2021-03-20 23:41:46', '2021-04-05 17:32:51'),
(333, 108, 28, 326, 1, 1, 170, NULL, 759.54, 772.22, 135, 104249.7, 0, 0, NULL, 5, NULL, '2021-03-20 23:45:29', '2021-04-05 17:32:51'),
(334, 108, 32, 364, 10, 10, 170, NULL, 5.2, 5.5, 2150, 11825, 0, 0, NULL, 5, NULL, '2021-03-20 23:45:29', '2021-04-05 17:32:51'),
(335, 108, 38, 366, 1, 1, 170, NULL, 195, 220, 15, 3300, 0, 0, NULL, 5, NULL, '2021-03-20 23:45:29', '2021-04-05 17:32:51'),
(336, 108, 28, 442, 1, 1, 170, NULL, 560.34, 625, 12, 7500, 0, 0, NULL, 5, NULL, '2021-03-20 23:45:29', '2021-04-05 17:32:51'),
(337, 109, 28, 326, 1, 1, 171, NULL, 759.54, 777.78, 23, 17888.94, 0, 0, NULL, 5, NULL, '2021-03-20 23:48:43', '2021-04-05 17:32:51'),
(338, 109, 28, 325, 1, 1, 171, NULL, 663.33, 685, 46, 31510, 0, 0, NULL, 5, NULL, '2021-03-20 23:48:43', '2021-04-05 17:32:51'),
(339, 109, 32, 364, 10, 10, 171, NULL, 5.2, 5.5, 1200, 6600, 0, 0, NULL, 5, NULL, '2021-03-20 23:48:43', '2021-04-05 17:32:51'),
(340, 109, 36, 373, 1, 1, 171, NULL, 76, 100, 5, 500, 0, 0, NULL, 5, NULL, '2021-03-20 23:48:43', '2021-04-05 17:32:51'),
(341, 110, 32, 364, 10, 10, 172, NULL, 5.2, 5.5, 2150, 11825, 0, 0, NULL, 5, NULL, '2021-03-20 23:50:26', '2021-04-05 17:32:51'),
(343, 112, 28, 356, 1, 1, 173, NULL, 520.11, 538.89, 9, 4850.01, 0, 0, NULL, 5, NULL, '2021-03-20 23:59:59', '2021-04-05 17:32:51'),
(344, 112, 28, 476, 1, 1, 173, NULL, 371, 380, 20, 7600, 0, 0, NULL, 5, NULL, '2021-03-20 23:59:59', '2021-04-05 17:32:51'),
(345, 112, 28, 479, 1, 1, 173, NULL, 514.79, 542.86, 21, 11400.06, 0, 0, NULL, 5, NULL, '2021-03-20 23:59:59', '2021-04-05 17:32:51'),
(346, 112, 32, 370, 10, 10, 173, NULL, 4.9, 4.6, 1075, 4945, 0, 0, NULL, 5, NULL, '2021-03-20 23:59:59', '2021-04-05 17:32:51'),
(347, 112, 41, 530, 13, 13, 173, NULL, 75.34, 77, 150, 11550, 0, 0, NULL, 5, NULL, '2021-03-20 23:59:59', '2021-04-05 17:32:51'),
(348, 112, 40, 520, 10, 10, 173, NULL, 28, 29, 180, 5220, 0, 0, NULL, 5, NULL, '2021-03-20 23:59:59', '2021-04-05 17:32:51'),
(349, 112, 40, 525, 10, 10, 173, NULL, 28, 29, 180, 5220, 0, 0, NULL, 5, NULL, '2021-03-20 23:59:59', '2021-04-05 17:32:51'),
(350, 112, 40, 526, 10, 10, 173, NULL, 28, 29, 350, 10150, 0, 0, NULL, 5, NULL, '2021-03-20 23:59:59', '2021-04-05 17:32:51'),
(351, 112, 40, 528, 10, 10, 173, NULL, 28, 29, 360, 10440, 0, 0, NULL, 5, NULL, '2021-03-20 23:59:59', '2021-04-05 17:32:51'),
(352, 112, 40, 528, 10, 10, 173, NULL, 28, 29, 360, 10440, 0, 0, NULL, 5, NULL, '2021-03-20 23:59:59', '2021-04-05 17:32:51'),
(353, 112, 40, 529, 10, 10, 173, NULL, 28, 29, 350, 10150, 0, 0, NULL, 5, NULL, '2021-03-20 23:59:59', '2021-04-05 17:32:51'),
(354, 113, 28, 356, 1, 1, 173, NULL, 520.11, 538.89, 9, 4850.01, 0, 0, NULL, 5, NULL, '2021-03-20 23:59:59', '2021-04-05 17:32:51'),
(355, 113, 28, 476, 1, 1, 173, NULL, 371, 380, 20, 7600, 0, 0, NULL, 5, NULL, '2021-03-20 23:59:59', '2021-04-05 17:32:51'),
(356, 113, 28, 479, 1, 1, 173, NULL, 514.79, 542.86, 21, 11400.06, 0, 0, NULL, 5, NULL, '2021-03-20 23:59:59', '2021-04-05 17:32:51'),
(357, 113, 32, 370, 10, 10, 173, NULL, 4.9, 4.6, 1075, 4945, 0, 0, NULL, 5, NULL, '2021-03-20 23:59:59', '2021-04-05 17:32:51'),
(358, 113, 41, 530, 13, 13, 173, NULL, 75.34, 77, 150, 11550, 0, 0, NULL, 5, NULL, '2021-03-20 23:59:59', '2021-04-05 17:32:51'),
(359, 113, 40, 520, 10, 10, 173, NULL, 28, 29, 180, 5220, 0, 0, NULL, 5, NULL, '2021-03-20 23:59:59', '2021-04-05 17:32:51'),
(360, 113, 40, 525, 10, 10, 173, NULL, 28, 29, 180, 5220, 0, 0, NULL, 5, NULL, '2021-03-20 23:59:59', '2021-04-05 17:32:51'),
(361, 113, 40, 526, 10, 10, 173, NULL, 28, 29, 350, 10150, 0, 0, NULL, 5, NULL, '2021-03-20 23:59:59', '2021-04-05 17:32:51'),
(362, 113, 40, 528, 10, 10, 173, NULL, 28, 29, 360, 10440, 0, 0, NULL, 5, NULL, '2021-03-20 23:59:59', '2021-04-05 17:32:51'),
(363, 113, 40, 528, 10, 10, 173, NULL, 28, 29, 360, 10440, 0, 0, NULL, 5, NULL, '2021-03-20 23:59:59', '2021-04-05 17:32:51'),
(364, 113, 40, 529, 10, 10, 173, NULL, 28, 29, 350, 10150, 0, 0, NULL, 5, NULL, '2021-03-20 23:59:59', '2021-04-05 17:32:51'),
(365, 114, 28, 323, 1, 1, 95, NULL, 1014.29, 1042.86, 3, 3128.58, 0, 0, NULL, 5, NULL, '2021-03-21 00:01:09', '2021-04-05 17:32:51'),
(366, 115, 39, 469, 1, 1, 170, NULL, 195, 250, 3, 750, 0, 0, NULL, 5, NULL, '2021-03-21 00:03:00', '2021-04-05 17:32:51'),
(367, 116, 28, 319, 1, 1, 102, NULL, 608.57, 620.83, 1, 620.83, 0, 0, NULL, 5, NULL, '2021-03-21 00:04:37', '2021-04-05 17:32:51'),
(368, 116, 28, 322, 1, 1, 102, NULL, 910.26, 931.25, 5, 4656.25, 0, 0, NULL, 5, NULL, '2021-03-21 00:04:37', '2021-04-05 17:32:51'),
(369, 117, 32, 364, 10, 10, 102, NULL, 5.2, 5.3, 2150, 11395, 0, 0, NULL, 5, NULL, '2021-03-21 00:05:38', '2021-04-05 17:32:51'),
(370, 118, 38, 366, 1, 1, 174, NULL, 195, 220, 22, 4840, 0, 0, NULL, 5, NULL, '2021-03-21 00:07:01', '2021-04-05 17:32:51'),
(371, 88, 28, 337, 1, 1, 140, NULL, 667.79, 681.25, 4, 2725, 0, 0, NULL, 5, NULL, NULL, '2021-04-05 17:32:51'),
(372, 92, 28, 433, 1, 1, 64, NULL, 769.23, 812.5, 16, 13000, 0, 0, NULL, 5, NULL, NULL, '2021-04-05 17:32:51'),
(373, 92, 33, 533, 10, 10, 64, NULL, 75, 90, 72, 6480, 0, 0, NULL, 5, NULL, NULL, '2021-04-05 17:32:51'),
(374, 92, 41, 518, 13, 13, 64, NULL, 123.75, 130, 80, 10400, 0, 0, NULL, 5, NULL, NULL, '2021-04-05 17:32:51'),
(389, 121, 29, 376, 7, 7, 47, NULL, 105.5, 130.503, 177, 23099.031, 0, 0, NULL, 5, NULL, '2021-03-21 00:51:33', '2021-04-05 17:32:51'),
(390, 122, 32, 364, 10, 10, 176, NULL, 5.2, 5.5, 460, 2530, 0, 0, NULL, 5, NULL, '2021-03-21 00:52:44', '2021-04-05 17:32:51'),
(391, 123, 28, 320, 1, 1, 177, NULL, 710, 730, 40, 29200, 0, 0, NULL, 5, NULL, '2021-03-21 00:55:58', '2021-04-05 17:32:51'),
(392, 123, 28, 322, 1, 1, 177, NULL, 910.26, 931.25, 32, 29800, 0, 0, NULL, 5, NULL, '2021-03-21 00:55:58', '2021-04-05 17:32:51'),
(395, 125, 28, 343, 1, 1, 179, NULL, 885.71, 928.57, 32, 29714.24, 0, 0, NULL, 5, NULL, '2021-03-21 01:13:28', '2021-04-05 17:32:51'),
(396, 125, 32, 364, 10, 10, 179, NULL, 5.2, 5.49, 820, 4501.8, 0, 0, NULL, 5, NULL, '2021-03-21 01:13:28', '2021-04-05 17:32:51'),
(397, 125, 42, 538, 1, 1, 179, NULL, 1.9, 2.2, 300, 660, 0, 0, NULL, 5, NULL, '2021-03-21 01:13:28', '2021-04-05 17:32:51'),
(398, 125, 36, 373, 1, 1, 179, NULL, 76, 100, 2, 200, 0, 0, NULL, 5, NULL, '2021-03-21 01:13:28', '2021-04-05 17:32:51'),
(403, 129, 28, 400, 1, 1, 104, NULL, 522.22, 516.67, 9, 4650.03, 0, 0, NULL, 5, NULL, '2021-03-21 01:21:04', '2021-04-05 17:32:51'),
(404, 128, 28, 341, 1, 1, 178, NULL, 709.92, 738.89, 3, 2216.67, 0, 0, NULL, 5, NULL, NULL, '2021-04-05 17:32:51'),
(405, 124, 28, 353, 1, 1, 178, NULL, 710.64, 750, 12, 9000, 0, 0, NULL, 5, NULL, NULL, '2021-04-05 17:32:51'),
(406, 124, 38, 367, 1, 1, 178, NULL, 165, 180, 2, 360, 0, 0, NULL, 5, NULL, NULL, '2021-04-05 17:32:51'),
(407, 130, 33, 534, 10, 10, 181, NULL, 76, 80, 186.66, 14932.8, 0, 0, NULL, 5, NULL, '2021-03-21 01:29:42', '2021-04-05 17:32:51'),
(408, 130, 33, 539, 1, 1, 181, NULL, 0, 250, 2, 500, 0, 0, NULL, 5, NULL, '2021-03-21 01:29:42', '2021-04-05 17:32:51'),
(409, 131, 31, 463, 1, 1, 182, NULL, 410, 450, 8, 3600, 0, 0, NULL, 5, NULL, '2021-03-21 01:31:03', '2021-04-05 17:32:51'),
(420, 133, 32, 364, 10, 10, 149, NULL, 5.2, 5.5, 1075, 5912.5, 0, 0, NULL, 5, NULL, '2021-03-21 01:39:14', '2021-04-05 17:32:51'),
(421, 134, 28, 336, 1, 1, 84, NULL, 592.26, 607.78, 90, 54700.2, 0, 0, NULL, 5, NULL, '2021-03-21 02:45:41', '2021-04-05 17:32:51'),
(422, 134, 38, 368, 1, 1, 84, NULL, 155, 160, 50, 8000, 0, 0, NULL, 5, NULL, '2021-03-21 02:45:41', '2021-04-05 17:32:51'),
(423, 134, 28, 326, 1, 1, 84, NULL, 759.54, 774.44, 45, 34849.8, 0, 0, NULL, 5, NULL, '2021-03-21 02:45:41', '2021-04-05 17:32:51'),
(424, 134, 28, 327, 1, 1, 84, NULL, 850.43, 871.25, 80, 69700, 0, 0, NULL, 5, NULL, '2021-03-21 02:45:41', '2021-04-05 17:32:51'),
(425, 134, 38, 366, 1, 1, 84, NULL, 195, 200, 25, 5000, 0, 0, NULL, 5, NULL, '2021-03-21 02:45:41', '2021-04-05 17:32:51'),
(426, 135, 28, 434, 1, 1, 80, NULL, 857.14, 900, 38, 34200, 0, 0, NULL, 5, NULL, '2021-03-21 02:46:55', '2021-04-05 17:32:51'),
(427, 135, 28, 446, 1, 1, 80, NULL, 933.91, 1050, 14, 14700, 0, 0, NULL, 5, NULL, '2021-03-21 02:46:55', '2021-04-05 17:32:51'),
(442, 137, 29, 376, 7, 7, 47, NULL, 105.5, 130.5, 354, 46197, 0, 0, NULL, 5, NULL, '2021-03-21 03:05:21', '2021-04-05 17:32:51'),
(443, 138, 28, 322, 1, 1, 183, NULL, 910.26, 937.5, 18, 16875, 0, 0, NULL, 5, NULL, '2021-03-21 03:08:21', '2021-04-05 17:32:51'),
(444, 138, 42, 538, 1, 1, 183, NULL, 1.892, 2.5, 200, 500, 0, 0, NULL, 5, NULL, '2021-03-21 03:08:21', '2021-04-05 17:32:51'),
(445, 138, 32, 364, 10, 10, 183, NULL, 5.2, 5.8, 328, 1902.3999999999999, 0, 0, NULL, 5, NULL, '2021-03-21 03:08:21', '2021-04-05 17:32:51'),
(446, 138, 36, 373, 1, 1, 183, NULL, 76, 100, 1, 100, 0, 0, NULL, 5, NULL, '2021-03-21 03:08:21', '2021-04-05 17:32:51'),
(447, 139, 28, 333, 1, 1, 95, NULL, 802.24, 821.43, 70, 57500.1, 0, 0, NULL, 5, NULL, '2021-03-21 03:09:27', '2021-04-05 17:32:51'),
(448, 140, 30, 503, 1, 1, 184, NULL, 354, 380, 5, 1900, 0, 0, NULL, 5, NULL, '2021-03-21 03:10:49', '2021-04-05 17:32:51'),
(449, 141, 28, 444, 1, 1, 185, NULL, 748.55, 833.33, 25, 20833.25, 0, 0, NULL, 5, NULL, '2021-03-21 03:14:13', '2021-04-05 17:32:51'),
(450, 141, 28, 445, 1, 1, 185, NULL, 838.12, 937.5, 19, 17812.5, 0, 0, NULL, 5, NULL, '2021-03-21 03:14:13', '2021-04-05 17:32:51'),
(451, 141, 32, 364, 10, 10, 185, NULL, 5.2, 5.5, 718, 3949, 0, 0, NULL, 5, NULL, '2021-03-21 03:14:13', '2021-04-05 17:32:51'),
(452, 142, 28, 327, 1, 1, 186, NULL, 850.43, 875, 24, 21000, 0, 0, NULL, 5, NULL, '2021-03-21 03:16:06', '2021-04-05 17:32:51'),
(453, 143, 28, 424, 1, 1, 187, NULL, 664.43, 687.5, 26, 17875, 0, 0, NULL, 5, NULL, '2021-03-21 03:18:30', '2021-04-05 17:32:51'),
(454, 143, 28, 425, 1, 1, 187, NULL, 738.81, 771.43, 52, 40114.36, 0, 0, NULL, 5, NULL, '2021-03-21 03:18:30', '2021-04-05 17:32:51'),
(455, 144, 31, 463, 1, 1, 188, NULL, 410, 430, 4, 1720, 0, 0, NULL, 5, NULL, '2021-03-21 03:20:52', '2021-04-05 17:32:51'),
(456, 145, 33, 517, 10, 10, 189, NULL, 76, 80, 64, 5120, 0, 0, NULL, 5, NULL, '2021-03-21 03:23:39', '2021-04-05 17:32:51'),
(457, 146, 28, 319, 1, 1, 95, NULL, 608.57, 625, 10, 6250, 0, 0, NULL, 5, NULL, '2021-03-21 03:24:46', '2021-04-05 17:32:51'),
(458, 146, 28, 323, 1, 1, 95, NULL, 1014.29, 1050, 21, 22050, 0, 0, NULL, 5, NULL, '2021-03-21 03:24:46', '2021-04-05 17:32:51'),
(459, 147, 38, 366, 1, 1, 190, NULL, 195, 210, 9, 1890, 0, 0, NULL, 5, NULL, '2021-03-21 03:26:08', '2021-04-05 17:32:51'),
(460, 148, 28, 319, 1, 1, 191, NULL, 608.57, 625, 24, 15000, 0, 0, NULL, 5, NULL, '2021-03-21 03:29:40', '2021-04-05 17:32:51'),
(461, 148, 28, 320, 1, 1, 191, NULL, 710, 735, 12, 8820, 0, 0, NULL, 5, NULL, '2021-03-21 03:29:40', '2021-04-05 17:32:51'),
(462, 148, 28, 321, 1, 1, 191, NULL, 812.98, 833.34, 6, 5000.04, 0, 0, NULL, 5, NULL, '2021-03-21 03:29:40', '2021-04-05 17:32:51'),
(463, 148, 28, 322, 1, 1, 191, NULL, 910.26, 937.5, 6, 5625, 0, 0, NULL, 5, NULL, '2021-03-21 03:29:40', '2021-04-05 17:32:51'),
(464, 148, 28, 323, 1, 1, 191, NULL, 1014.29, 1050, 6, 6300, 0, 0, NULL, 5, NULL, '2021-03-21 03:29:40', '2021-04-05 17:32:51'),
(465, 148, 42, 538, 1, 1, 191, NULL, 1.892, 2.25, 222, 499.5, 0, 0, NULL, 5, NULL, '2021-03-21 03:29:40', '2021-04-05 17:32:51'),
(470, 149, 28, 339, 1, 1, 192, NULL, 531.43, 550, 35, 19250, 0, 0, NULL, 1, NULL, NULL, '2021-04-05 17:32:51'),
(471, 149, 28, 340, 1, 1, 192, NULL, 620, 660, 7, 4620, 0, 0, NULL, 1, NULL, NULL, '2021-04-05 17:32:51'),
(472, 149, 28, 342, 1, 1, 192, NULL, 794.87, 825, 25, 20625, 0, 0, NULL, 1, NULL, NULL, '2021-04-05 17:32:51'),
(473, 149, 32, 364, 10, 10, 192, NULL, 5.2, 5.5, 360, 1980, 0, 0, NULL, 1, NULL, NULL, '2021-04-05 17:32:51'),
(474, 150, 28, 354, 1, 1, 86, NULL, 388.39, 400, 34, 13600, 0, 0, NULL, 5, NULL, '2021-03-21 18:28:59', '2021-04-05 17:32:51'),
(475, 150, 28, 355, 1, 1, 86, NULL, 455.09, 470, 3, 1410, 0, 0, NULL, 5, NULL, '2021-03-21 18:28:59', '2021-04-05 17:32:51'),
(476, 150, 28, 357, 1, 1, 86, NULL, 586.43, 600, 40, 24000, 0, 0, NULL, 5, NULL, '2021-03-21 18:28:59', '2021-04-05 17:32:51'),
(477, 151, 28, 446, 1, 1, 82, NULL, 933.91, 1021.43, 3, 3064.29, 0, 0, NULL, 5, NULL, '2021-03-21 18:30:04', '2021-04-05 17:32:51'),
(478, 152, 32, 364, 10, 10, 102, NULL, 5.2, 5.3, 774, 4102.2, 0, 0, NULL, 5, NULL, '2021-03-21 18:31:12', '2021-04-05 17:32:51'),
(479, 153, 28, 404, 1, 1, 193, NULL, 635, 680, 16, 10880, 0, 0, NULL, 5, NULL, '2021-03-21 18:33:15', '2021-04-05 17:32:51'),
(480, 154, 28, 325, 1, 1, 194, NULL, 663.33, 690, 150, 103500, 0, 0, NULL, 5, NULL, '2021-03-21 18:36:11', '2021-04-05 17:32:51'),
(481, 154, 28, 326, 1, 1, 194, NULL, 759.54, 783.33, 72, 56399.76, 0, 0, NULL, 5, NULL, '2021-03-21 18:36:11', '2021-04-05 17:32:51'),
(482, 155, 28, 330, 1, 1, 196, NULL, 559.9, 590, 10, 5900, 0, 0, NULL, 5, NULL, '2021-03-21 18:38:51', '2021-04-05 17:32:51'),
(483, 155, 28, 331, 1, 1, 196, NULL, 639.88, 666.67, 20, 13333.4, 0, 0, NULL, 5, NULL, '2021-03-21 18:38:51', '2021-04-05 17:32:51'),
(484, 156, 32, 364, 10, 10, 196, NULL, 5.2, 5.5, 500, 2750, 0, 0, NULL, 5, NULL, '2021-03-21 18:39:49', '2021-04-05 17:32:51'),
(485, 157, 28, 416, 1, 1, 197, NULL, 401.79, 408.33, 24, 9799.92, 0, 0, NULL, 5, NULL, '2021-03-21 18:48:49', '2021-04-05 17:32:51'),
(486, 157, 28, 417, 1, 1, 197, NULL, 486.75, 490, 90, 44100, 0, 0, NULL, 5, NULL, '2021-03-21 18:48:49', '2021-04-05 17:32:51'),
(487, 157, 28, 418, 1, 1, 197, NULL, 535.71, 544.444, 45, 24499.98, 0, 0, NULL, 5, NULL, '2021-03-21 18:48:49', '2021-04-05 17:32:51'),
(488, 157, 28, 419, 1, 1, 197, NULL, 600, 612.5, 136, 83300, 0, 0, NULL, 5, NULL, '2021-03-21 18:48:49', '2021-04-05 17:32:51'),
(489, 157, 28, 420, 1, 1, 197, NULL, 671.64, 700, 35, 24500, 0, 0, NULL, 5, NULL, '2021-03-21 18:48:49', '2021-04-05 17:32:51'),
(490, 157, 28, 427, 1, 1, 197, NULL, 803.57, 816.67, 72, 58800.24, 0, 0, NULL, 5, NULL, '2021-03-21 18:48:49', '2021-04-05 17:32:51'),
(491, 157, 32, 370, 10, 10, 197, NULL, 4.9, 4.186, 10750, 44999.5, 0, 0, NULL, 5, NULL, '2021-03-21 18:48:49', '2021-04-05 17:32:51'),
(492, 158, 28, 321, 1, 1, 95, NULL, 812.98, 827.78, 14, 11588.92, 0, 0, NULL, 5, NULL, '2021-03-21 18:50:05', '2021-04-05 17:32:51'),
(493, 159, 28, 325, 1, 1, 198, NULL, 663.33, 700, 20, 14000, 0, 0, NULL, 5, NULL, '2021-03-21 19:08:45', '2021-04-05 17:32:51'),
(494, 160, 28, 422, 1, 1, 109, NULL, 515.63, 538, 12, 6456, 0, 0, NULL, 5, NULL, '2021-03-21 19:10:54', '2021-04-05 17:32:51'),
(495, 160, 28, 423, 1, 1, 109, NULL, 589.29, 608.89, 23, 14004.47, 0, 0, NULL, 5, NULL, '2021-03-21 19:10:54', '2021-04-05 17:32:51'),
(496, 161, 28, 475, 1, 1, 199, NULL, 308.51, 320.83, 15, 4812.45, 0, 0, NULL, 5, NULL, '2021-03-21 19:15:04', '2021-04-05 17:32:51'),
(497, 161, 28, 350, 1, 1, 199, NULL, 495.97, 520, 20, 10400, 0, 0, NULL, 5, NULL, '2021-03-21 19:15:04', '2021-04-05 17:32:51'),
(498, 161, 28, 351, 1, 1, 199, NULL, 566.82, 588.89, 10, 5888.9, 0, 0, NULL, 5, NULL, '2021-03-21 19:15:04', '2021-04-05 17:32:51'),
(500, 163, 28, 475, 1, 1, 163, NULL, 308.51, 316.67, 7, 2216.69, 0, 0, NULL, 5, NULL, '2021-03-21 19:22:00', '2021-04-05 17:32:51'),
(501, 163, 28, 476, 1, 1, 163, NULL, 371, 380, 1, 380, 0, 0, NULL, 5, NULL, '2021-03-21 19:22:00', '2021-04-05 17:32:51'),
(502, 163, 28, 477, 1, 1, 163, NULL, 412.322, 422.223, 8, 3377.784, 0, 0, NULL, 5, NULL, '2021-03-21 19:22:00', '2021-04-05 17:32:51'),
(503, 164, 28, 428, 1, 1, 87, NULL, 811.48, 843.34, 15, 12650.1, 0, 0, NULL, 5, NULL, '2021-03-21 19:23:39', '2021-04-05 17:32:51'),
(505, 166, 28, 438, 1, 1, 138, NULL, 387, 400, 100, 40000, 0, 0, NULL, 5, NULL, '2021-03-21 19:28:58', '2021-04-05 17:32:51'),
(506, 166, 28, 439, 1, 1, 138, NULL, 438.89, 450, 225, 101250, 0, 0, NULL, 5, NULL, '2021-03-21 19:28:58', '2021-04-05 17:32:51'),
(507, 166, 28, 440, 1, 1, 138, NULL, 493.75, 506.25, 80, 40500, 0, 0, NULL, 5, NULL, '2021-03-21 19:28:58', '2021-04-05 17:32:51'),
(516, 136, 28, 348, 1, 1, 47, NULL, 827.5, 864.29, 7, 6050.03, 0, 0, NULL, 5, NULL, NULL, '2021-04-05 17:32:51'),
(517, 136, 28, 429, 1, 1, 47, NULL, 883.93, 916.67, 12, 11000.04, 0, 0, NULL, 5, NULL, NULL, '2021-04-05 17:32:51'),
(518, 136, 28, 378, 1, 1, 47, NULL, 165, 170.83, 36, 6149.88, 0, 0, NULL, 5, NULL, NULL, '2021-04-05 17:32:51'),
(519, 136, 28, 379, 1, 1, 47, NULL, 195, 202, 40, 8080, 0, 0, NULL, 5, NULL, NULL, '2021-04-05 17:32:51'),
(520, 136, 38, 368, 1, 1, 47, NULL, 155, 160, 25, 4000, 0, 0, NULL, 5, NULL, NULL, '2021-04-05 17:32:51'),
(521, 136, 28, 477, 1, 1, 47, NULL, 412.322, 427.78, 16, 7700.039999999999, 0, 0, NULL, 5, NULL, NULL, '2021-04-05 17:32:51'),
(522, 136, 28, 350, 1, 1, 47, NULL, 495.97, 520, 10, 5200, 0, 0, NULL, 5, NULL, NULL, '2021-04-05 17:32:51'),
(523, 136, 28, 351, 1, 1, 47, NULL, 566.82, 588.89, 9, 5300.01, 0, 0, NULL, 5, NULL, NULL, '2021-04-05 17:32:51'),
(524, 136, 28, 352, 1, 1, 47, NULL, 639.1, 662.5, 8, 5300, 0, 0, NULL, 5, NULL, NULL, '2021-04-05 17:32:51'),
(525, 136, 28, 540, 1, 1, 47, NULL, 105.4, 112, 25, 2800, 0, 0, NULL, 5, NULL, NULL, '2021-04-05 17:32:51'),
(526, 136, 32, 364, 10, 10, 47, NULL, 5.2, 5.3, 1075, 5697.5, 0, 0, NULL, 5, NULL, NULL, '2021-04-05 17:32:51'),
(527, 136, 41, 541, 13, 13, 47, NULL, 52, 55, 239, 13145, 0, 0, NULL, 5, NULL, NULL, '2021-04-05 17:32:51'),
(528, 136, 41, 542, 13, 13, 47, NULL, 48, 50, 150, 7500, 0, 0, NULL, 5, NULL, NULL, '2021-04-05 17:32:51'),
(529, 136, 28, 396, 1, 1, 47, NULL, 475, 481.25, 8, 3850, 0, 0, NULL, 5, NULL, NULL, '2021-04-05 17:32:51'),
(530, 168, 28, 404, 1, 1, 202, NULL, 635, 680, 28, 19040, 0, 0, NULL, 5, NULL, NULL, '2021-04-05 17:32:51'),
(531, 168, 42, 538, 1, 1, 202, NULL, 1.9, 2.25, 200, 450, 0, 0, NULL, 5, NULL, NULL, '2021-04-05 17:32:51'),
(532, 169, 28, 337, 1, 1, 48, NULL, 667.79, 683.75, 40, 27350, 0, 0, NULL, 5, NULL, '2021-03-21 22:57:06', '2021-04-05 17:32:51'),
(533, 169, 28, 338, 1, 1, 48, NULL, 742.54, 767.142, 70, 53699.94, 0, 0, NULL, 5, NULL, '2021-03-21 22:57:06', '2021-04-05 17:32:51'),
(534, 169, 28, 433, 1, 1, 48, NULL, 769.23, 800, 80, 64000, 0, 0, NULL, 5, NULL, '2021-03-21 22:57:06', '2021-04-05 17:32:51'),
(535, 169, 28, 479, 1, 1, 48, NULL, 514.79, 542.85, 35, 18999.75, 0, 0, NULL, 5, NULL, '2021-03-21 22:57:06', '2021-04-05 17:32:51'),
(536, 169, 38, 366, 1, 1, 48, NULL, 195, 200, 100, 20000, 0, 0, NULL, 5, NULL, '2021-03-21 22:57:06', '2021-04-05 17:32:52'),
(537, 169, 38, 368, 1, 1, 48, NULL, 155, 160, 100, 16000, 0, 0, NULL, 5, NULL, '2021-03-21 22:57:06', '2021-04-05 17:32:52'),
(538, 170, 28, 433, 1, 1, 204, NULL, 769.23, 812.5, 23, 18687.5, 0, 0, NULL, 5, NULL, '2021-03-22 00:33:58', '2021-04-05 17:32:52'),
(539, 170, 28, 422, 1, 1, 204, NULL, 515.63, 550, 8, 4400, 0, 0, NULL, 5, NULL, '2021-03-22 00:33:58', '2021-04-05 17:32:52'),
(540, 170, 28, 423, 1, 1, 204, NULL, 589.29, 611.11, 5, 3055.55, 0, 0, NULL, 5, NULL, '2021-03-22 00:33:58', '2021-04-05 17:32:52'),
(541, 170, 28, 424, 1, 1, 204, NULL, 664.43, 687.5, 20, 13750, 0, 0, NULL, 5, NULL, '2021-03-22 00:33:58', '2021-04-05 17:32:52'),
(542, 170, 36, 374, 1, 1, 204, NULL, 55, 70, 5, 350, 0, 0, NULL, 5, NULL, '2021-03-22 00:33:58', '2021-04-05 17:32:52'),
(543, 171, 28, 350, 1, 1, 80, NULL, 495.97, 518, 23, 11914, 0, 0, NULL, 5, NULL, '2021-03-22 00:38:04', '2021-04-05 17:32:52'),
(544, 171, 28, 343, 1, 1, 80, NULL, 885.71, 925.71, 28, 25919.88, 0, 0, NULL, 5, NULL, '2021-03-22 00:38:04', '2021-04-05 17:32:52'),
(545, 171, 28, 446, 1, 1, 80, NULL, 933.91, 1050, 53, 55650, 0, 0, NULL, 5, NULL, '2021-03-22 00:38:04', '2021-04-05 17:32:52'),
(547, 173, 28, 448, 1, 1, 80, NULL, 1122.83, 1266.66, 15, 18999.9, 0, 0, NULL, 5, NULL, '2021-03-22 17:33:20', '2021-04-05 17:32:52'),
(555, 78, 30, 500, 1, 1, 154, NULL, 504, 560, 14, 7840, 0, 0, NULL, 5, NULL, NULL, '2021-04-05 17:32:52'),
(556, 78, 30, 503, 1, 1, 154, NULL, 354, 390, 8, 3120, 0, 0, NULL, 5, NULL, NULL, '2021-04-05 17:32:52'),
(557, 75, 28, 446, 1, 1, 87, NULL, 933.91, 1021.43, 4, 4085.72, 0, 0, NULL, 5, NULL, NULL, '2021-04-05 17:32:52'),
(558, 76, 29, 376, 7, 7, 147, NULL, 105.5, 125.0273, 2125, 265683.0125, 0, 0, NULL, 5, NULL, NULL, '2021-04-05 17:32:52'),
(559, 106, 28, 434, 1, 1, 168, NULL, 857.14, 900, 24, 21600, 0, 0, NULL, 5, NULL, NULL, '2021-04-05 17:32:52'),
(560, 162, 28, 348, 1, 1, 200, NULL, 827.5, 864.29, 18, 15557.22, 0, 0, NULL, 5, NULL, NULL, '2021-04-05 17:32:52'),
(571, 127, 28, 400, 1, 1, 104, NULL, 522.22, 516.68, 8, 4133.44, 0, 0, NULL, 5, NULL, NULL, '2021-04-05 17:32:52'),
(572, 126, 28, 489, 1, 1, 180, NULL, 349.11, 381.43, 7, 2670.01, 0, 0, NULL, 5, NULL, NULL, '2021-04-05 17:32:52'),
(573, 126, 28, 492, 1, 1, 180, NULL, 248.82, 266.68, 9, 2400.12, 0, 0, NULL, 5, NULL, NULL, '2021-04-05 17:32:52'),
(587, 174, 28, 321, 1, 1, 205, NULL, 812.98, 844.44, 50, 42222, 0, 0, NULL, 5, NULL, NULL, '2021-04-05 17:32:52'),
(588, 175, 28, 323, 1, 1, 206, NULL, 1014.29, 1078.57, 25, 26964.25, 0, 0, NULL, 5, NULL, '2021-03-22 23:51:46', '2021-04-05 17:32:52'),
(589, 175, 38, 365, 1, 1, 206, NULL, 210, 300, 11, 3300, 0, 0, NULL, 5, NULL, '2021-03-22 23:51:46', '2021-04-05 17:32:52'),
(590, 176, 28, 404, 1, 1, 208, NULL, 635, 770, 1, 770, 0, 0, NULL, 5, NULL, '2021-03-22 23:53:09', '2021-04-05 17:32:52'),
(591, 177, 28, 446, 1, 1, 209, NULL, 933.91, 1085.71, 16, 17371.36, 0, 0, NULL, 5, NULL, '2021-03-22 23:57:07', '2021-04-05 17:32:52'),
(592, 178, 28, 343, 1, 1, 80, NULL, 885.71, 935.71, 6, 5614.26, 0, 0, NULL, 5, NULL, '2021-03-23 01:06:20', '2021-04-05 17:32:52'),
(607, 179, 28, 340, 1, 1, 47, NULL, 620, 660, 30, 19800, 0, 0, NULL, 5, NULL, NULL, '2021-04-05 17:32:52'),
(608, 179, 28, 346, 1, 1, 47, NULL, 656.49, 700, 36, 25200, 0, 0, NULL, 5, NULL, NULL, '2021-04-05 17:32:52'),
(609, 179, 28, 348, 1, 1, 47, NULL, 827.5, 878.6, 28, 24600.8, 0, 0, NULL, 5, NULL, NULL, '2021-04-05 17:32:52'),
(610, 179, 28, 350, 1, 1, 47, NULL, 495.97, 525, 20, 10500, 0, 0, NULL, 5, NULL, NULL, '2021-04-05 17:32:52'),
(611, 179, 28, 354, 1, 1, 47, NULL, 388.39, 408.33, 12, 4899.96, 0, 0, NULL, 5, NULL, NULL, '2021-04-05 17:32:52'),
(612, 179, 28, 356, 1, 1, 47, NULL, 520.11, 544.45, 9, 4900.05, 0, 0, NULL, 5, NULL, NULL, '2021-04-05 17:32:52'),
(613, 179, 28, 357, 1, 1, 47, NULL, 586.43, 612.5, 8, 4900, 0, 0, NULL, 5, NULL, NULL, '2021-04-05 17:32:52'),
(614, 179, 28, 355, 1, 1, 47, NULL, 455.09, 480, 20, 9600, 0, 0, NULL, 5, NULL, NULL, '2021-04-05 17:32:52'),
(615, 179, 28, 358, 1, 1, 47, NULL, 649.25, 685.71, 7, 4799.97, 0, 0, NULL, 5, NULL, NULL, '2021-04-05 17:32:52'),
(616, 179, 28, 359, 1, 1, 47, NULL, 345.74, 366.67, 12, 4400.04, 0, 0, NULL, 5, NULL, NULL, '2021-04-05 17:32:52'),
(617, 179, 28, 362, 1, 1, 47, NULL, 518.62, 550, 8, 4400, 0, 0, NULL, 5, NULL, NULL, '2021-04-05 17:32:52'),
(618, 179, 28, 429, 1, 1, 47, NULL, 883.93, 933.34, 12, 11200.08, 0, 0, NULL, 5, NULL, NULL, '2021-04-05 17:32:52'),
(619, 179, 28, 434, 1, 1, 47, NULL, 857.14, 914.26, 14, 12799.64, 0, 0, NULL, 5, NULL, NULL, '2021-04-05 17:32:52'),
(620, 179, 28, 436, 1, 1, 47, NULL, 1034.48, 1091.7, 13, 14192.1, 0, 0, NULL, 5, NULL, NULL, '2021-04-05 17:32:52'),
(621, 180, 32, 364, 10, 10, 156, NULL, 5.2, 5.42, 1255.4, 6804.268, 0, 0, NULL, 5, NULL, '2021-03-23 01:49:22', '2021-04-05 17:32:52'),
(622, 181, 28, 480, 1, 1, 47, NULL, 260.64, 279.17, 12, 3350.04, 0, 0, NULL, 5, NULL, '2021-03-23 02:00:12', '2021-04-05 17:32:52'),
(623, 181, 28, 481, 1, 1, 47, NULL, 304.98, 330, 10, 3300, 0, 0, NULL, 5, NULL, '2021-03-23 02:00:12', '2021-04-05 17:32:52'),
(624, 181, 28, 482, 1, 1, 47, NULL, 348.34, 372.23, 9, 3350.07, 0, 0, NULL, 5, NULL, '2021-03-23 02:00:12', '2021-04-05 17:32:52'),
(625, 181, 28, 483, 1, 1, 47, NULL, 390.96, 418.75, 8, 3350, 0, 0, NULL, 5, NULL, '2021-03-23 02:00:12', '2021-04-05 17:32:52'),
(626, 181, 28, 484, 1, 1, 47, NULL, 434.91, 471.43, 7, 3300.01, 0, 0, NULL, 5, NULL, '2021-03-23 02:00:12', '2021-04-05 17:32:52'),
(627, 181, 30, 500, 1, 1, 47, NULL, 528, 560, 6, 3360, 0, 0, NULL, 5, NULL, '2021-03-23 02:00:12', '2021-04-05 17:32:52'),
(628, 181, 30, 501, 1, 1, 47, NULL, 612, 630, 6, 3780, 0, 0, NULL, 5, NULL, '2021-03-23 02:00:12', '2021-04-05 17:32:52'),
(629, 181, 32, 364, 10, 10, 47, NULL, 5.2, 5.3, 2150, 11395, 0, 0, NULL, 5, NULL, '2021-03-23 02:00:12', '2021-04-05 17:32:52'),
(630, 181, 28, 487, 1, 1, 47, NULL, 279.62, 300, 18, 5400, 0, 0, NULL, 5, NULL, '2021-03-23 02:00:12', '2021-04-05 17:32:52'),
(631, 182, 37, 410, 1, 1, 89, NULL, 180, 190, 51, 9690, 0, 0, NULL, 5, NULL, '2021-03-23 02:06:17', '2021-04-05 17:32:52'),
(632, 183, 28, 344, 1, 1, 81, NULL, 491.42, 534, 2, 1068, 0, 0, NULL, 5, NULL, '2021-03-23 02:13:48', '2021-04-05 17:32:52'),
(633, 183, 28, 346, 1, 1, 81, NULL, 656.49, 711, 3, 2133, 0, 0, NULL, 5, NULL, '2021-03-23 02:13:48', '2021-04-05 17:32:52'),
(634, 183, 28, 348, 1, 1, 81, NULL, 827.5, 892.86, 28, 25000.08, 0, 0, NULL, 5, NULL, '2021-03-23 02:13:48', '2021-04-05 17:32:52'),
(635, 183, 28, 355, 1, 1, 81, NULL, 455.09, 490, 18, 8820, 0, 0, NULL, 5, NULL, '2021-03-23 02:13:48', '2021-04-05 17:32:52'),
(636, 183, 28, 356, 1, 1, 81, NULL, 520.11, 555.6, 50, 27780, 0, 0, NULL, 5, NULL, '2021-03-23 02:13:48', '2021-04-05 17:32:52'),
(637, 183, 28, 357, 1, 1, 81, NULL, 586.43, 625, 28, 17500, 0, 0, NULL, 5, NULL, '2021-03-23 02:13:48', '2021-04-05 17:32:52'),
(638, 184, 31, 463, 1, 1, 210, NULL, 410, 430, 25, 10750, 0, 0, NULL, 5, NULL, '2021-03-23 02:16:58', '2021-04-05 17:32:52'),
(700, 186, 28, 320, 1, 1, 95, NULL, 710, 745, 4, 2980, 0, 0, NULL, 5, NULL, '2021-03-23 19:27:40', '2021-04-05 17:32:52'),
(701, 186, 28, 321, 1, 1, 95, NULL, 812.98, 844.5, 8, 6756, 0, 0, NULL, 5, NULL, '2021-03-23 19:27:40', '2021-04-05 17:32:52'),
(703, 188, 28, 442, 1, 1, 211, NULL, 560.34, 650, 8, 5200, 0, 0, NULL, 5, NULL, '2021-03-23 19:33:40', '2021-04-05 17:32:52'),
(704, 188, 28, 443, 1, 1, 211, NULL, 653.74, 770, 15, 11550, 0, 0, NULL, 5, NULL, '2021-03-23 19:33:40', '2021-04-05 17:32:52'),
(705, 188, 28, 445, 1, 1, 211, NULL, 838.12, 975, 21, 20475, 0, 0, NULL, 5, NULL, '2021-03-23 19:33:40', '2021-04-05 17:32:52'),
(706, 188, 32, 364, 10, 10, 211, NULL, 5.2, 5.5, 557.6, 3066.8, 0, 0, NULL, 5, NULL, '2021-03-23 19:33:40', '2021-04-05 17:32:52'),
(707, 189, 30, 503, 1, 1, 81, NULL, 354, 390, 9, 3510, 0, 0, NULL, 5, NULL, '2021-03-23 19:35:12', '2021-04-05 17:32:52'),
(709, 185, 28, 323, 1, 1, 140, NULL, 1014.29, 1078.58, 11, 11864.38, 0, 0, NULL, 5, NULL, NULL, '2021-04-05 17:32:52'),
(723, 192, 28, 431, 1, 1, 141, NULL, 600, 650, 20, 13000, 0, 0, NULL, 5, NULL, NULL, '2021-04-05 17:32:52'),
(724, 192, 28, 348, 1, 1, 141, NULL, 827.5, 892.86, 14, 12500.04, 0, 0, NULL, 5, NULL, NULL, '2021-04-05 17:32:52'),
(725, 192, 32, 364, 10, 10, 141, NULL, 5.2, 5.3024, 2150, 11400.16, 0, 0, NULL, 5, NULL, NULL, '2021-04-05 17:32:52'),
(726, 192, 30, 500, 1, 1, 141, NULL, 528, 544, 60, 32640, 0, 0, NULL, 5, NULL, NULL, '2021-04-05 17:32:52'),
(727, 192, 30, 501, 1, 1, 141, NULL, 612, 621, 10, 6210, 0, 0, NULL, 5, NULL, NULL, '2021-04-05 17:32:52'),
(728, 192, 30, 500, 1, 1, 141, NULL, 528, 544, 2, 1088, 0, 0, NULL, 5, NULL, NULL, '2021-04-05 17:32:52'),
(729, 192, 30, 501, 1, 1, 141, NULL, 612, 621, 1, 621, 0, 0, NULL, 5, NULL, NULL, '2021-04-05 17:32:52'),
(730, 192, 28, 345, 1, 1, 141, NULL, 579.25, 625, 10, 6250, 0, 0, NULL, 5, NULL, NULL, '2021-04-05 17:32:52'),
(731, 193, 28, 359, 1, 1, 47, NULL, 345.74, 366.67, 24, 8800.08, 0, 0, NULL, 5, NULL, '2021-03-23 21:54:45', '2021-04-05 17:32:52'),
(732, 193, 28, 360, 1, 1, 47, NULL, 404.56, 430, 20, 8600, 0, 0, NULL, 5, NULL, '2021-03-23 21:54:45', '2021-04-05 17:32:52'),
(733, 193, 28, 358, 1, 1, 47, NULL, 649.25, 692.86, 42, 29100.12, 0, 0, NULL, 5, NULL, '2021-03-23 21:54:45', '2021-04-05 17:32:52'),
(734, 193, 30, 548, 1, 1, 47, NULL, 528, 560, 4, 2240, 0, 0, NULL, 5, NULL, '2021-03-23 21:54:45', '2021-04-05 17:32:52'),
(738, 165, 29, 535, 7, 7, 201, NULL, 131.304, 137.4, 0, 47403, 0, 0, NULL, 5, NULL, NULL, '2021-04-05 17:32:52'),
(739, 97, 28, 361, 1, 1, 47, NULL, 462.09, 480, 36, 17280, 0, 0, NULL, 5, NULL, NULL, '2021-04-05 17:32:52'),
(740, 97, 28, 360, 1, 1, 47, NULL, 404.56, 422, 20, 8440, 0, 0, NULL, 5, NULL, NULL, '2021-04-05 17:32:52'),
(741, 97, 28, 363, 1, 1, 47, NULL, 576.92, 602.86, 35, 21100.1, 0, 0, NULL, 5, NULL, NULL, '2021-04-05 17:32:52'),
(742, 97, 28, 344, 1, 1, 47, NULL, 491.42, 516.67, 12, 6200.04, 0, 0, NULL, 5, NULL, NULL, '2021-04-05 17:32:52'),
(743, 97, 28, 429, 1, 1, 47, NULL, 883.93, 916.67, 12, 11000.04, 0, 0, NULL, 5, NULL, NULL, '2021-04-05 17:32:52'),
(744, 97, 28, 493, 1, 1, 47, NULL, 279.26, 300, 8, 2400, 0, 0, NULL, 5, NULL, NULL, '2021-04-05 17:32:52'),
(745, 97, 38, 368, 1, 1, 47, NULL, 155, 160, 25, 4000, 0, 0, NULL, 5, NULL, NULL, '2021-04-05 17:32:52'),
(746, 97, 32, 364, 10, 10, 47, NULL, 5.2, 5.3, 1075, 5697.5, 0, 0, NULL, 5, NULL, NULL, '2021-04-05 17:32:52'),
(747, 99, 28, 475, 1, 1, 163, NULL, 308.51, 317, 2, 634, 0, 0, NULL, 5, NULL, NULL, '2021-04-05 17:32:52'),
(748, 99, 28, 476, 1, 1, 163, NULL, 371, 380, 4, 1520, 0, 0, NULL, 5, NULL, NULL, '2021-04-05 17:32:52'),
(749, 99, 28, 479, 1, 1, 163, NULL, 514.79, 542.86, 2, 1085, 0, 0, NULL, 5, NULL, NULL, '2021-04-05 17:32:52'),
(750, 101, 28, 421, 1, 1, 165, NULL, 441.96, 458.3, 6, 2749.8, 0, 0, NULL, 5, NULL, NULL, '2021-04-05 17:32:52'),
(751, 101, 28, 425, 1, 1, 165, NULL, 738.81, 771.43, 16, 12342.88, 0, 0, NULL, 5, NULL, NULL, '2021-04-05 17:32:52'),
(752, 119, 28, 426, 1, 1, 89, NULL, 737.7, 779.18, 12, 9350.16, 0, 0, NULL, 5, NULL, NULL, '2021-04-05 17:32:52'),
(753, 120, 28, 344, 1, 1, 47, NULL, 491.42, 516.679, 12, 6200.147999999999, 0, 0, NULL, 5, NULL, NULL, '2021-04-05 17:32:52'),
(754, 120, 28, 346, 1, 1, 47, NULL, 656.49, 688.89, 9, 6200.01, 0, 0, NULL, 5, NULL, NULL, '2021-04-05 17:32:52'),
(755, 120, 28, 342, 1, 1, 47, NULL, 794.87, 831.25, 8, 6650, 0, 0, NULL, 5, NULL, NULL, '2021-04-05 17:32:52'),
(756, 120, 28, 358, 1, 1, 47, NULL, 649.25, 681.43, 7, 4770.009999999999, 0, 0, NULL, 5, NULL, NULL, '2021-04-05 17:32:52'),
(757, 120, 28, 351, 1, 1, 47, NULL, 566.82, 588.89, 18, 10600.02, 0, 0, NULL, 5, NULL, NULL, '2021-04-05 17:32:52'),
(758, 120, 28, 352, 1, 1, 47, NULL, 639.1, 662.5, 32, 21200, 0, 0, NULL, 5, NULL, NULL, '2021-04-05 17:32:52'),
(759, 120, 28, 353, 1, 1, 47, NULL, 710.64, 742.85, 28, 20799.8, 0, 0, NULL, 5, NULL, NULL, '2021-04-05 17:32:52'),
(760, 120, 28, 429, 1, 1, 47, NULL, 883.93, 916.67, 6, 5500.02, 0, 0, NULL, 5, NULL, NULL, '2021-04-05 17:32:52'),
(761, 120, 28, 436, 1, 1, 47, NULL, 1034.48, 1075, 12, 12900, 0, 0, NULL, 5, NULL, NULL, '2021-04-05 17:32:52'),
(762, 120, 28, 395, 1, 1, 47, NULL, 416.67, 422.2, 0, 0, 0, 0, NULL, 5, NULL, NULL, '2021-04-05 17:32:52'),
(763, 120, 28, 396, 1, 1, 47, NULL, 475, 475, 8, 3800, 0, 0, NULL, 5, NULL, NULL, '2021-04-05 17:32:52'),
(764, 120, 28, 384, 1, 1, 47, NULL, 270, 275, 30, 8250, 0, 0, NULL, 5, NULL, NULL, '2021-04-05 17:32:52'),
(765, 89, 32, 364, 10, 10, 162, NULL, 5.2, 5.52, 360.8, 1991.616, 0, 0, NULL, 5, NULL, NULL, '2021-04-05 17:32:52'),
(766, 87, 28, 339, 1, 1, 162, NULL, 531.43, 541.68, 12, 6500.16, 0, 0, NULL, 5, NULL, NULL, '2021-04-05 17:32:52'),
(767, 87, 28, 340, 1, 1, 162, NULL, 620, 650, 10, 6500, 0, 0, NULL, 5, NULL, NULL, '2021-04-05 17:32:52'),
(768, 83, 28, 421, 1, 1, 159, NULL, 441.96, 458.33, 25, 11458.25, 0, 0, NULL, 5, NULL, NULL, '2021-04-05 17:32:52'),
(769, 83, 28, 425, 1, 1, 159, NULL, 738.81, 764.29, 98, 74900.42, 0, 0, NULL, 5, NULL, NULL, '2021-04-05 17:32:52'),
(773, 77, 28, 434, 1, 1, 153, NULL, 857.14, 888.57, 8, 7108.56, 0, 0, NULL, 5, NULL, NULL, '2021-04-05 17:32:52'),
(774, 74, 37, 410, 1, 1, 152, NULL, 180, 530.84, 13, 6900.92, 0, 0, NULL, 5, NULL, NULL, '2021-04-05 17:32:52'),
(775, 74, 28, 434, 1, 1, 152, NULL, 857.14, 888.57, 13, 11551.41, 0, 0, NULL, 5, NULL, NULL, '2021-04-05 17:32:52'),
(776, 74, 28, 436, 1, 1, 152, NULL, 1034.48, 1061.67, 26, 27603.42, 0, 0, NULL, 5, NULL, NULL, '2021-04-05 17:32:52'),
(777, 68, 29, 377, 7, 7, 148, NULL, 104.5, 119, 2340, 278460, 0, 0, NULL, 5, NULL, NULL, '2021-04-05 17:32:52'),
(778, 67, 29, 376, 7, 7, 146, NULL, 105.5, 120, 1880, 225600, 0, 0, NULL, 5, NULL, NULL, '2021-04-05 17:32:52'),
(780, 65, 29, 376, 7, 7, 145, NULL, 105.5, 120, 1120, 134400, 0, 0, NULL, 5, NULL, NULL, '2021-04-05 17:32:52'),
(781, 132, 28, 327, 1, 1, 138, NULL, 850.43, 871.25, 24, 20910, 0, 0, NULL, 5, NULL, NULL, '2021-04-05 17:32:52'),
(782, 132, 28, 330, 1, 1, 138, NULL, 559.9, 570, 30, 17100, 0, 0, NULL, 5, NULL, NULL, '2021-04-05 17:32:52'),
(783, 132, 28, 331, 1, 1, 138, NULL, 639.88, 651.12, 45, 29300.4, 0, 0, NULL, 5, NULL, NULL, '2021-04-05 17:32:52'),
(784, 132, 28, 332, 1, 1, 138, NULL, 721.48, 732.5, 32, 23440, 0, 0, NULL, 5, NULL, NULL, '2021-04-05 17:32:52'),
(785, 132, 28, 335, 1, 1, 138, NULL, 518.23, 530, 80, 42400, 0, 0, NULL, 5, NULL, NULL, '2021-04-05 17:32:52'),
(786, 132, 28, 336, 1, 1, 138, NULL, 592.26, 604.44, 90, 54399.6, 0, 0, NULL, 5, NULL, NULL, '2021-04-05 17:32:52'),
(787, 132, 28, 337, 1, 1, 138, NULL, 667.79, 680, 120, 81600, 0, 0, NULL, 5, NULL, NULL, '2021-04-05 17:32:52'),
(788, 132, 28, 417, 1, 1, 138, NULL, 486.75, 491, 20, 9820, 0, 0, NULL, 5, NULL, NULL, '2021-04-05 17:32:52'),
(789, 132, 28, 419, 1, 1, 138, NULL, 600, 631.25, 80, 50500, 0, 0, NULL, 5, NULL, NULL, '2021-04-05 17:32:52'),
(790, 132, 28, 495, 1, 1, 138, NULL, 300, 312.5, 26, 8125, 0, 0, NULL, 5, NULL, NULL, '2021-04-05 17:32:52'),
(793, 191, 28, 343, 1, 1, 80, NULL, 885.71, 925.71, 14, 12959.94, 0, 0, NULL, 5, NULL, NULL, '2021-04-05 17:32:52'),
(794, 191, 28, 426, 1, 1, 80, NULL, 737.7, 779.17, 18, 14025.06, 0, 0, NULL, 5, NULL, NULL, '2021-04-05 17:32:52'),
(795, 191, 28, 343, 1, 1, 80, NULL, 885.71, 925.72, 22, 20365.84, 0, 0, NULL, 5, NULL, NULL, '2021-04-05 17:32:52'),
(797, 194, 28, 426, 1, 1, 84, NULL, 737.7, 774.6, 60, 46476, 0, 0, NULL, 5, NULL, NULL, '2021-04-05 17:32:52'),
(800, 196, 28, 406, 1, 1, 81, NULL, 812.5, 847.5, 98, 83055, 0, 0, NULL, 5, NULL, '2021-03-24 01:16:23', '2021-04-05 17:32:52'),
(801, 196, 28, 347, 1, 1, 81, NULL, 742.63, 800, 12, 9600, 0, 0, NULL, 5, NULL, '2021-03-24 01:16:23', '2021-04-05 17:32:52'),
(802, 197, 32, 364, 10, 10, 124, NULL, 5.2, 5.3, 3225, 17092.5, 0, 0, NULL, 5, NULL, '2021-03-24 01:17:27', '2021-04-05 17:32:52'),
(803, 190, 28, 435, 1, 1, 80, NULL, 947.37, 1015.97, 133, 135124.01, 0, 0, NULL, 5, NULL, NULL, '2021-04-05 17:32:52'),
(804, 195, 32, 364, 10, 10, 102, NULL, 5.2, 5.4, 1700, 9180, 0, 0, NULL, 5, NULL, NULL, '2021-04-05 17:32:52'),
(805, 195, 36, 373, 1, 1, 102, NULL, 76, 90, 8, 720, 0, 0, NULL, 5, NULL, NULL, '2021-04-05 17:32:52'),
(807, 198, 31, 463, 1, 1, 136, NULL, 410, 440, 35, 15400, 0, 0, NULL, 5, NULL, NULL, '2021-04-05 17:32:52'),
(808, 199, 31, 463, 1, 1, 213, NULL, 410, 400, 4, 1600, 0, 0, NULL, 5, NULL, '2021-03-24 21:11:43', '2021-04-05 17:32:52'),
(809, 200, 28, 340, 1, 1, 214, NULL, 620, 670, 17, 11390, 0, 0, NULL, 5, NULL, '2021-03-24 21:14:41', '2021-04-05 17:32:52'),
(810, 200, 28, 339, 1, 1, 214, NULL, 531.43, 570.8, 15, 8562, 0, 0, NULL, 5, NULL, '2021-03-24 21:14:41', '2021-04-05 17:32:52'),
(811, 201, 28, 319, 1, 1, 215, NULL, 608.57, 625, 10, 6250, 0, 0, NULL, 5, NULL, '2021-03-24 21:19:53', '2021-04-05 17:32:52'),
(812, 201, 28, 322, 1, 1, 215, NULL, 910.26, 937.5, 22, 20625, 0, 0, NULL, 5, NULL, '2021-03-24 21:19:53', '2021-04-05 17:32:52'),
(813, 201, 28, 323, 1, 1, 215, NULL, 1014.29, 1071.5, 19, 20358.5, 0, 0, NULL, 5, NULL, '2021-03-24 21:19:53', '2021-04-05 17:32:52'),
(814, 202, 28, 429, 1, 1, 47, NULL, 883.93, 945, 72, 68040, 0, 0, NULL, 5, NULL, '2021-03-24 21:30:27', '2021-04-05 17:32:52'),
(815, 202, 28, 424, 1, 1, 47, NULL, 664.43, 708.75, 8, 5670, 0, 0, NULL, 5, NULL, '2021-03-24 21:30:27', '2021-04-05 17:32:52'),
(816, 202, 28, 349, 1, 1, 47, NULL, 425.12, 450, 12, 5400, 0, 0, NULL, 5, NULL, '2021-03-24 21:30:27', '2021-04-05 17:32:52'),
(817, 202, 28, 350, 1, 1, 47, NULL, 495.97, 530, 10, 5300, 0, 0, NULL, 5, NULL, '2021-03-24 21:30:27', '2021-04-05 17:32:52'),
(818, 202, 28, 351, 1, 1, 47, NULL, 566.82, 600, 9, 5400, 0, 0, NULL, 5, NULL, '2021-03-24 21:30:27', '2021-04-05 17:32:52'),
(819, 202, 28, 352, 1, 1, 47, NULL, 639.1, 675, 8, 5400, 0, 0, NULL, 5, NULL, '2021-03-24 21:30:27', '2021-04-05 17:32:52'),
(820, 202, 28, 353, 1, 1, 47, NULL, 710.64, 757.3, 7, 5301.099999999999, 0, 0, NULL, 5, NULL, '2021-03-24 21:30:27', '2021-04-05 17:32:52'),
(821, 202, 28, 428, 1, 1, 47, NULL, 811.48, 866.24, 13, 11261.12, 0, 0, NULL, 5, NULL, '2021-03-24 21:30:27', '2021-04-05 17:32:52'),
(822, 202, 28, 483, 1, 1, 47, NULL, 390.96, 425, 75, 31875, 0, 0, NULL, 5, NULL, '2021-03-24 21:30:27', '2021-04-05 17:32:52'),
(823, 202, 28, 484, 1, 1, 47, NULL, 434.91, 478.57, 37, 17707.09, 0, 0, NULL, 5, NULL, '2021-03-24 21:30:27', '2021-04-05 17:32:52'),
(824, 203, 32, 370, 10, 10, 47, NULL, 4.7, 4.7, 2150, 10105, 0, 0, NULL, 5, NULL, '2021-03-24 21:31:35', '2021-04-05 17:32:52'),
(825, 203, 32, 370, 10, 10, 47, NULL, 4.7, 4.9, 2150, 10535, 0, 0, NULL, 5, NULL, '2021-03-24 21:31:35', '2021-04-05 17:32:52'),
(828, 204, 28, 354, 1, 1, 80, NULL, 388.39, 416.67, 24, 10000.08, 0, 0, NULL, 5, NULL, NULL, '2021-04-05 17:32:52'),
(829, 205, 28, 429, 1, 1, 216, NULL, 883.93, 950, 36, 34200, 0, 0, NULL, 5, NULL, '2021-03-25 00:15:56', '2021-04-05 17:32:52'),
(830, 205, 32, 364, 10, 10, 216, NULL, 5.2, 5.582, 1075, 6000.65, 0, 0, NULL, 5, NULL, '2021-03-25 00:15:56', '2021-04-05 17:32:52'),
(832, 207, 28, 321, 1, 1, 217, NULL, 812.98, 855.56, 44, 37644.64, 0, 0, NULL, 5, NULL, '2021-03-25 00:20:40', '2021-04-05 17:32:52'),
(833, 207, 28, 322, 1, 1, 217, NULL, 910.26, 962.5, 15, 14437.5, 0, 0, NULL, 5, NULL, '2021-03-25 00:20:40', '2021-04-05 17:32:52'),
(834, 207, 38, 365, 1, 1, 217, NULL, 230, 300, 13, 3900, 0, 0, NULL, 5, NULL, '2021-03-25 00:20:40', '2021-04-05 17:32:52'),
(835, 208, 28, 422, 1, 1, 218, NULL, 515.63, 560, 11, 6160, 0, 0, NULL, 5, NULL, '2021-03-25 00:24:19', '2021-04-05 17:32:52'),
(836, 208, 28, 418, 1, 1, 218, NULL, 535.71, 633.5, 2, 1267, 0, 0, NULL, 5, NULL, '2021-03-25 00:24:19', '2021-04-05 17:32:52'),
(837, 208, 28, 425, 1, 1, 218, NULL, 738.81, 800, 25, 20000, 0, 0, NULL, 5, NULL, '2021-03-25 00:24:19', '2021-04-05 17:32:52'),
(839, 210, 28, 477, 1, 1, 219, NULL, 427.8, 438.7, 147, 64488.9, 0, 0, NULL, 5, NULL, '2021-03-25 01:52:28', '2021-04-05 17:32:52'),
(840, 211, 28, 339, 1, 1, 192, NULL, 531.43, 570, 1, 570, 0, 0, NULL, 5, NULL, '2021-03-25 02:10:02', '2021-04-05 17:32:52'),
(841, 211, 28, 342, 1, 1, 192, NULL, 794.87, 856.25, 4, 3425, 0, 0, NULL, 5, NULL, '2021-03-25 02:10:02', '2021-04-05 17:32:52'),
(842, 206, 32, 364, 10, 10, 149, NULL, 5.2, 5.6, 2150, 12040, 0, 0, NULL, 5, NULL, NULL, '2021-04-05 17:32:52'),
(843, 187, 32, 364, 10, 10, 149, NULL, 5.2, 5.4, 1075, 5805, 0, 0, NULL, 5, NULL, NULL, '2021-04-05 17:32:52'),
(844, 209, 28, 435, 1, 1, 149, NULL, 947.37, 1016, 9, 9144, 0, 0, NULL, 5, NULL, NULL, '2021-04-05 17:32:52'),
(845, 212, 28, 358, 1, 1, 220, NULL, 649.25, 700, 12, 8400, 0, 0, NULL, 5, NULL, '2021-03-26 00:19:04', '2021-04-05 17:32:52'),
(848, 215, 37, 410, 1, 1, 185, NULL, 180, 200, 6, 1200, 0, 0, NULL, 5, NULL, '2021-03-26 00:24:28', '2021-04-05 17:32:52'),
(849, 215, 31, 463, 1, 1, 185, NULL, 410, 450, 1, 450, 0, 0, NULL, 5, NULL, '2021-03-26 00:24:28', '2021-04-05 17:32:52'),
(850, 216, 28, 319, 1, 1, 223, NULL, 608.57, 642, 1, 642, 0, 0, NULL, 5, NULL, '2021-03-26 00:38:12', '2021-04-05 17:32:52'),
(851, 216, 28, 322, 1, 1, 223, NULL, 910.26, 962.6, 5, 4813, 0, 0, NULL, 5, NULL, '2021-03-26 00:38:12', '2021-04-05 17:32:52'),
(852, 216, 28, 323, 1, 1, 223, NULL, 1014.29, 1100, 1, 1100, 0, 0, NULL, 5, NULL, '2021-03-26 00:38:12', '2021-04-05 17:32:52'),
(853, 217, 28, 434, 1, 1, 224, NULL, 857.14, 928.6, 14, 13000.4, 0, 0, NULL, 5, NULL, '2021-03-26 00:41:12', '2021-04-05 17:32:52'),
(854, 217, 32, 364, 10, 10, 224, NULL, 5.2, 6, 128, 768, 0, 0, NULL, 5, NULL, '2021-03-26 00:41:12', '2021-04-05 17:32:52'),
(855, 218, 28, 357, 1, 1, 47, NULL, 586.43, 618.75, 48, 29700, 0, 0, NULL, 5, NULL, '2021-03-26 01:04:17', '2021-04-05 17:32:52'),
(856, 218, 28, 425, 1, 1, 47, NULL, 738.81, 795.72, 7, 5570.04, 0, 0, NULL, 5, NULL, '2021-03-26 01:04:17', '2021-04-05 17:32:52'),
(857, 218, 28, 429, 1, 1, 47, NULL, 883.93, 945, 30, 28350, 0, 0, NULL, 5, NULL, '2021-03-26 01:04:17', '2021-04-05 17:32:52'),
(858, 218, 28, 480, 1, 1, 47, NULL, 260.64, 283.34, 24, 6800.16, 0, 0, NULL, 5, NULL, '2021-03-26 01:04:17', '2021-04-05 17:32:52'),
(859, 218, 28, 481, 1, 1, 47, NULL, 304.98, 335, 30, 10050, 0, 0, NULL, 5, NULL, '2021-03-26 01:04:17', '2021-04-05 17:32:52'),
(860, 218, 28, 482, 1, 1, 47, NULL, 348.34, 377.77, 18, 6799.86, 0, 0, NULL, 5, NULL, '2021-03-26 01:04:17', '2021-04-05 17:32:52'),
(861, 218, 28, 483, 1, 1, 47, NULL, 390.96, 425, 16, 6800, 0, 0, NULL, 5, NULL, '2021-03-26 01:04:17', '2021-04-05 17:32:52'),
(862, 218, 28, 484, 1, 1, 47, NULL, 434.91, 478.58, 14, 6700.12, 0, 0, NULL, 5, NULL, '2021-03-26 01:04:17', '2021-04-05 17:32:52'),
(863, 218, 28, 378, 1, 1, 47, NULL, 169.17, 175, 12, 2100, 0, 0, NULL, 5, NULL, '2021-03-26 01:04:17', '2021-04-05 17:32:52'),
(864, 218, 28, 380, 1, 1, 47, NULL, 225.56, 233.34, 18, 4200.12, 0, 0, NULL, 5, NULL, '2021-03-26 01:04:17', '2021-04-05 17:32:52'),
(865, 218, 28, 494, 1, 1, 47, NULL, 310.65, 347.22, 14, 4861.08, 0, 0, NULL, 5, NULL, '2021-03-26 01:04:17', '2021-04-05 17:32:52'),
(866, 218, 32, 364, 10, 10, 47, NULL, 5.2, 5.3, 1075, 5697.5, 0, 0, NULL, 5, NULL, '2021-03-26 01:04:17', '2021-04-05 17:32:52'),
(867, 218, 32, 370, 10, 10, 47, NULL, 4.9, 4.6, 4300, 19780, 0, 0, NULL, 5, NULL, '2021-03-26 01:04:17', '2021-04-05 17:32:52'),
(868, 218, 40, 543, 10, 10, 47, NULL, 38, 39, 165, 6435, 0, 0, NULL, 5, NULL, '2021-03-26 01:04:17', '2021-04-05 17:32:52'),
(869, 218, 40, 544, 10, 10, 47, NULL, 38, 39, 227.5, 8872.5, 0, 0, NULL, 5, NULL, '2021-03-26 01:04:17', '2021-04-05 17:32:52'),
(870, 218, 40, 545, 10, 10, 47, NULL, 38, 39, 40, 1560, 0, 0, NULL, 5, NULL, '2021-03-26 01:04:17', '2021-04-05 17:32:52'),
(871, 218, 40, 547, 10, 10, 47, NULL, 38, 39, 75, 2925, 0, 0, NULL, 5, NULL, '2021-03-26 01:04:17', '2021-04-05 17:32:52'),
(872, 219, 28, 356, 1, 1, 84, NULL, 520.11, 550.6, 35, 19271, 0, 0, NULL, 5, NULL, '2021-03-26 01:19:56', '2021-04-05 17:32:52'),
(873, 220, 28, 393, 1, 1, 47, NULL, 341.67, 358.34, 36, 12900.24, 0, 0, NULL, 5, NULL, '2021-03-26 01:21:33', '2021-04-05 17:32:52'),
(874, 220, 30, 504, 1, 1, 47, NULL, 413, 490, 1, 490, 0, 0, NULL, 5, NULL, '2021-03-26 01:21:33', '2021-04-05 17:32:52'),
(875, 221, 28, 343, 1, 1, 80, NULL, 885.71, 942.86, 28, 26400.08, 0, 0, NULL, 5, NULL, '2021-03-26 01:22:27', '2021-04-05 17:32:52'),
(890, 222, 40, 525, 10, 10, 47, NULL, 28, 29, 75, 2175, 0, 0, NULL, 5, NULL, '2021-03-26 01:43:16', '2021-04-05 17:32:52'),
(891, 222, 40, 526, 10, 10, 47, NULL, 28, 29, 157.5, 4567.5, 0, 0, NULL, 5, NULL, '2021-03-26 01:43:16', '2021-04-05 17:32:52'),
(892, 222, 40, 527, 10, 10, 47, NULL, 28, 29.05, 40, 1162, 0, 0, NULL, 5, NULL, '2021-03-26 01:43:16', '2021-04-05 17:32:52'),
(893, 222, 40, 528, 10, 10, 47, NULL, 28, 29, 135, 3915, 0, 0, NULL, 5, NULL, '2021-03-26 01:43:16', '2021-04-05 17:32:52'),
(894, 222, 40, 529, 10, 10, 47, NULL, 28, 29, 175, 5075, 0, 0, NULL, 5, NULL, '2021-03-26 01:43:16', '2021-04-05 17:32:52');
INSERT INTO `invoice_entries` (`id`, `invoice_id`, `product_id`, `product_entry_id`, `main_unit_id`, `conversion_unit_id`, `customer_id`, `reference_id`, `buy_price`, `rate`, `quantity`, `total_amount`, `discount_type`, `discount_amount`, `branch_id`, `created_by`, `updated_by`, `created_at`, `updated_at`) VALUES
(895, 223, 28, 349, 1, 1, 87, NULL, 425.12, 454.2, 5, 2271, 0, 0, NULL, 5, NULL, '2021-03-27 22:24:12', '2021-04-05 17:32:52'),
(900, 226, 31, 463, 1, 1, 226, NULL, 410, 435, 100, 43500, 0, 0, NULL, 5, NULL, '2021-03-27 22:31:25', '2021-04-05 17:32:52'),
(901, 227, 31, 463, 1, 1, 227, NULL, 410, 440, 50, 22000, 0, 0, NULL, 5, NULL, '2021-03-27 22:33:10', '2021-04-05 17:32:52'),
(902, 228, 28, 342, 1, 1, 80, NULL, 794.87, 843.7, 10, 8437, 0, 0, NULL, 5, NULL, '2021-03-27 22:37:48', '2021-04-05 17:32:52'),
(903, 229, 28, 341, 1, 1, 109, NULL, 709.92, 750, 16, 12000, 0, 0, NULL, 5, NULL, '2021-03-27 23:13:05', '2021-04-05 17:32:52'),
(904, 229, 28, 435, 1, 1, 109, NULL, 947.37, 1016, 6, 6096, 0, 0, NULL, 5, NULL, '2021-03-27 23:13:05', '2021-04-05 17:32:52'),
(905, 167, 28, 444, 1, 1, 1, NULL, 750, 811.12, 42, 34067.04, 0, 0, NULL, 5, NULL, NULL, '2021-04-05 17:32:52'),
(906, 167, 28, 445, 1, 1, 1, NULL, 750, 912.5, 204, 186150, 0, 0, NULL, 5, NULL, NULL, '2021-04-05 17:32:52'),
(907, 167, 28, 446, 1, 1, 1, NULL, 933.91, 1042.866, 30, 31285.98, 0, 0, NULL, 5, NULL, NULL, '2021-04-05 17:32:52'),
(908, 167, 32, 370, 10, 10, 1, NULL, 4.1, 4.1, 537.5, 2203.75, 0, 0, NULL, 5, NULL, NULL, '2021-04-05 17:32:52'),
(909, 167, 29, 515, 7, 7, 1, NULL, 128, 128, 755, 96640, 0, 0, NULL, 5, NULL, NULL, '2021-04-05 17:32:52'),
(910, 167, 29, 516, 13, 13, 1, NULL, 42, 43, 216, 9288, 0, 0, NULL, 5, NULL, NULL, '2021-04-05 17:32:52'),
(911, 167, 28, 322, 1, 1, 1, NULL, 910.26, 875, 6, 5250, 0, 0, NULL, 5, NULL, NULL, '2021-04-05 17:32:52'),
(912, 167, 28, 486, 1, 1, 1, NULL, 244.81, 300, 54, 16200, 0, 0, NULL, 5, NULL, NULL, '2021-04-05 17:32:52'),
(913, 167, 28, 424, 1, 1, 1, NULL, 664.43, 650, 8, 5200, 0, 0, NULL, 5, NULL, NULL, '2021-04-05 17:32:52'),
(914, 167, 28, 430, 1, 1, 1, NULL, 514.29, 512.5, 13, 6662.5, 0, 0, NULL, 5, NULL, NULL, '2021-04-05 17:32:52'),
(915, 167, 28, 431, 1, 1, 1, NULL, 600, 600, 20, 12000, 0, 0, NULL, 5, NULL, NULL, '2021-04-05 17:32:52'),
(916, 167, 28, 395, 1, 1, 1, NULL, 416.67, 400, 18, 7200, 0, 0, NULL, 5, NULL, NULL, '2021-04-05 17:32:52'),
(917, 167, 28, 400, 1, 1, 1, NULL, 522.22, 477, 19, 9063, 0, 0, NULL, 5, NULL, NULL, '2021-04-05 17:32:52'),
(918, 167, 40, 527, 10, 10, 1, NULL, 28, 29, 360, 10440, 0, 0, NULL, 5, NULL, NULL, '2021-04-05 17:32:52'),
(919, 167, 40, 544, 10, 10, 1, NULL, 38, 0, 1, 0, 0, 0, NULL, 5, NULL, NULL, '2021-04-05 17:32:52'),
(920, 111, 28, 325, 1, 1, 101, NULL, 663.33, 685, 6, 4110, 0, 0, NULL, 5, NULL, NULL, '2021-04-05 17:32:52'),
(921, 230, 28, 353, 1, 1, 101, NULL, 711, 761.43, 105, 79950.15, 0, 0, NULL, 5, NULL, '2021-03-27 23:43:29', '2021-04-05 17:32:52'),
(922, 214, 32, 364, 10, 10, 222, NULL, 5.2, 5.8, 852.8, 4946.24, 0, 0, NULL, 5, NULL, NULL, '2021-04-05 17:32:52'),
(923, 213, 28, 357, 1, 1, 221, NULL, 586.43, 638, 5, 3190, 0, 0, NULL, 5, NULL, NULL, '2021-04-05 17:32:53'),
(924, 225, 28, 320, 1, 1, 177, NULL, 710, 743.75, 108, 80325, 0, 0, NULL, 5, NULL, NULL, '2021-04-05 17:32:53'),
(925, 225, 28, 322, 1, 1, 177, NULL, 910.26, 956.25, 12, 11475, 0, 0, NULL, 5, NULL, NULL, '2021-04-05 17:32:53'),
(926, 231, 28, 448, 1, 1, 80, NULL, 1122.83, 1283.33, 55, 70583.15, 0, 0, NULL, 5, NULL, '2021-03-28 00:48:54', '2021-04-05 17:32:53'),
(927, 231, 28, 452, 1, 1, 80, NULL, 838, 962.5, 50, 48125, 0, 0, NULL, 5, NULL, '2021-03-28 00:48:54', '2021-04-05 17:32:53'),
(928, 231, 28, 459, 1, 1, 80, NULL, 893, 1000, 50, 50000, 0, 0, NULL, 5, NULL, '2021-03-28 00:48:54', '2021-04-05 17:32:53'),
(929, 232, 31, 463, 1, 1, 228, NULL, 410, 439, 5, 2195, 0, 0, NULL, 5, NULL, '2021-03-28 00:54:20', '2021-04-05 17:32:53'),
(933, 224, 29, 377, 7, 7, 225, NULL, 104.5, 143.1, 370, 52947, 0, 0, NULL, 5, NULL, NULL, '2021-04-05 17:32:53'),
(934, 224, 32, 364, 10, 10, 225, NULL, 5.2, 6, 987, 5922, 0, 0, NULL, 5, NULL, NULL, '2021-04-05 17:32:53'),
(935, 172, 29, 377, 7, 7, 97, NULL, 104.5, 127, 455, 57785, 0, 0, NULL, 5, NULL, NULL, '2021-04-05 17:32:53'),
(936, 234, 32, 364, 10, 10, 229, NULL, 5.2, 6.001, 934.8, 5609.7348, 0, 0, NULL, 5, NULL, '2021-03-28 23:32:11', '2021-04-05 17:32:53'),
(937, 234, 36, 373, 1, 1, 229, NULL, 76, 100, 2, 200, 0, 0, NULL, 5, NULL, '2021-03-28 23:32:11', '2021-04-05 17:32:53'),
(940, 236, 28, 341, 1, 1, 232, NULL, 709.92, 761.2, 9, 6850.8, 0, 0, NULL, 5, NULL, '2021-03-29 21:48:50', '2021-04-05 17:32:53'),
(941, 236, 28, 343, 1, 1, 232, NULL, 885.71, 957.2, 84, 80404.8, 0, 0, NULL, 5, NULL, '2021-03-29 21:48:50', '2021-04-05 17:32:53'),
(942, 236, 40, 547, 10, 10, 232, NULL, 38, 44, 150, 6600, 0, 0, NULL, 5, NULL, '2021-03-29 21:48:50', '2021-04-05 17:32:53'),
(943, 237, 28, 442, 1, 1, 233, NULL, 560.34, 650, 7, 4550, 0, 0, NULL, 5, NULL, '2021-03-29 21:53:18', '2021-04-05 17:32:53'),
(944, 237, 28, 416, 1, 1, 233, NULL, 401.79, 433.33, 3, 1299.99, 0, 0, NULL, 5, NULL, '2021-03-29 21:53:18', '2021-04-05 17:32:53'),
(945, 237, 28, 420, 1, 1, 233, NULL, 671.64, 742.86, 5, 3714.3, 0, 0, NULL, 5, NULL, '2021-03-29 21:53:18', '2021-04-05 17:32:53'),
(949, 239, 31, 463, 1, 1, 236, NULL, 410, 445, 60, 26700, 0, 0, NULL, 5, NULL, '2021-03-29 21:58:01', '2021-04-05 17:32:53'),
(953, 238, 28, 320, 1, 1, 235, NULL, 710, 775, 120, 93000, 0, 0, NULL, 5, NULL, NULL, '2021-04-05 17:32:53'),
(954, 238, 28, 321, 1, 1, 235, NULL, 812.98, 877.8, 60, 52668, 0, 0, NULL, 5, NULL, NULL, '2021-04-05 17:32:53'),
(955, 238, 28, 322, 1, 1, 235, NULL, 910.26, 987.5, 60, 59250, 0, 0, NULL, 5, NULL, NULL, '2021-04-05 17:32:53'),
(956, 240, 28, 321, 1, 1, 235, NULL, 812.98, 877.78, 4, 3511.12, 0, 0, NULL, 5, NULL, '2021-03-29 22:03:53', '2021-04-05 17:32:53'),
(957, 240, 28, 322, 1, 1, 235, NULL, 910.26, 987.5, 4, 3950, 0, 0, NULL, 5, NULL, '2021-03-29 22:03:53', '2021-04-05 17:32:53'),
(958, 235, 28, 357, 1, 1, 231, NULL, 586.43, 625, 21, 13125, 0, 0, NULL, 5, NULL, NULL, '2021-04-05 17:32:53'),
(959, 235, 28, 358, 1, 1, 231, NULL, 649.25, 700, 21, 14700, 0, 0, NULL, 5, NULL, NULL, '2021-04-05 17:32:53'),
(960, 241, 28, 321, 1, 1, 237, NULL, 812.98, 888.89, 17, 15111.13, 0, 0, NULL, 5, NULL, '2021-03-29 22:14:49', '2021-04-05 17:32:53'),
(961, 241, 32, 364, 10, 10, 237, NULL, 5.2, 6.01, 262.4, 1577.024, 0, 0, NULL, 5, NULL, '2021-03-29 22:14:49', '2021-04-05 17:32:53'),
(962, 242, 28, 460, 1, 1, 80, NULL, 995, 1143, 120, 137160, 0, 0, NULL, 5, NULL, '2021-03-29 22:18:48', '2021-04-05 17:32:53'),
(964, 244, 32, 364, 10, 10, 238, NULL, 5.2, 5.7, 10750, 61275, 0, 0, NULL, 5, NULL, '2021-03-30 00:52:40', '2021-04-05 17:32:53'),
(966, 233, 28, 343, 1, 1, 80, NULL, 885.71, 942.86, 42, 39600.12, 0, 0, NULL, 5, NULL, NULL, '2021-04-05 17:32:53'),
(967, 243, 28, 342, 1, 1, 80, NULL, 794.87, 867.52, 104, 90222.08, 0, 0, NULL, 1, NULL, NULL, NULL);

-- --------------------------------------------------------

--
-- Table structure for table `items`
--

CREATE TABLE `items` (
  `id` bigint(20) UNSIGNED NOT NULL,
  `sub_category_id` bigint(20) UNSIGNED NOT NULL,
  `name` varchar(255) COLLATE utf8mb4_unicode_ci NOT NULL,
  `status` tinyint(4) NOT NULL COMMENT '1=active 0=inactive',
  `branch_id` bigint(20) UNSIGNED DEFAULT NULL,
  `created_by` bigint(20) UNSIGNED DEFAULT NULL,
  `updated_by` bigint(20) UNSIGNED DEFAULT NULL,
  `created_at` timestamp NULL DEFAULT NULL,
  `updated_at` timestamp NULL DEFAULT NULL
) ENGINE=InnoDB DEFAULT CHARSET=utf8mb4 COLLATE=utf8mb4_unicode_ci;

-- --------------------------------------------------------

--
-- Table structure for table `message_deliveries`
--

CREATE TABLE `message_deliveries` (
  `id` bigint(20) UNSIGNED NOT NULL,
  `message_id` bigint(20) UNSIGNED NOT NULL,
  `customer_id` bigint(20) UNSIGNED DEFAULT NULL,
  `phone_book_id` bigint(20) UNSIGNED DEFAULT NULL,
  `created_by` bigint(20) UNSIGNED DEFAULT NULL,
  `updated_by` bigint(20) UNSIGNED DEFAULT NULL,
  `created_at` timestamp NULL DEFAULT NULL,
  `updated_at` timestamp NULL DEFAULT NULL
) ENGINE=InnoDB DEFAULT CHARSET=utf8 COLLATE=utf8_unicode_ci;

-- --------------------------------------------------------

--
-- Table structure for table `message_lists`
--

CREATE TABLE `message_lists` (
  `id` bigint(20) UNSIGNED NOT NULL,
  `title` varchar(255) COLLATE utf8_unicode_ci NOT NULL,
  `body` text COLLATE utf8_unicode_ci NOT NULL,
  `created_by` bigint(20) UNSIGNED DEFAULT NULL,
  `updated_by` bigint(20) UNSIGNED DEFAULT NULL,
  `created_at` timestamp NULL DEFAULT NULL,
  `updated_at` timestamp NULL DEFAULT NULL
) ENGINE=InnoDB DEFAULT CHARSET=utf8 COLLATE=utf8_unicode_ci;

-- --------------------------------------------------------

--
-- Table structure for table `migrations`
--

CREATE TABLE `migrations` (
  `id` int(10) UNSIGNED NOT NULL,
  `migration` varchar(255) COLLATE utf8mb4_unicode_ci NOT NULL,
  `batch` int(11) NOT NULL
) ENGINE=InnoDB DEFAULT CHARSET=utf8mb4 COLLATE=utf8mb4_unicode_ci;

--
-- Dumping data for table `migrations`
--

INSERT INTO `migrations` (`id`, `migration`, `batch`) VALUES
(1, '2014_10_12_000000_create_users_table', 1),
(2, '2014_10_12_100000_create_password_resets_table', 1),
(3, '2019_08_19_000000_create_failed_jobs_table', 1);

-- --------------------------------------------------------

--
-- Table structure for table `modules`
--

CREATE TABLE `modules` (
  `id` bigint(20) UNSIGNED NOT NULL,
  `name` text COLLATE utf8mb4_unicode_ci NOT NULL,
  `created_by` bigint(20) UNSIGNED DEFAULT NULL,
  `updated_by` bigint(20) UNSIGNED DEFAULT NULL,
  `created_at` timestamp NULL DEFAULT NULL,
  `updated_at` timestamp NULL DEFAULT NULL
) ENGINE=InnoDB DEFAULT CHARSET=utf8mb4 COLLATE=utf8mb4_unicode_ci;

--
-- Dumping data for table `modules`
--

INSERT INTO `modules` (`id`, `name`, `created_by`, `updated_by`, `created_at`, `updated_at`) VALUES
(1, 'Product Categories', 0, 0, '0000-00-00 00:00:00', '0000-00-00 00:00:00'),
(2, 'Products', 0, 0, '0000-00-00 00:00:00', '0000-00-00 00:00:00'),
(3, 'Orders', 0, 0, '0000-00-00 00:00:00', '0000-00-00 00:00:00'),
(4, 'Purchases', 0, 0, '0000-00-00 00:00:00', '0000-00-00 00:00:00'),
(5, 'Sales Return', 0, 0, '0000-00-00 00:00:00', '0000-00-00 00:00:00'),
(6, 'Purchase Return', 0, 0, '0000-00-00 00:00:00', '0000-00-00 00:00:00'),
(7, 'Expenses', 0, 0, '0000-00-00 00:00:00', '0000-00-00 00:00:00'),
(8, 'Payments', 0, 0, '0000-00-00 00:00:00', '0000-00-00 00:00:00'),
(9, 'Contacts', 0, 0, '0000-00-00 00:00:00', '0000-00-00 00:00:00'),
(10, 'Paid Through Accounts', 0, 0, '0000-00-00 00:00:00', '0000-00-00 00:00:00'),
(11, 'Units', 0, 0, '0000-00-00 00:00:00', '0000-00-00 00:00:00'),
(12, 'Employee Salary', 0, 0, '0000-00-00 00:00:00', '0000-00-00 00:00:00'),
(13, 'Bar Code Print', 0, 0, '0000-00-00 00:00:00', '0000-00-00 00:00:00'),
(14, 'Discounts', 0, 0, '0000-00-00 00:00:00', '0000-00-00 00:00:00'),
(15, 'Reports', 0, 0, '0000-00-00 00:00:00', '0000-00-00 00:00:00'),
(16, 'Users', 0, 0, '0000-00-00 00:00:00', '0000-00-00 00:00:00'),
(17, 'Access Level', 0, 0, '0000-00-00 00:00:00', '0000-00-00 00:00:00');

-- --------------------------------------------------------

--
-- Table structure for table `modules_access`
--

CREATE TABLE `modules_access` (
  `id` bigint(20) UNSIGNED NOT NULL,
  `module_id` bigint(20) UNSIGNED NOT NULL,
  `user_id` bigint(20) UNSIGNED NOT NULL,
  `display` tinyint(4) NOT NULL,
  `created_by` bigint(20) UNSIGNED DEFAULT NULL,
  `updated_by` bigint(20) UNSIGNED DEFAULT NULL,
  `created_at` timestamp NULL DEFAULT NULL,
  `updated_at` timestamp NULL DEFAULT NULL
) ENGINE=InnoDB DEFAULT CHARSET=utf8mb4 COLLATE=utf8mb4_unicode_ci;

--
-- Dumping data for table `modules_access`
--

INSERT INTO `modules_access` (`id`, `module_id`, `user_id`, `display`, `created_by`, `updated_by`, `created_at`, `updated_at`) VALUES
(1, 1, 1, 1, 1, NULL, '2021-01-03 07:38:07', NULL),
(2, 2, 1, 1, 1, NULL, '2021-01-03 07:38:07', NULL),
(3, 3, 1, 1, 1, NULL, '2021-01-03 07:38:07', NULL),
(4, 4, 1, 1, 1, NULL, '2021-01-03 07:38:07', NULL),
(5, 5, 1, 1, 1, NULL, '2021-01-03 07:38:07', NULL),
(6, 6, 1, 1, 1, NULL, '2021-01-03 07:38:07', NULL),
(7, 7, 1, 1, 1, NULL, '2021-01-03 07:38:07', NULL),
(8, 8, 1, 1, 1, NULL, '2021-01-03 07:38:07', NULL),
(9, 9, 1, 1, 1, NULL, '2021-01-03 07:38:07', NULL),
(10, 10, 1, 1, 1, NULL, '2021-01-03 07:38:07', NULL),
(11, 11, 1, 1, 1, NULL, '2021-01-03 07:38:07', NULL),
(12, 12, 1, 1, 1, NULL, '2021-01-03 07:38:07', NULL),
(13, 13, 1, 1, 1, NULL, '2021-01-03 07:38:07', NULL),
(14, 14, 1, 1, 1, NULL, '2021-01-03 07:38:07', NULL),
(15, 15, 1, 1, 1, NULL, '2021-01-03 07:38:07', NULL),
(16, 16, 1, 1, 1, NULL, '2021-01-03 07:38:07', NULL),
(17, 17, 1, 1, 1, NULL, '2021-01-03 07:38:07', NULL),
(18, 1, 2, 1, 1, NULL, '2021-01-20 10:59:35', NULL),
(19, 2, 2, 1, 1, NULL, '2021-01-20 10:59:35', NULL),
(20, 3, 2, 1, 1, NULL, '2021-01-20 10:59:35', NULL),
(21, 4, 2, 1, 1, NULL, '2021-01-20 10:59:35', NULL),
(22, 5, 2, 1, 1, NULL, '2021-01-20 10:59:35', NULL),
(23, 6, 2, 1, 1, NULL, '2021-01-20 10:59:35', NULL),
(24, 7, 2, 1, 1, NULL, '2021-01-20 10:59:35', NULL),
(25, 8, 2, 1, 1, NULL, '2021-01-20 10:59:35', NULL),
(26, 9, 2, 1, 1, NULL, '2021-01-20 10:59:35', NULL),
(27, 10, 2, 1, 1, NULL, '2021-01-20 10:59:35', NULL),
(28, 11, 2, 1, 1, NULL, '2021-01-20 10:59:35', NULL),
(29, 12, 2, 1, 1, NULL, '2021-01-20 10:59:35', NULL),
(30, 13, 2, 1, 1, NULL, '2021-01-20 10:59:35', NULL),
(31, 14, 2, 1, 1, NULL, '2021-01-20 10:59:35', NULL),
(32, 15, 2, 1, 1, NULL, '2021-01-20 10:59:35', NULL),
(33, 16, 2, 1, 1, NULL, '2021-01-20 10:59:35', NULL),
(34, 17, 2, 1, 1, NULL, '2021-01-20 10:59:35', NULL),
(52, 1, 5, 1, 1, NULL, '2021-01-31 10:39:48', NULL),
(53, 2, 5, 1, 1, NULL, '2021-01-31 10:39:48', NULL),
(54, 3, 5, 1, 1, NULL, '2021-01-31 10:39:48', NULL),
(55, 4, 5, 1, 1, NULL, '2021-01-31 10:39:48', NULL),
(56, 5, 5, 1, 1, NULL, '2021-01-31 10:39:48', NULL),
(57, 6, 5, 1, 1, NULL, '2021-01-31 10:39:48', NULL),
(58, 7, 5, 1, 1, NULL, '2021-01-31 10:39:48', NULL),
(59, 8, 5, 1, 1, NULL, '2021-01-31 10:39:48', NULL),
(60, 9, 5, 1, 1, NULL, '2021-01-31 10:39:48', NULL),
(61, 10, 5, 1, 1, NULL, '2021-01-31 10:39:48', NULL),
(62, 11, 5, 1, 1, NULL, '2021-01-31 10:39:48', NULL),
(63, 12, 5, 1, 1, NULL, '2021-01-31 10:39:48', NULL),
(64, 13, 5, 1, 1, NULL, '2021-01-31 10:39:48', NULL),
(65, 14, 5, 1, 1, NULL, '2021-01-31 10:39:48', NULL),
(66, 15, 5, 1, 1, NULL, '2021-01-31 10:39:48', NULL),
(67, 16, 5, 1, 1, NULL, '2021-01-31 10:39:48', NULL),
(68, 17, 5, 1, 1, NULL, '2021-01-31 10:39:48', NULL);

-- --------------------------------------------------------

--
-- Table structure for table `paid_through_accounts`
--

CREATE TABLE `paid_through_accounts` (
  `id` bigint(20) UNSIGNED NOT NULL,
  `name` text COLLATE utf8mb4_unicode_ci NOT NULL,
  `description` text COLLATE utf8mb4_unicode_ci DEFAULT NULL,
  `branch_id` bigint(20) UNSIGNED DEFAULT NULL,
  `created_by` bigint(20) UNSIGNED DEFAULT NULL,
  `updated_by` bigint(20) UNSIGNED DEFAULT NULL,
  `created_at` timestamp NULL DEFAULT NULL,
  `updated_at` timestamp NULL DEFAULT NULL
) ENGINE=InnoDB DEFAULT CHARSET=utf8mb4 COLLATE=utf8mb4_unicode_ci;

--
-- Dumping data for table `paid_through_accounts`
--

INSERT INTO `paid_through_accounts` (`id`, `name`, `description`, `branch_id`, `created_by`, `updated_by`, `created_at`, `updated_at`) VALUES
(1, 'CASH', NULL, NULL, NULL, NULL, NULL, NULL),
(6, 'Pubali Bank', 'Nayabazar', NULL, 5, 5, '2021-03-08 22:21:41', '2021-03-08 22:22:55'),
(7, 'DBBL', 'Nayabazar', NULL, 5, 5, '2021-03-08 22:22:32', '2021-03-08 22:23:21'),
(8, 'Shajalal Islami Bank', 'Bongshal', NULL, 5, NULL, '2021-03-08 22:23:50', '2021-03-08 22:23:50'),
(9, 'IBL', 'Bongshal', NULL, 5, NULL, '2021-03-08 22:24:09', '2021-03-08 22:24:09'),
(10, 'NBL', 'Bongshal', NULL, 5, NULL, '2021-03-08 22:24:19', '2021-03-08 22:24:19'),
(11, 'UCBL', NULL, NULL, 5, NULL, '2021-03-08 22:24:32', '2021-03-08 22:24:32'),
(12, 'DBBL (Beg Tradeing)', NULL, NULL, 5, NULL, '2021-03-08 22:25:13', '2021-03-08 22:25:13'),
(13, 'AAIBL', 'North South Road', NULL, 5, 5, '2021-03-08 22:25:55', '2021-03-08 22:26:44'),
(14, 'One Bank', 'Bongshal', NULL, 5, NULL, '2021-03-08 22:27:03', '2021-03-08 22:27:03');

-- --------------------------------------------------------

--
-- Table structure for table `password_resets`
--

CREATE TABLE `password_resets` (
  `email` varchar(255) COLLATE utf8mb4_unicode_ci NOT NULL,
  `token` varchar(255) COLLATE utf8mb4_unicode_ci NOT NULL,
  `created_at` timestamp NULL DEFAULT NULL
) ENGINE=InnoDB DEFAULT CHARSET=utf8mb4 COLLATE=utf8mb4_unicode_ci;

-- --------------------------------------------------------

--
-- Table structure for table `payments`
--

CREATE TABLE `payments` (
  `id` bigint(20) UNSIGNED NOT NULL,
  `payment_number` text COLLATE utf8mb4_unicode_ci NOT NULL,
  `payment_date` date NOT NULL,
  `amount` double NOT NULL,
  `paid_through` bigint(20) UNSIGNED NOT NULL,
  `note` text COLLATE utf8mb4_unicode_ci DEFAULT NULL,
  `account_information` text COLLATE utf8mb4_unicode_ci DEFAULT NULL,
  `customer_id` bigint(20) UNSIGNED NOT NULL,
  `type` tinyint(4) NOT NULL COMMENT '0= invoice 1= bill 2= sales return 3= purchase return',
  `branch_id` bigint(20) UNSIGNED DEFAULT NULL,
  `created_by` bigint(20) UNSIGNED DEFAULT NULL,
  `updated_by` bigint(20) UNSIGNED DEFAULT NULL,
  `created_at` timestamp NULL DEFAULT NULL,
  `updated_at` timestamp NULL DEFAULT NULL
) ENGINE=InnoDB DEFAULT CHARSET=utf8mb4 COLLATE=utf8mb4_unicode_ci;

--
-- Dumping data for table `payments`
--

INSERT INTO `payments` (`id`, `payment_number`, `payment_date`, `amount`, `paid_through`, `note`, `account_information`, `customer_id`, `type`, `branch_id`, `created_by`, `updated_by`, `created_at`, `updated_at`) VALUES
(115, '1', '2021-03-14', 43000, 1, NULL, NULL, 137, 1, NULL, 5, NULL, '2021-03-14 20:46:28', NULL),
(116, '2', '2021-03-20', 1090, 1, NULL, NULL, 153, 0, NULL, 5, NULL, '2021-03-20 19:00:46', NULL),
(117, '3', '2021-03-13', 5100, 1, NULL, NULL, 155, 0, NULL, 5, NULL, '2021-03-20 19:03:39', NULL),
(118, '4', '2021-03-20', 4620, 1, NULL, NULL, 156, 0, NULL, 5, NULL, '2021-03-20 19:09:45', NULL),
(119, '5', '2021-03-13', 12900, 1, NULL, NULL, 157, 0, NULL, 5, NULL, '2021-03-20 19:13:01', NULL),
(121, '7', '2021-03-13', 2150, 1, NULL, NULL, 160, 0, NULL, 5, NULL, '2021-03-20 19:17:27', NULL),
(122, '8', '2021-03-13', 6100, 1, NULL, NULL, 161, 0, NULL, 5, NULL, '2021-03-20 19:19:26', NULL),
(123, '9', '2021-03-13', 5450, 1, NULL, NULL, 95, 0, NULL, 5, NULL, '2021-03-20 19:21:17', NULL),
(125, '11', '2021-03-20', 2720, 1, NULL, NULL, 140, 0, NULL, 5, NULL, '2021-03-20 19:24:39', NULL),
(127, '13', '2021-03-13', 105500, 1, NULL, NULL, 143, 1, NULL, 5, NULL, '2021-03-20 20:39:29', NULL),
(128, '14', '2021-03-15', 9900, 1, NULL, NULL, 120, 1, NULL, 5, NULL, '2021-03-20 21:36:00', NULL),
(129, '15', '2021-03-15', 1800, 1, NULL, NULL, 116, 1, NULL, 5, NULL, '2021-03-20 21:40:19', NULL),
(130, '16', '2021-03-16', 11301, 1, NULL, NULL, 120, 1, NULL, 5, NULL, '2021-03-20 22:24:58', NULL),
(132, '18', '2021-03-20', 12850, 1, NULL, NULL, 164, 0, NULL, 5, NULL, '2021-03-20 23:18:05', NULL),
(134, '20', '2021-03-16', 5697.5, 1, NULL, NULL, 102, 0, NULL, 5, NULL, '2021-03-20 23:24:37', NULL),
(135, '21', '2021-03-16', 30799.86, 1, NULL, NULL, 166, 0, NULL, 5, NULL, '2021-03-20 23:26:53', NULL),
(136, '22', '2021-03-16', 2420, 1, NULL, NULL, 166, 0, NULL, 5, NULL, '2021-03-20 23:27:58', NULL),
(137, '23', '2021-03-16', 45081.78, 1, NULL, NULL, 167, 0, NULL, 5, NULL, '2021-03-20 23:33:21', NULL),
(139, '25', '2021-03-16', 87269, 1, NULL, NULL, 169, 0, NULL, 5, NULL, '2021-03-20 23:41:46', NULL),
(140, '26', '2021-03-16', 126874.7, 1, NULL, NULL, 170, 0, NULL, 5, NULL, '2021-03-20 23:45:29', NULL),
(141, '27', '2021-03-16', 56268.94, 1, NULL, NULL, 171, 0, NULL, 5, NULL, '2021-03-20 23:48:43', NULL),
(142, '28', '2021-03-16', 11805, 1, NULL, NULL, 172, 0, NULL, 5, NULL, '2021-03-20 23:50:26', NULL),
(143, '29', '2021-03-16', 91905.07, 1, NULL, NULL, 173, 0, NULL, 5, NULL, '2021-03-20 23:59:59', NULL),
(144, '30', '2021-03-16', 91905.07, 1, NULL, NULL, 173, 0, NULL, 5, NULL, '2021-03-20 23:59:59', NULL),
(145, '31', '2021-03-16', 3128.58, 1, NULL, NULL, 95, 0, NULL, 5, NULL, '2021-03-21 00:01:09', NULL),
(146, '32', '2021-03-16', 750, 1, NULL, NULL, 170, 0, NULL, 5, NULL, '2021-03-21 00:03:00', NULL),
(147, '33', '2021-03-16', 5277.08, 1, NULL, NULL, 102, 0, NULL, 5, NULL, '2021-03-21 00:04:37', NULL),
(148, '34', '2021-03-16', 11395, 1, NULL, NULL, 102, 0, NULL, 5, NULL, '2021-03-21 00:05:38', NULL),
(149, '35', '2021-03-16', 4840, 1, NULL, NULL, 174, 0, NULL, 5, NULL, '2021-03-21 00:07:01', NULL),
(151, '37', '2021-03-18', 45299.88, 1, NULL, NULL, 42, 1, NULL, 5, NULL, '2021-03-21 00:37:38', NULL),
(152, '38', '2021-03-18', 2530, 1, NULL, NULL, 176, 0, NULL, 5, NULL, '2021-03-21 00:52:44', NULL),
(153, '39', '2021-03-18', 59000, 1, NULL, NULL, 177, 0, NULL, 5, NULL, '2021-03-21 00:55:58', NULL),
(154, '40', '2021-03-20', 9360, 1, NULL, NULL, 178, 0, NULL, 5, NULL, '2021-03-21 00:58:14', NULL),
(155, '41', '2021-03-18', 570, 1, NULL, NULL, 144, 1, NULL, 5, NULL, '2021-03-21 01:08:38', NULL),
(156, '42', '2021-03-18', 35076.04, 1, NULL, NULL, 179, 0, NULL, 5, NULL, '2021-03-21 01:13:28', NULL),
(159, '45', '2021-03-20', 2216.67, 1, NULL, NULL, 178, 0, NULL, 5, NULL, '2021-03-21 01:19:55', NULL),
(160, '46', '2021-03-18', 4650.03, 1, NULL, NULL, 104, 0, NULL, 5, NULL, '2021-03-21 01:21:04', NULL),
(161, '47', '2021-03-18', 15432.8, 1, NULL, NULL, 181, 0, NULL, 5, NULL, '2021-03-21 01:29:42', NULL),
(162, '48', '2021-03-18', 3560, 1, NULL, NULL, 182, 0, NULL, 5, NULL, '2021-03-21 01:31:03', NULL),
(164, '50', '2021-03-18', 5912.5, 1, NULL, NULL, 149, 0, NULL, 5, NULL, '2021-03-21 01:39:14', NULL),
(165, '51', '2021-03-20', 380, 1, NULL, NULL, 144, 1, NULL, 5, NULL, '2021-03-21 02:28:21', NULL),
(166, '52', '2021-03-20', 2635, 1, NULL, NULL, 116, 1, NULL, 5, NULL, '2021-03-21 02:40:57', NULL),
(167, '53', '2021-03-20', 420.024, 1, NULL, NULL, 144, 1, NULL, 5, NULL, '2021-03-21 02:42:15', NULL),
(168, '54', '2021-03-20', 19337.4, 1, NULL, NULL, 183, 0, NULL, 5, NULL, '2021-03-21 03:08:21', NULL),
(169, '55', '2021-03-20', 57500.1, 1, NULL, NULL, 95, 0, NULL, 5, NULL, '2021-03-21 03:09:27', NULL),
(170, '56', '2021-03-20', 1900, 1, NULL, NULL, 184, 0, NULL, 5, NULL, '2021-03-21 03:10:49', NULL),
(171, '57', '2021-03-20', 42594.75, 1, NULL, NULL, 185, 0, NULL, 5, NULL, '2021-03-21 03:14:13', NULL),
(172, '58', '2021-03-20', 21000, 1, NULL, NULL, 186, 0, NULL, 5, NULL, '2021-03-21 03:16:06', NULL),
(173, '59', '2021-03-20', 57989.36, 1, NULL, NULL, 187, 0, NULL, 5, NULL, '2021-03-21 03:18:30', NULL),
(174, '60', '2021-03-20', 1720, 1, NULL, NULL, 188, 0, NULL, 5, NULL, '2021-03-21 03:20:52', NULL),
(175, '61', '2021-03-20', 5120, 1, NULL, NULL, 189, 0, NULL, 5, NULL, '2021-03-21 03:23:39', NULL),
(176, '62', '2021-03-20', 28300, 1, NULL, NULL, 95, 0, NULL, 5, NULL, '2021-03-21 03:24:46', NULL),
(177, '63', '2021-03-20', 1890, 1, NULL, NULL, 190, 0, NULL, 5, NULL, '2021-03-21 03:26:08', NULL),
(178, '64', '2021-03-20', 41244.54, 1, NULL, NULL, 191, 0, NULL, 5, NULL, '2021-03-21 03:29:40', NULL),
(180, '65', '2021-03-21', 46475, 1, NULL, NULL, 192, 0, NULL, 1, NULL, '2021-03-21 17:45:14', NULL),
(181, '66', '2021-03-13', 72000, 1, NULL, NULL, 75, 1, NULL, 5, NULL, '2021-03-21 18:21:21', NULL),
(182, '67', '2021-03-13', 4102.2, 1, NULL, NULL, 102, 0, NULL, 5, NULL, '2021-03-21 18:31:12', NULL),
(183, '68', '2021-03-13', 10880, 1, NULL, NULL, 193, 0, NULL, 5, NULL, '2021-03-21 18:33:15', NULL),
(184, '69', '2021-03-13', 159539.76, 1, NULL, NULL, 194, 0, NULL, 5, NULL, '2021-03-21 18:36:11', NULL),
(185, '70', '2021-03-13', 19233.4, 1, NULL, NULL, 196, 0, NULL, 5, NULL, '2021-03-21 18:38:51', NULL),
(186, '71', '2021-03-13', 2750, 1, NULL, NULL, 196, 0, NULL, 5, NULL, '2021-03-21 18:39:49', NULL),
(187, '72', '2021-03-13', 289999.64, 1, NULL, NULL, 197, 0, NULL, 5, NULL, '2021-03-21 18:48:49', NULL),
(188, '73', '2021-03-13', 11588.92, 1, NULL, NULL, 95, 0, NULL, 5, NULL, '2021-03-21 18:50:05', NULL),
(189, '74', '2021-03-13', 13970, 1, NULL, NULL, 198, 0, NULL, 5, NULL, '2021-03-21 19:08:45', NULL),
(190, '75', '2021-03-13', 20460.47, 1, NULL, NULL, 109, 0, NULL, 5, NULL, '2021-03-21 19:10:54', NULL),
(191, '76', '2021-03-13', 21051.35, 1, NULL, NULL, 199, 0, NULL, 5, NULL, '2021-03-21 19:15:04', NULL),
(193, '78', '2021-03-13', 5974.474, 1, NULL, NULL, 163, 0, NULL, 5, NULL, '2021-03-21 19:22:00', NULL),
(194, '79', '2021-03-13', 12610.1, 1, NULL, NULL, 87, 0, NULL, 5, NULL, '2021-03-21 19:23:39', NULL),
(196, '81', '2021-03-13', 181750, 1, NULL, NULL, 138, 0, NULL, 5, NULL, '2021-03-21 19:28:58', NULL),
(201, '84', '2021-03-18', 15600.06, 1, NULL, NULL, 203, 1, NULL, 5, NULL, '2021-03-21 22:28:12', NULL),
(202, '85', '2021-03-21', 380, 1, NULL, NULL, 144, 1, NULL, 5, NULL, '2021-03-21 22:48:06', NULL),
(203, '86', '2021-03-21', 19390, 1, NULL, NULL, 202, 0, NULL, 5, NULL, '2021-03-21 22:49:30', NULL),
(204, '87', '2021-03-21', 40243.05, 1, NULL, NULL, 204, 0, NULL, 5, NULL, '2021-03-22 00:33:58', NULL),
(211, '92', '2021-03-22', 10920, 1, NULL, NULL, 154, 0, NULL, 5, NULL, '2021-03-22 22:34:34', NULL),
(212, '93', '2021-03-13', 4085.72, 1, NULL, NULL, 87, 0, NULL, 5, NULL, '2021-03-22 22:36:40', NULL),
(213, '94', '2021-03-13', 262683.0125, 1, NULL, NULL, 147, 0, NULL, 5, NULL, '2021-03-22 22:38:16', NULL),
(214, '95', '2021-03-16', 21600, 1, NULL, NULL, 168, 0, NULL, 5, NULL, '2021-03-22 22:50:14', NULL),
(215, '96', '2021-03-13', 15557.22, 1, NULL, NULL, 200, 0, NULL, 5, NULL, '2021-03-22 22:52:19', NULL),
(217, '98', '2021-03-18', 4133.44, 1, NULL, NULL, 104, 0, NULL, 5, NULL, '2021-03-22 22:55:54', NULL),
(218, '99', '2021-03-18', 5070.13, 1, NULL, NULL, 180, 0, NULL, 5, NULL, '2021-03-22 22:56:57', NULL),
(219, '100', '2021-03-22', 42182, 1, NULL, NULL, 205, 0, NULL, 5, NULL, '2021-03-22 23:48:17', NULL),
(220, '101', '2021-03-22', 30264.25, 1, NULL, NULL, 206, 0, NULL, 5, NULL, '2021-03-22 23:51:46', NULL),
(221, '102', '2021-03-22', 770, 1, NULL, NULL, 208, 0, NULL, 5, NULL, '2021-03-22 23:53:09', NULL),
(222, '103', '2021-03-22', 17371.36, 1, NULL, NULL, 209, 0, NULL, 5, NULL, '2021-03-22 23:57:07', NULL),
(223, '104', '2021-03-22', 6779, 1, NULL, NULL, 156, 0, NULL, 5, NULL, '2021-03-23 01:49:22', NULL),
(224, '105', '2021-03-22', 10745, 1, NULL, NULL, 210, 0, NULL, 5, NULL, '2021-03-23 02:16:58', NULL),
(229, '109', '2021-03-11', 112799.87, 1, NULL, NULL, 2, 1, NULL, 5, NULL, '2021-03-23 18:39:11', NULL),
(234, '111', '2021-03-23', 9736, 1, NULL, NULL, 95, 0, NULL, 5, NULL, '2021-03-23 19:27:40', NULL),
(235, '112', '2021-03-23', 40291.8, 1, NULL, NULL, 211, 0, NULL, 5, NULL, '2021-03-23 19:33:40', NULL),
(236, '113', '2021-03-23', 11864, 1, NULL, NULL, 140, 0, NULL, 5, NULL, '2021-03-23 19:41:38', NULL),
(237, '114', '2021-03-13', 47403, 1, NULL, NULL, 201, 0, NULL, 5, NULL, '2021-03-23 22:00:34', NULL),
(238, '115', '2021-03-16', 3239, 1, NULL, NULL, 163, 0, NULL, 5, NULL, '2021-03-23 22:53:36', NULL),
(239, '116', '2021-03-16', 15072, 1, NULL, NULL, 165, 0, NULL, 5, NULL, '2021-03-23 22:55:53', NULL),
(240, '117', '2021-03-13', 1991, 1, NULL, NULL, 162, 0, NULL, 5, NULL, '2021-03-23 23:03:48', NULL),
(241, '118', '2021-03-13', 13000, 1, NULL, NULL, 162, 0, NULL, 5, NULL, '2021-03-23 23:04:55', NULL),
(242, '119', '2021-03-13', 86258, 1, NULL, NULL, 159, 0, NULL, 5, NULL, '2021-03-23 23:06:08', NULL),
(243, '120', '2021-03-13', 7108, 1, NULL, NULL, 153, 0, NULL, 5, NULL, '2021-03-23 23:08:21', NULL),
(244, '121', '2021-03-13', 46055, 1, NULL, NULL, 152, 0, NULL, 5, NULL, '2021-03-23 23:09:11', NULL),
(245, '122', '2021-03-10', 278460, 1, NULL, NULL, 148, 0, NULL, 5, NULL, '2021-03-23 23:10:32', NULL),
(246, '123', '2021-03-09', 225600, 1, NULL, NULL, 146, 0, NULL, 5, NULL, '2021-03-23 23:13:16', NULL),
(248, '124', '2021-03-04', 134400, 1, NULL, NULL, 145, 0, NULL, 5, NULL, '2021-03-23 23:14:42', NULL),
(249, '125', '2021-03-18', 300000, 9, NULL, NULL, 138, 0, NULL, 5, NULL, '2021-03-23 23:16:39', NULL),
(250, '126', '2021-03-22', 37595, 9, NULL, NULL, 138, 0, NULL, 5, NULL, '2021-03-23 23:16:39', NULL),
(251, '127', '2021-03-23', 9900, 1, NULL, NULL, 102, 0, NULL, 5, NULL, '2021-03-24 17:40:33', NULL),
(252, '128', '2021-03-24', 15325, 1, NULL, NULL, 136, 0, NULL, 5, NULL, '2021-03-24 21:10:05', NULL),
(253, '129', '2021-03-24', 1600, 1, NULL, NULL, 213, 0, NULL, 5, NULL, '2021-03-24 21:11:43', NULL),
(254, '130', '2021-03-24', 19952, 1, NULL, NULL, 214, 0, NULL, 5, NULL, '2021-03-24 21:14:41', NULL),
(255, '131', '2021-03-24', 47232, 1, NULL, NULL, 215, 0, NULL, 5, NULL, '2021-03-24 21:19:53', NULL),
(256, '132', '2021-03-24', 39900, 1, NULL, NULL, 216, 0, NULL, 5, NULL, '2021-03-25 00:15:56', NULL),
(257, '133', '2021-03-24', 55952, 1, NULL, NULL, 217, 0, NULL, 5, NULL, '2021-03-25 00:20:40', NULL),
(258, '134', '2021-03-24', 27427, 1, NULL, NULL, 218, 0, NULL, 5, NULL, '2021-03-25 00:24:19', NULL),
(259, '135', '2021-03-24', 64487, 1, NULL, NULL, 219, 0, NULL, 5, NULL, '2021-03-25 01:52:28', NULL),
(260, '136', '2021-03-24', 3985, 1, NULL, NULL, 192, 0, NULL, 5, NULL, '2021-03-25 02:10:02', NULL),
(261, '137', '2021-03-24', 12040, 1, NULL, NULL, 149, 0, NULL, 5, NULL, '2021-03-25 02:11:41', NULL),
(262, '138', '2021-03-23', 5805, 1, NULL, NULL, 149, 0, NULL, 5, NULL, '2021-03-25 02:12:32', NULL),
(263, '139', '2021-03-24', 4109, 1, NULL, NULL, 149, 0, NULL, 5, NULL, '2021-03-25 02:13:38', NULL),
(264, '140', '2021-03-25', 3000, 1, NULL, NULL, 2, 1, NULL, 5, NULL, '2021-03-26 00:04:01', NULL),
(265, '141', '2021-03-25', 56000, 1, NULL, NULL, 76, 1, NULL, 5, NULL, '2021-03-26 00:04:58', NULL),
(266, '142', '2021-03-25', 690, 1, NULL, NULL, 73, 1, NULL, 5, NULL, '2021-03-26 00:05:25', NULL),
(267, '143', '2021-03-24', 2110, 1, NULL, NULL, 117, 1, NULL, 5, NULL, '2021-03-26 00:06:23', NULL),
(268, '144', '2021-03-16', 8006.6, 1, NULL, NULL, 117, 1, NULL, 5, NULL, '2021-03-26 00:07:46', NULL),
(269, '145', '2021-03-20', 19628, 1, NULL, NULL, 120, 1, NULL, 5, NULL, '2021-03-26 00:08:35', NULL),
(270, '146', '2021-03-25', 30000, 1, NULL, NULL, 76, 1, NULL, 5, NULL, '2021-03-26 00:16:34', NULL),
(271, '147', '2021-03-25', 8370, 1, NULL, NULL, 220, 0, NULL, 5, NULL, '2021-03-26 00:19:04', NULL),
(272, '148', '2021-03-25', 1650, 1, NULL, NULL, 185, 0, NULL, 5, NULL, '2021-03-26 00:24:28', NULL),
(273, '149', '2021-03-25', 6555, 1, NULL, NULL, 223, 0, NULL, 5, NULL, '2021-03-26 00:38:12', NULL),
(274, '150', '2021-03-25', 13768, 1, NULL, NULL, 224, 0, NULL, 5, NULL, '2021-03-26 00:41:12', NULL),
(275, '151', '2021-03-27', 2271, 1, NULL, NULL, 87, 0, NULL, 5, NULL, '2021-03-27 22:24:12', NULL),
(276, '152', '2021-03-27', 43500, 1, NULL, NULL, 226, 0, NULL, 5, NULL, '2021-03-27 22:31:25', NULL),
(277, '153', '2021-03-27', 22000, 1, NULL, NULL, 227, 0, NULL, 5, NULL, '2021-03-27 22:33:10', NULL),
(278, '154', '2021-03-27', 18096, 1, NULL, NULL, 109, 0, NULL, 5, NULL, '2021-03-27 23:13:05', NULL),
(279, '155', '2021-03-16', 4110, 1, NULL, NULL, 101, 0, NULL, 5, NULL, '2021-03-27 23:41:17', NULL),
(280, '156', '2021-03-25', 4946, 1, NULL, NULL, 222, 0, NULL, 5, NULL, '2021-03-28 00:39:39', NULL),
(281, '157', '2021-03-25', 3188, 1, NULL, NULL, 221, 0, NULL, 5, NULL, '2021-03-28 00:40:49', NULL),
(282, '158', '2021-03-27', 91750, 1, NULL, NULL, 177, 0, NULL, 5, NULL, '2021-03-28 00:41:27', NULL),
(283, '159', '2021-03-27', 2195, 1, NULL, NULL, 228, 0, NULL, 5, NULL, '2021-03-28 00:54:20', NULL),
(284, '160', '2021-03-28', 58869, 1, NULL, NULL, 225, 0, NULL, 5, NULL, '2021-03-28 18:30:06', NULL),
(285, '161', '2021-03-21', 57785, 1, NULL, NULL, 97, 0, NULL, 5, NULL, '2021-03-28 18:37:53', NULL),
(286, '162', '2021-03-28', 5809, 1, NULL, NULL, 229, 0, NULL, 5, NULL, '2021-03-28 23:32:11', NULL),
(287, '163', '2021-03-29', 93850, 1, NULL, NULL, 232, 0, NULL, 5, NULL, '2021-03-29 21:48:50', NULL),
(288, '164', '2021-03-29', 9564, 1, NULL, NULL, 233, 0, NULL, 5, NULL, '2021-03-29 21:53:18', NULL),
(290, '166', '2021-03-29', 26700, 1, NULL, NULL, 236, 0, NULL, 5, NULL, '2021-03-29 21:58:01', NULL),
(292, '167', '2021-03-29', 160000, 1, NULL, NULL, 235, 0, NULL, 5, NULL, '2021-03-29 22:01:35', NULL),
(293, '168', '2021-03-29', 27825, 6, NULL, NULL, 231, 0, NULL, 5, NULL, '2021-03-29 22:10:46', NULL),
(294, '169', '2021-03-29', 500, 1, NULL, NULL, 237, 0, NULL, 5, NULL, '2021-03-29 22:14:49', NULL),
(295, '170', '2021-03-29', 61275, 1, NULL, NULL, 238, 0, NULL, 5, NULL, '2021-03-30 00:52:40', NULL);

-- --------------------------------------------------------

--
-- Table structure for table `payment_entries`
--

CREATE TABLE `payment_entries` (
  `id` bigint(20) UNSIGNED NOT NULL,
  `payment_id` bigint(20) UNSIGNED NOT NULL,
  `invoice_id` bigint(20) UNSIGNED DEFAULT NULL,
  `bill_id` bigint(20) UNSIGNED DEFAULT NULL,
  `sales_return_id` bigint(20) UNSIGNED DEFAULT NULL,
  `purchase_return_id` bigint(20) UNSIGNED DEFAULT NULL,
  `amount` double NOT NULL,
  `branch_id` bigint(20) UNSIGNED DEFAULT NULL,
  `created_by` bigint(20) UNSIGNED DEFAULT NULL,
  `updated_by` bigint(20) UNSIGNED DEFAULT NULL,
  `created_at` timestamp NULL DEFAULT NULL,
  `updated_at` timestamp NULL DEFAULT NULL
) ENGINE=InnoDB DEFAULT CHARSET=utf8mb4 COLLATE=utf8mb4_unicode_ci;

--
-- Dumping data for table `payment_entries`
--

INSERT INTO `payment_entries` (`id`, `payment_id`, `invoice_id`, `bill_id`, `sales_return_id`, `purchase_return_id`, `amount`, `branch_id`, `created_by`, `updated_by`, `created_at`, `updated_at`) VALUES
(118, 115, NULL, 19, NULL, NULL, 43000, NULL, 5, NULL, '2021-03-14 20:46:28', NULL),
(119, 116, 79, NULL, NULL, NULL, 1090, NULL, 5, NULL, '2021-03-20 19:00:46', NULL),
(120, 117, 80, NULL, NULL, NULL, 5100, NULL, 5, NULL, '2021-03-20 19:03:39', NULL),
(121, 118, 81, NULL, NULL, NULL, 4620, NULL, 5, NULL, '2021-03-20 19:09:45', NULL),
(122, 119, 82, NULL, NULL, NULL, 12900, NULL, 5, NULL, '2021-03-20 19:13:01', NULL),
(124, 121, 84, NULL, NULL, NULL, 2150, NULL, 5, NULL, '2021-03-20 19:17:27', NULL),
(125, 122, 85, NULL, NULL, NULL, 6100, NULL, 5, NULL, '2021-03-20 19:19:26', NULL),
(126, 123, 86, NULL, NULL, NULL, 5450, NULL, 5, NULL, '2021-03-20 19:21:17', NULL),
(128, 125, 88, NULL, NULL, NULL, 2720, NULL, 5, NULL, '2021-03-20 19:24:39', NULL),
(130, 127, NULL, 25, NULL, NULL, 105500, NULL, 5, NULL, '2021-03-20 20:39:29', NULL),
(131, 128, NULL, 26, NULL, NULL, 9900, NULL, 5, NULL, '2021-03-20 21:36:00', NULL),
(132, 129, NULL, 27, NULL, NULL, 1800, NULL, 5, NULL, '2021-03-20 21:40:19', NULL),
(133, 130, NULL, 32, NULL, NULL, 11301, NULL, 5, NULL, '2021-03-20 22:24:58', NULL),
(135, 132, 100, NULL, NULL, NULL, 12850, NULL, 5, NULL, '2021-03-20 23:18:05', NULL),
(137, 134, 102, NULL, NULL, NULL, 5697.5, NULL, 5, NULL, '2021-03-20 23:24:37', NULL),
(138, 135, 103, NULL, NULL, NULL, 30799.86, NULL, 5, NULL, '2021-03-20 23:26:53', NULL),
(139, 136, 104, NULL, NULL, NULL, 2420, NULL, 5, NULL, '2021-03-20 23:27:58', NULL),
(140, 137, 105, NULL, NULL, NULL, 45081.78, NULL, 5, NULL, '2021-03-20 23:33:21', NULL),
(142, 139, 107, NULL, NULL, NULL, 87269, NULL, 5, NULL, '2021-03-20 23:41:46', NULL),
(143, 140, 108, NULL, NULL, NULL, 126874.7, NULL, 5, NULL, '2021-03-20 23:45:29', NULL),
(144, 141, 109, NULL, NULL, NULL, 56268.94, NULL, 5, NULL, '2021-03-20 23:48:43', NULL),
(145, 142, 110, NULL, NULL, NULL, 11805, NULL, 5, NULL, '2021-03-20 23:50:26', NULL),
(146, 143, 112, NULL, NULL, NULL, 91905.07, NULL, 5, NULL, '2021-03-20 23:59:59', NULL),
(147, 144, 113, NULL, NULL, NULL, 91905.07, NULL, 5, NULL, '2021-03-20 23:59:59', NULL),
(148, 145, 114, NULL, NULL, NULL, 3128.58, NULL, 5, NULL, '2021-03-21 00:01:09', NULL),
(149, 146, 115, NULL, NULL, NULL, 750, NULL, 5, NULL, '2021-03-21 00:03:00', NULL),
(150, 147, 116, NULL, NULL, NULL, 5277.08, NULL, 5, NULL, '2021-03-21 00:04:37', NULL),
(151, 148, 117, NULL, NULL, NULL, 11395, NULL, 5, NULL, '2021-03-21 00:05:38', NULL),
(152, 149, 118, NULL, NULL, NULL, 4840, NULL, 5, NULL, '2021-03-21 00:07:01', NULL),
(154, 151, NULL, 37, NULL, NULL, 45299.88, NULL, 5, NULL, '2021-03-21 00:37:38', NULL),
(155, 152, 122, NULL, NULL, NULL, 2530, NULL, 5, NULL, '2021-03-21 00:52:44', NULL),
(156, 153, 123, NULL, NULL, NULL, 59000, NULL, 5, NULL, '2021-03-21 00:55:58', NULL),
(157, 154, 124, NULL, NULL, NULL, 9360, NULL, 5, NULL, '2021-03-21 00:58:14', NULL),
(158, 155, NULL, 38, NULL, NULL, 570, NULL, 5, NULL, '2021-03-21 01:08:38', NULL),
(159, 156, 125, NULL, NULL, NULL, 35076.04, NULL, 5, NULL, '2021-03-21 01:13:28', NULL),
(162, 159, 128, NULL, NULL, NULL, 2216.67, NULL, 5, NULL, '2021-03-21 01:19:55', NULL),
(163, 160, 129, NULL, NULL, NULL, 4650.03, NULL, 5, NULL, '2021-03-21 01:21:04', NULL),
(164, 161, 130, NULL, NULL, NULL, 15432.8, NULL, 5, NULL, '2021-03-21 01:29:42', NULL),
(165, 162, 131, NULL, NULL, NULL, 3560, NULL, 5, NULL, '2021-03-21 01:31:03', NULL),
(167, 164, 133, NULL, NULL, NULL, 5912.5, NULL, 5, NULL, '2021-03-21 01:39:14', NULL),
(168, 165, NULL, 40, NULL, NULL, 380, NULL, 5, NULL, '2021-03-21 02:28:21', NULL),
(169, 166, NULL, 44, NULL, NULL, 2635, NULL, 5, NULL, '2021-03-21 02:40:57', NULL),
(170, 167, NULL, 45, NULL, NULL, 420.024, NULL, 5, NULL, '2021-03-21 02:42:15', NULL),
(171, 168, 138, NULL, NULL, NULL, 19337.4, NULL, 5, NULL, '2021-03-21 03:08:21', NULL),
(172, 169, 139, NULL, NULL, NULL, 57500.1, NULL, 5, NULL, '2021-03-21 03:09:27', NULL),
(173, 170, 140, NULL, NULL, NULL, 1900, NULL, 5, NULL, '2021-03-21 03:10:49', NULL),
(174, 171, 141, NULL, NULL, NULL, 42594.75, NULL, 5, NULL, '2021-03-21 03:14:13', NULL),
(175, 172, 142, NULL, NULL, NULL, 21000, NULL, 5, NULL, '2021-03-21 03:16:06', NULL),
(176, 173, 143, NULL, NULL, NULL, 57989.36, NULL, 5, NULL, '2021-03-21 03:18:30', NULL),
(177, 174, 144, NULL, NULL, NULL, 1720, NULL, 5, NULL, '2021-03-21 03:20:52', NULL),
(178, 175, 145, NULL, NULL, NULL, 5120, NULL, 5, NULL, '2021-03-21 03:23:39', NULL),
(179, 176, 146, NULL, NULL, NULL, 28300, NULL, 5, NULL, '2021-03-21 03:24:46', NULL),
(180, 177, 147, NULL, NULL, NULL, 1890, NULL, 5, NULL, '2021-03-21 03:26:08', NULL),
(181, 178, 148, NULL, NULL, NULL, 41244.54, NULL, 5, NULL, '2021-03-21 03:29:40', NULL),
(183, 180, 149, NULL, NULL, NULL, 46475, NULL, 1, NULL, '2021-03-21 17:45:14', NULL),
(184, 181, NULL, 47, NULL, NULL, 72000, NULL, 5, NULL, '2021-03-21 18:21:21', NULL),
(185, 182, 152, NULL, NULL, NULL, 4102.2, NULL, 5, NULL, '2021-03-21 18:31:12', NULL),
(186, 183, 153, NULL, NULL, NULL, 10880, NULL, 5, NULL, '2021-03-21 18:33:15', NULL),
(187, 184, 154, NULL, NULL, NULL, 159539.76, NULL, 5, NULL, '2021-03-21 18:36:11', NULL),
(188, 185, 155, NULL, NULL, NULL, 19233.4, NULL, 5, NULL, '2021-03-21 18:38:51', NULL),
(189, 186, 156, NULL, NULL, NULL, 2750, NULL, 5, NULL, '2021-03-21 18:39:49', NULL),
(190, 187, 157, NULL, NULL, NULL, 289999.64, NULL, 5, NULL, '2021-03-21 18:48:49', NULL),
(191, 188, 158, NULL, NULL, NULL, 11588.92, NULL, 5, NULL, '2021-03-21 18:50:05', NULL),
(192, 189, 159, NULL, NULL, NULL, 13970, NULL, 5, NULL, '2021-03-21 19:08:45', NULL),
(193, 190, 160, NULL, NULL, NULL, 20460.47, NULL, 5, NULL, '2021-03-21 19:10:54', NULL),
(194, 191, 161, NULL, NULL, NULL, 21051.35, NULL, 5, NULL, '2021-03-21 19:15:04', NULL),
(196, 193, 163, NULL, NULL, NULL, 5974.474, NULL, 5, NULL, '2021-03-21 19:22:00', NULL),
(197, 194, 164, NULL, NULL, NULL, 12610.1, NULL, 5, NULL, '2021-03-21 19:23:39', NULL),
(199, 196, 166, NULL, NULL, NULL, 181750, NULL, 5, NULL, '2021-03-21 19:28:58', NULL),
(204, 201, NULL, 36, NULL, NULL, 15600.06, NULL, 5, NULL, '2021-03-21 22:28:12', NULL),
(205, 202, NULL, 48, NULL, NULL, 380, NULL, 5, NULL, '2021-03-21 22:48:06', NULL),
(206, 203, 168, NULL, NULL, NULL, 19390, NULL, 5, NULL, '2021-03-21 22:49:30', NULL),
(207, 204, 170, NULL, NULL, NULL, 40243.05, NULL, 5, NULL, '2021-03-22 00:33:58', NULL),
(214, 211, 78, NULL, NULL, NULL, 10920, NULL, 5, NULL, '2021-03-22 22:34:34', NULL),
(215, 212, 75, NULL, NULL, NULL, 4085.72, NULL, 5, NULL, '2021-03-22 22:36:40', NULL),
(216, 213, 76, NULL, NULL, NULL, 262683.0125, NULL, 5, NULL, '2021-03-22 22:38:16', NULL),
(217, 214, 106, NULL, NULL, NULL, 21600, NULL, 5, NULL, '2021-03-22 22:50:14', NULL),
(218, 215, 162, NULL, NULL, NULL, 15557.22, NULL, 5, NULL, '2021-03-22 22:52:19', NULL),
(220, 217, 127, NULL, NULL, NULL, 4133.44, NULL, 5, NULL, '2021-03-22 22:55:54', NULL),
(221, 218, 126, NULL, NULL, NULL, 5070.13, NULL, 5, NULL, '2021-03-22 22:56:57', NULL),
(222, 219, 174, NULL, NULL, NULL, 42182, NULL, 5, NULL, '2021-03-22 23:48:17', NULL),
(223, 220, 175, NULL, NULL, NULL, 30264.25, NULL, 5, NULL, '2021-03-22 23:51:46', NULL),
(224, 221, 176, NULL, NULL, NULL, 770, NULL, 5, NULL, '2021-03-22 23:53:09', NULL),
(225, 222, 177, NULL, NULL, NULL, 17371.36, NULL, 5, NULL, '2021-03-22 23:57:07', NULL),
(226, 223, 180, NULL, NULL, NULL, 6779, NULL, 5, NULL, '2021-03-23 01:49:22', NULL),
(227, 224, 184, NULL, NULL, NULL, 10745, NULL, 5, NULL, '2021-03-23 02:16:58', NULL),
(232, 229, NULL, 49, NULL, NULL, 112799.87, NULL, 5, NULL, '2021-03-23 18:39:11', NULL),
(237, 234, 186, NULL, NULL, NULL, 9736, NULL, 5, NULL, '2021-03-23 19:27:40', NULL),
(238, 235, 188, NULL, NULL, NULL, 40291.8, NULL, 5, NULL, '2021-03-23 19:33:40', NULL),
(239, 236, 185, NULL, NULL, NULL, 11864, NULL, 5, NULL, '2021-03-23 19:41:38', NULL),
(240, 237, 165, NULL, NULL, NULL, 47403, NULL, 5, NULL, '2021-03-23 22:00:34', NULL),
(241, 238, 99, NULL, NULL, NULL, 3239, NULL, 5, NULL, '2021-03-23 22:53:36', NULL),
(242, 239, 101, NULL, NULL, NULL, 15072, NULL, 5, NULL, '2021-03-23 22:55:53', NULL),
(243, 240, 89, NULL, NULL, NULL, 1991, NULL, 5, NULL, '2021-03-23 23:03:48', NULL),
(244, 241, 87, NULL, NULL, NULL, 13000, NULL, 5, NULL, '2021-03-23 23:04:55', NULL),
(245, 242, 83, NULL, NULL, NULL, 86258, NULL, 5, NULL, '2021-03-23 23:06:08', NULL),
(246, 243, 77, NULL, NULL, NULL, 7108, NULL, 5, NULL, '2021-03-23 23:08:21', NULL),
(247, 244, 74, NULL, NULL, NULL, 46055, NULL, 5, NULL, '2021-03-23 23:09:11', NULL),
(248, 245, 68, NULL, NULL, NULL, 278460, NULL, 5, NULL, '2021-03-23 23:10:32', NULL),
(249, 246, 67, NULL, NULL, NULL, 225600, NULL, 5, NULL, '2021-03-23 23:13:16', NULL),
(251, 248, 65, NULL, NULL, NULL, 134400, NULL, 5, NULL, '2021-03-23 23:14:42', NULL),
(252, 249, 132, NULL, NULL, NULL, 300000, NULL, 5, NULL, '2021-03-23 23:16:39', NULL),
(253, 250, 132, NULL, NULL, NULL, 37595, NULL, 5, NULL, '2021-03-23 23:16:39', NULL),
(254, 251, 195, NULL, NULL, NULL, 9900, NULL, 5, NULL, '2021-03-24 17:40:33', NULL),
(255, 252, 198, NULL, NULL, NULL, 15325, NULL, 5, NULL, '2021-03-24 21:10:05', NULL),
(256, 253, 199, NULL, NULL, NULL, 1600, NULL, 5, NULL, '2021-03-24 21:11:43', NULL),
(257, 254, 200, NULL, NULL, NULL, 19952, NULL, 5, NULL, '2021-03-24 21:14:41', NULL),
(258, 255, 201, NULL, NULL, NULL, 47232, NULL, 5, NULL, '2021-03-24 21:19:53', NULL),
(259, 256, 205, NULL, NULL, NULL, 39900, NULL, 5, NULL, '2021-03-25 00:15:56', NULL),
(260, 257, 207, NULL, NULL, NULL, 55952, NULL, 5, NULL, '2021-03-25 00:20:40', NULL),
(261, 258, 208, NULL, NULL, NULL, 27427, NULL, 5, NULL, '2021-03-25 00:24:19', NULL),
(262, 259, 210, NULL, NULL, NULL, 64487, NULL, 5, NULL, '2021-03-25 01:52:28', NULL),
(263, 260, 211, NULL, NULL, NULL, 3985, NULL, 5, NULL, '2021-03-25 02:10:02', NULL),
(264, 261, 206, NULL, NULL, NULL, 12040, NULL, 5, NULL, '2021-03-25 02:11:41', NULL),
(265, 262, 187, NULL, NULL, NULL, 5805, NULL, 5, NULL, '2021-03-25 02:12:32', NULL),
(266, 263, 209, NULL, NULL, NULL, 4109, NULL, 5, NULL, '2021-03-25 02:13:38', NULL),
(267, 264, NULL, 57, NULL, NULL, 3000, NULL, 5, NULL, '2021-03-26 00:04:01', NULL),
(268, 265, NULL, 55, NULL, NULL, 56000, NULL, 5, NULL, '2021-03-26 00:04:58', NULL),
(269, 266, NULL, 54, NULL, NULL, 690, NULL, 5, NULL, '2021-03-26 00:05:25', NULL),
(270, 267, NULL, 52, NULL, NULL, 2110, NULL, 5, NULL, '2021-03-26 00:06:23', NULL),
(271, 268, NULL, 31, NULL, NULL, 8006.6, NULL, 5, NULL, '2021-03-26 00:07:46', NULL),
(272, 269, NULL, 46, NULL, NULL, 19628, NULL, 5, NULL, '2021-03-26 00:08:35', NULL),
(273, 270, NULL, 59, NULL, NULL, 30000, NULL, 5, NULL, '2021-03-26 00:16:34', NULL),
(274, 271, 212, NULL, NULL, NULL, 8370, NULL, 5, NULL, '2021-03-26 00:19:04', NULL),
(275, 272, 215, NULL, NULL, NULL, 1650, NULL, 5, NULL, '2021-03-26 00:24:28', NULL),
(276, 273, 216, NULL, NULL, NULL, 6555, NULL, 5, NULL, '2021-03-26 00:38:12', NULL),
(277, 274, 217, NULL, NULL, NULL, 13768, NULL, 5, NULL, '2021-03-26 00:41:12', NULL),
(278, 275, 223, NULL, NULL, NULL, 2271, NULL, 5, NULL, '2021-03-27 22:24:12', NULL),
(279, 276, 226, NULL, NULL, NULL, 43500, NULL, 5, NULL, '2021-03-27 22:31:25', NULL),
(280, 277, 227, NULL, NULL, NULL, 22000, NULL, 5, NULL, '2021-03-27 22:33:10', NULL),
(281, 278, 229, NULL, NULL, NULL, 18096, NULL, 5, NULL, '2021-03-27 23:13:05', NULL),
(282, 279, 111, NULL, NULL, NULL, 4110, NULL, 5, NULL, '2021-03-27 23:41:17', NULL),
(283, 280, 214, NULL, NULL, NULL, 4946, NULL, 5, NULL, '2021-03-28 00:39:39', NULL),
(284, 281, 213, NULL, NULL, NULL, 3188, NULL, 5, NULL, '2021-03-28 00:40:49', NULL),
(285, 282, 225, NULL, NULL, NULL, 91750, NULL, 5, NULL, '2021-03-28 00:41:27', NULL),
(286, 283, 232, NULL, NULL, NULL, 2195, NULL, 5, NULL, '2021-03-28 00:54:20', NULL),
(287, 284, 224, NULL, NULL, NULL, 58869, NULL, 5, NULL, '2021-03-28 18:30:06', NULL),
(288, 285, 172, NULL, NULL, NULL, 57785, NULL, 5, NULL, '2021-03-28 18:37:53', NULL),
(289, 286, 234, NULL, NULL, NULL, 5809, NULL, 5, NULL, '2021-03-28 23:32:11', NULL),
(290, 287, 236, NULL, NULL, NULL, 93850, NULL, 5, NULL, '2021-03-29 21:48:50', NULL),
(291, 288, 237, NULL, NULL, NULL, 9564, NULL, 5, NULL, '2021-03-29 21:53:18', NULL),
(293, 290, 239, NULL, NULL, NULL, 26700, NULL, 5, NULL, '2021-03-29 21:58:01', NULL),
(295, 292, 238, NULL, NULL, NULL, 160000, NULL, 5, NULL, '2021-03-29 22:01:35', NULL),
(296, 293, 235, NULL, NULL, NULL, 27825, NULL, 5, NULL, '2021-03-29 22:10:46', NULL),
(297, 294, 241, NULL, NULL, NULL, 500, NULL, 5, NULL, '2021-03-29 22:14:49', NULL),
(298, 295, 244, NULL, NULL, NULL, 61275, NULL, 5, NULL, '2021-03-30 00:52:40', NULL);

-- --------------------------------------------------------

--
-- Table structure for table `permissions`
--

CREATE TABLE `permissions` (
  `id` bigint(20) UNSIGNED NOT NULL,
  `user_id` bigint(20) UNSIGNED NOT NULL,
  `url_id` bigint(20) UNSIGNED NOT NULL,
  `access_level` tinyint(4) NOT NULL COMMENT '0= Not Allowed 1= Allowed',
  `created_by` bigint(20) UNSIGNED DEFAULT NULL,
  `updated_by` bigint(20) UNSIGNED DEFAULT NULL,
  `created_at` timestamp NULL DEFAULT NULL,
  `updated_at` timestamp NULL DEFAULT NULL
) ENGINE=InnoDB DEFAULT CHARSET=utf8mb4 COLLATE=utf8mb4_unicode_ci;

--
-- Dumping data for table `permissions`
--

INSERT INTO `permissions` (`id`, `user_id`, `url_id`, `access_level`, `created_by`, `updated_by`, `created_at`, `updated_at`) VALUES
(1, 1, 85, 1, 1, NULL, '2021-01-03 07:38:07', NULL),
(2, 1, 86, 1, 1, NULL, '2021-01-03 07:38:07', NULL),
(3, 1, 87, 1, 1, NULL, '2021-01-03 07:38:07', NULL),
(4, 1, 88, 1, 1, NULL, '2021-01-03 07:38:07', NULL),
(5, 1, 89, 1, 1, NULL, '2021-01-03 07:38:07', NULL),
(6, 1, 90, 1, 1, NULL, '2021-01-03 07:38:07', NULL),
(7, 1, 91, 1, 1, NULL, '2021-01-03 07:38:07', NULL),
(8, 1, 92, 1, 1, NULL, '2021-01-03 07:38:07', NULL),
(9, 1, 93, 1, 1, NULL, '2021-01-03 07:38:07', NULL),
(10, 1, 94, 1, 1, NULL, '2021-01-03 07:38:07', NULL),
(11, 1, 95, 1, 1, NULL, '2021-01-03 07:38:07', NULL),
(12, 1, 96, 1, 1, NULL, '2021-01-03 07:38:07', NULL),
(13, 1, 97, 1, 1, NULL, '2021-01-03 07:38:07', NULL),
(14, 1, 98, 1, 1, NULL, '2021-01-03 07:38:07', NULL),
(15, 1, 99, 1, 1, NULL, '2021-01-03 07:38:07', NULL),
(16, 1, 100, 1, 1, NULL, '2021-01-03 07:38:07', NULL),
(17, 1, 101, 1, 1, NULL, '2021-01-03 07:38:07', NULL),
(18, 1, 102, 1, 1, NULL, '2021-01-03 07:38:07', NULL),
(19, 1, 103, 1, 1, NULL, '2021-01-03 07:38:07', NULL),
(20, 1, 104, 1, 1, NULL, '2021-01-03 07:38:07', NULL),
(21, 1, 105, 1, 1, NULL, '2021-01-03 07:38:07', NULL),
(22, 1, 106, 1, 1, NULL, '2021-01-03 07:38:07', NULL),
(23, 1, 107, 1, 1, NULL, '2021-01-03 07:38:07', NULL),
(24, 1, 108, 1, 1, NULL, '2021-01-03 07:38:07', NULL),
(25, 1, 109, 1, 1, NULL, '2021-01-03 07:38:07', NULL),
(26, 1, 110, 1, 1, NULL, '2021-01-03 07:38:07', NULL),
(27, 1, 111, 1, 1, NULL, '2021-01-03 07:38:07', NULL),
(28, 1, 112, 1, 1, NULL, '2021-01-03 07:38:07', NULL),
(29, 1, 113, 1, 1, NULL, '2021-01-03 07:38:07', NULL),
(30, 1, 114, 1, 1, NULL, '2021-01-03 07:38:07', NULL),
(31, 1, 115, 1, 1, NULL, '2021-01-03 07:38:07', NULL),
(32, 1, 116, 1, 1, NULL, '2021-01-03 07:38:07', NULL),
(33, 1, 117, 1, 1, NULL, '2021-01-03 07:38:07', NULL),
(34, 1, 118, 1, 1, NULL, '2021-01-03 07:38:07', NULL),
(35, 1, 119, 1, 1, NULL, '2021-01-03 07:38:07', NULL),
(36, 1, 120, 1, 1, NULL, '2021-01-03 07:38:07', NULL),
(37, 1, 121, 1, 1, NULL, '2021-01-03 07:38:07', NULL),
(38, 1, 122, 1, 1, NULL, '2021-01-03 07:38:07', NULL),
(39, 1, 123, 1, 1, NULL, '2021-01-03 07:38:07', NULL),
(40, 1, 124, 1, 1, NULL, '2021-01-03 07:38:07', NULL),
(41, 1, 125, 1, 1, NULL, '2021-01-03 07:38:07', NULL),
(42, 1, 126, 1, 1, NULL, '2021-01-03 07:38:07', NULL),
(43, 1, 127, 1, 1, NULL, '2021-01-03 07:38:07', NULL),
(44, 1, 128, 1, 1, NULL, '2021-01-03 07:38:07', NULL),
(45, 1, 129, 1, 1, NULL, '2021-01-03 07:38:07', NULL),
(46, 1, 130, 1, 1, NULL, '2021-01-03 07:38:07', NULL),
(47, 1, 131, 1, 1, NULL, '2021-01-03 07:38:07', NULL),
(48, 1, 132, 1, 1, NULL, '2021-01-03 07:38:07', NULL),
(49, 1, 133, 1, 1, NULL, '2021-01-03 07:38:07', NULL),
(50, 1, 134, 1, 1, NULL, '2021-01-03 07:38:07', NULL),
(51, 1, 135, 1, 1, NULL, '2021-01-03 07:38:07', NULL),
(52, 1, 136, 1, 1, NULL, '2021-01-03 07:38:07', NULL),
(53, 1, 137, 1, 1, NULL, '2021-01-03 07:38:07', NULL),
(54, 1, 138, 1, 1, NULL, '2021-01-03 07:38:07', NULL),
(55, 1, 139, 1, 1, NULL, '2021-01-03 07:38:07', NULL),
(56, 1, 140, 1, 1, NULL, '2021-01-03 07:38:07', NULL),
(57, 1, 141, 1, 1, NULL, '2021-01-03 07:38:07', NULL),
(58, 1, 142, 1, 1, NULL, '2021-01-03 07:38:07', NULL),
(59, 1, 143, 1, 1, NULL, '2021-01-03 07:38:07', NULL),
(60, 1, 144, 1, 1, NULL, '2021-01-03 07:38:07', NULL),
(61, 1, 145, 1, 1, NULL, '2021-01-03 07:38:07', NULL),
(62, 1, 146, 1, 1, NULL, '2021-01-03 07:38:07', NULL),
(63, 1, 147, 1, 1, NULL, '2021-01-03 07:38:07', NULL),
(64, 1, 148, 1, 1, NULL, '2021-01-03 07:38:07', NULL),
(65, 1, 149, 1, 1, NULL, '2021-01-03 07:38:07', NULL),
(66, 1, 150, 1, 1, NULL, '2021-01-03 07:38:07', NULL),
(67, 1, 151, 1, 1, NULL, '2021-01-03 07:38:07', NULL),
(68, 1, 152, 1, 1, NULL, '2021-01-03 07:38:07', NULL),
(69, 1, 153, 1, 1, NULL, '2021-01-03 07:38:07', NULL),
(70, 1, 154, 1, 1, NULL, '2021-01-03 07:38:07', NULL),
(71, 1, 155, 1, 1, NULL, '2021-01-03 07:38:07', NULL),
(72, 1, 156, 1, 1, NULL, '2021-01-03 07:38:07', NULL),
(73, 1, 157, 1, 1, NULL, '2021-01-03 07:38:07', NULL),
(74, 1, 158, 1, 1, NULL, '2021-01-03 07:38:07', NULL),
(75, 1, 159, 1, 1, NULL, '2021-01-03 07:38:07', NULL),
(76, 1, 160, 1, 1, NULL, '2021-01-03 07:38:07', NULL),
(77, 1, 161, 1, 1, NULL, '2021-01-03 07:38:07', NULL),
(78, 1, 162, 1, 1, NULL, '2021-01-03 07:38:07', NULL),
(79, 1, 163, 1, 1, NULL, '2021-01-03 07:38:07', NULL),
(80, 1, 164, 1, 1, NULL, '2021-01-03 07:38:07', NULL),
(81, 1, 165, 1, 1, NULL, '2021-01-03 07:38:07', NULL),
(82, 1, 166, 1, 1, NULL, '2021-01-03 07:38:07', NULL),
(83, 1, 167, 1, 1, NULL, '2021-01-03 07:38:07', NULL),
(84, 1, 168, 1, 1, NULL, '2021-01-03 07:38:07', NULL),
(85, 1, 169, 1, 1, NULL, '2021-01-03 07:38:07', NULL),
(86, 2, 85, 1, 1, NULL, '2021-01-20 10:59:35', NULL),
(87, 2, 86, 1, 1, NULL, '2021-01-20 10:59:35', NULL),
(88, 2, 87, 1, 1, NULL, '2021-01-20 10:59:35', NULL),
(89, 2, 88, 1, 1, NULL, '2021-01-20 10:59:35', NULL),
(90, 2, 89, 1, 1, NULL, '2021-01-20 10:59:35', NULL),
(91, 2, 90, 1, 1, NULL, '2021-01-20 10:59:35', NULL),
(92, 2, 91, 1, 1, NULL, '2021-01-20 10:59:35', NULL),
(93, 2, 92, 1, 1, NULL, '2021-01-20 10:59:35', NULL),
(94, 2, 93, 1, 1, NULL, '2021-01-20 10:59:35', NULL),
(95, 2, 94, 1, 1, NULL, '2021-01-20 10:59:35', NULL),
(96, 2, 95, 1, 1, NULL, '2021-01-20 10:59:35', NULL),
(97, 2, 96, 1, 1, NULL, '2021-01-20 10:59:35', NULL),
(98, 2, 97, 1, 1, NULL, '2021-01-20 10:59:35', NULL),
(99, 2, 98, 1, 1, NULL, '2021-01-20 10:59:35', NULL),
(100, 2, 99, 1, 1, NULL, '2021-01-20 10:59:35', NULL),
(101, 2, 100, 1, 1, NULL, '2021-01-20 10:59:35', NULL),
(102, 2, 101, 1, 1, NULL, '2021-01-20 10:59:35', NULL),
(103, 2, 102, 1, 1, NULL, '2021-01-20 10:59:35', NULL),
(104, 2, 103, 1, 1, NULL, '2021-01-20 10:59:35', NULL),
(105, 2, 104, 1, 1, NULL, '2021-01-20 10:59:35', NULL),
(106, 2, 105, 1, 1, NULL, '2021-01-20 10:59:35', NULL),
(107, 2, 106, 1, 1, NULL, '2021-01-20 10:59:35', NULL),
(108, 2, 107, 1, 1, NULL, '2021-01-20 10:59:35', NULL),
(109, 2, 108, 1, 1, NULL, '2021-01-20 10:59:35', NULL),
(110, 2, 109, 1, 1, NULL, '2021-01-20 10:59:35', NULL),
(111, 2, 110, 1, 1, NULL, '2021-01-20 10:59:35', NULL),
(112, 2, 111, 1, 1, NULL, '2021-01-20 10:59:35', NULL),
(113, 2, 112, 1, 1, NULL, '2021-01-20 10:59:35', NULL),
(114, 2, 113, 1, 1, NULL, '2021-01-20 10:59:35', NULL),
(115, 2, 114, 1, 1, NULL, '2021-01-20 10:59:35', NULL),
(116, 2, 115, 1, 1, NULL, '2021-01-20 10:59:35', NULL),
(117, 2, 116, 1, 1, NULL, '2021-01-20 10:59:35', NULL),
(118, 2, 117, 1, 1, NULL, '2021-01-20 10:59:35', NULL),
(119, 2, 118, 1, 1, NULL, '2021-01-20 10:59:35', NULL),
(120, 2, 119, 1, 1, NULL, '2021-01-20 10:59:35', NULL),
(121, 2, 120, 1, 1, NULL, '2021-01-20 10:59:35', NULL),
(122, 2, 121, 1, 1, NULL, '2021-01-20 10:59:35', NULL),
(123, 2, 122, 1, 1, NULL, '2021-01-20 10:59:35', NULL),
(124, 2, 123, 1, 1, NULL, '2021-01-20 10:59:35', NULL),
(125, 2, 124, 1, 1, NULL, '2021-01-20 10:59:35', NULL),
(126, 2, 125, 1, 1, NULL, '2021-01-20 10:59:35', NULL),
(127, 2, 126, 1, 1, NULL, '2021-01-20 10:59:35', NULL),
(128, 2, 127, 1, 1, NULL, '2021-01-20 10:59:35', NULL),
(129, 2, 128, 1, 1, NULL, '2021-01-20 10:59:35', NULL),
(130, 2, 129, 1, 1, NULL, '2021-01-20 10:59:35', NULL),
(131, 2, 130, 1, 1, NULL, '2021-01-20 10:59:35', NULL),
(132, 2, 131, 1, 1, NULL, '2021-01-20 10:59:35', NULL),
(133, 2, 132, 1, 1, NULL, '2021-01-20 10:59:35', NULL),
(134, 2, 133, 1, 1, NULL, '2021-01-20 10:59:35', NULL),
(135, 2, 134, 1, 1, NULL, '2021-01-20 10:59:35', NULL),
(136, 2, 135, 1, 1, NULL, '2021-01-20 10:59:35', NULL),
(137, 2, 136, 1, 1, NULL, '2021-01-20 10:59:35', NULL),
(138, 2, 137, 1, 1, NULL, '2021-01-20 10:59:35', NULL),
(139, 2, 138, 1, 1, NULL, '2021-01-20 10:59:35', NULL),
(140, 2, 139, 1, 1, NULL, '2021-01-20 10:59:35', NULL),
(141, 2, 140, 1, 1, NULL, '2021-01-20 10:59:35', NULL),
(142, 2, 141, 1, 1, NULL, '2021-01-20 10:59:35', NULL),
(143, 2, 142, 1, 1, NULL, '2021-01-20 10:59:35', NULL),
(144, 2, 143, 1, 1, NULL, '2021-01-20 10:59:35', NULL),
(145, 2, 144, 1, 1, NULL, '2021-01-20 10:59:35', NULL),
(146, 2, 145, 1, 1, NULL, '2021-01-20 10:59:35', NULL),
(147, 2, 146, 1, 1, NULL, '2021-01-20 10:59:35', NULL),
(148, 2, 147, 1, 1, NULL, '2021-01-20 10:59:35', NULL),
(149, 2, 148, 1, 1, NULL, '2021-01-20 10:59:35', NULL),
(150, 2, 149, 1, 1, NULL, '2021-01-20 10:59:35', NULL),
(151, 2, 150, 1, 1, NULL, '2021-01-20 10:59:35', NULL),
(152, 2, 151, 1, 1, NULL, '2021-01-20 10:59:35', NULL),
(153, 2, 152, 1, 1, NULL, '2021-01-20 10:59:35', NULL),
(154, 2, 153, 1, 1, NULL, '2021-01-20 10:59:35', NULL),
(155, 2, 154, 1, 1, NULL, '2021-01-20 10:59:35', NULL),
(156, 2, 155, 1, 1, NULL, '2021-01-20 10:59:35', NULL),
(157, 2, 156, 0, 1, NULL, '2021-01-20 10:59:35', '2021-01-20 11:03:20'),
(158, 2, 157, 0, 1, NULL, '2021-01-20 10:59:35', '2021-01-20 11:03:20'),
(159, 2, 158, 1, 1, NULL, '2021-01-20 10:59:35', NULL),
(160, 2, 159, 1, 1, NULL, '2021-01-20 10:59:35', NULL),
(161, 2, 160, 1, 1, NULL, '2021-01-20 10:59:35', NULL),
(162, 2, 161, 1, 1, NULL, '2021-01-20 10:59:35', NULL),
(163, 2, 162, 1, 1, NULL, '2021-01-20 10:59:35', NULL),
(164, 2, 163, 1, 1, NULL, '2021-01-20 10:59:35', NULL),
(165, 2, 164, 1, 1, NULL, '2021-01-20 10:59:35', NULL),
(166, 2, 165, 1, 1, NULL, '2021-01-20 10:59:35', NULL),
(167, 2, 166, 1, 1, NULL, '2021-01-20 10:59:35', NULL),
(168, 2, 167, 1, 1, NULL, '2021-01-20 10:59:35', NULL),
(169, 2, 168, 1, 1, NULL, '2021-01-20 10:59:35', NULL),
(170, 2, 169, 1, 1, NULL, '2021-01-20 10:59:35', NULL),
(256, 5, 85, 1, 1, NULL, '2021-01-31 10:39:48', NULL),
(257, 5, 86, 1, 1, NULL, '2021-01-31 10:39:48', NULL),
(258, 5, 87, 1, 1, NULL, '2021-01-31 10:39:48', NULL),
(259, 5, 88, 1, 1, NULL, '2021-01-31 10:39:48', NULL),
(260, 5, 89, 1, 1, NULL, '2021-01-31 10:39:48', NULL),
(261, 5, 90, 1, 1, NULL, '2021-01-31 10:39:48', NULL),
(262, 5, 91, 1, 1, NULL, '2021-01-31 10:39:48', NULL),
(263, 5, 92, 1, 1, NULL, '2021-01-31 10:39:48', NULL),
(264, 5, 93, 1, 1, NULL, '2021-01-31 10:39:48', NULL),
(265, 5, 94, 1, 1, NULL, '2021-01-31 10:39:48', NULL),
(266, 5, 95, 1, 1, NULL, '2021-01-31 10:39:48', NULL),
(267, 5, 96, 1, 1, NULL, '2021-01-31 10:39:48', NULL),
(268, 5, 97, 1, 1, NULL, '2021-01-31 10:39:48', NULL),
(269, 5, 98, 1, 1, NULL, '2021-01-31 10:39:48', NULL),
(270, 5, 99, 1, 1, NULL, '2021-01-31 10:39:48', NULL),
(271, 5, 100, 1, 1, NULL, '2021-01-31 10:39:48', NULL),
(272, 5, 101, 1, 1, NULL, '2021-01-31 10:39:48', NULL),
(273, 5, 102, 1, 1, NULL, '2021-01-31 10:39:48', NULL),
(274, 5, 103, 1, 1, NULL, '2021-01-31 10:39:48', NULL),
(275, 5, 104, 1, 1, NULL, '2021-01-31 10:39:48', NULL),
(276, 5, 105, 1, 1, NULL, '2021-01-31 10:39:48', NULL),
(277, 5, 106, 1, 1, NULL, '2021-01-31 10:39:48', NULL),
(278, 5, 107, 1, 1, NULL, '2021-01-31 10:39:48', NULL),
(279, 5, 108, 1, 1, NULL, '2021-01-31 10:39:48', NULL),
(280, 5, 109, 1, 1, NULL, '2021-01-31 10:39:48', NULL),
(281, 5, 110, 1, 1, NULL, '2021-01-31 10:39:48', NULL),
(282, 5, 111, 1, 1, NULL, '2021-01-31 10:39:48', NULL),
(283, 5, 112, 1, 1, NULL, '2021-01-31 10:39:48', NULL),
(284, 5, 113, 1, 1, NULL, '2021-01-31 10:39:48', NULL),
(285, 5, 114, 1, 1, NULL, '2021-01-31 10:39:48', NULL),
(286, 5, 115, 1, 1, NULL, '2021-01-31 10:39:48', NULL),
(287, 5, 116, 1, 1, NULL, '2021-01-31 10:39:48', NULL),
(288, 5, 117, 1, 1, NULL, '2021-01-31 10:39:48', NULL),
(289, 5, 118, 1, 1, NULL, '2021-01-31 10:39:48', NULL),
(290, 5, 119, 1, 1, NULL, '2021-01-31 10:39:48', NULL),
(291, 5, 120, 1, 1, NULL, '2021-01-31 10:39:48', NULL),
(292, 5, 121, 1, 1, NULL, '2021-01-31 10:39:48', NULL),
(293, 5, 122, 1, 1, NULL, '2021-01-31 10:39:48', NULL),
(294, 5, 123, 1, 1, NULL, '2021-01-31 10:39:48', NULL),
(295, 5, 124, 1, 1, NULL, '2021-01-31 10:39:48', NULL),
(296, 5, 125, 1, 1, NULL, '2021-01-31 10:39:48', NULL),
(297, 5, 126, 1, 1, NULL, '2021-01-31 10:39:48', NULL),
(298, 5, 127, 1, 1, NULL, '2021-01-31 10:39:48', NULL),
(299, 5, 128, 1, 1, NULL, '2021-01-31 10:39:48', NULL),
(300, 5, 129, 1, 1, NULL, '2021-01-31 10:39:48', NULL),
(301, 5, 130, 1, 1, NULL, '2021-01-31 10:39:48', NULL),
(302, 5, 131, 1, 1, NULL, '2021-01-31 10:39:48', NULL),
(303, 5, 132, 1, 1, NULL, '2021-01-31 10:39:48', NULL),
(304, 5, 133, 1, 1, NULL, '2021-01-31 10:39:48', NULL),
(305, 5, 134, 1, 1, NULL, '2021-01-31 10:39:48', NULL),
(306, 5, 135, 1, 1, NULL, '2021-01-31 10:39:48', NULL),
(307, 5, 136, 1, 1, NULL, '2021-01-31 10:39:48', NULL),
(308, 5, 137, 1, 1, NULL, '2021-01-31 10:39:48', NULL),
(309, 5, 138, 1, 1, NULL, '2021-01-31 10:39:48', NULL),
(310, 5, 139, 1, 1, NULL, '2021-01-31 10:39:48', NULL),
(311, 5, 140, 1, 1, NULL, '2021-01-31 10:39:48', NULL),
(312, 5, 141, 1, 1, NULL, '2021-01-31 10:39:48', NULL),
(313, 5, 142, 1, 1, NULL, '2021-01-31 10:39:48', NULL),
(314, 5, 143, 1, 1, NULL, '2021-01-31 10:39:48', NULL),
(315, 5, 144, 1, 1, NULL, '2021-01-31 10:39:48', NULL),
(316, 5, 145, 1, 1, NULL, '2021-01-31 10:39:48', NULL),
(317, 5, 146, 1, 1, NULL, '2021-01-31 10:39:48', NULL),
(318, 5, 147, 1, 1, NULL, '2021-01-31 10:39:48', NULL),
(319, 5, 148, 1, 1, NULL, '2021-01-31 10:39:48', NULL),
(320, 5, 149, 1, 1, NULL, '2021-01-31 10:39:48', NULL),
(321, 5, 150, 1, 1, NULL, '2021-01-31 10:39:48', NULL),
(322, 5, 151, 1, 1, NULL, '2021-01-31 10:39:48', NULL),
(323, 5, 152, 1, 1, NULL, '2021-01-31 10:39:48', NULL),
(324, 5, 153, 1, 1, NULL, '2021-01-31 10:39:48', NULL),
(325, 5, 154, 1, 1, NULL, '2021-01-31 10:39:48', NULL),
(326, 5, 155, 1, 1, NULL, '2021-01-31 10:39:48', NULL),
(327, 5, 156, 1, 1, NULL, '2021-01-31 10:39:48', NULL),
(328, 5, 157, 1, 1, NULL, '2021-01-31 10:39:48', NULL),
(329, 5, 158, 1, 1, NULL, '2021-01-31 10:39:48', NULL),
(330, 5, 159, 1, 1, NULL, '2021-01-31 10:39:48', NULL),
(331, 5, 160, 1, 1, NULL, '2021-01-31 10:39:48', NULL),
(332, 5, 161, 1, 1, NULL, '2021-01-31 10:39:48', NULL),
(333, 5, 162, 1, 1, NULL, '2021-01-31 10:39:48', NULL),
(334, 5, 163, 1, 1, NULL, '2021-01-31 10:39:48', NULL),
(335, 5, 164, 1, 1, NULL, '2021-01-31 10:39:48', NULL),
(336, 5, 165, 1, 1, NULL, '2021-01-31 10:39:48', NULL),
(337, 5, 166, 1, 1, NULL, '2021-01-31 10:39:48', NULL),
(338, 5, 167, 1, 1, NULL, '2021-01-31 10:39:48', NULL),
(339, 5, 168, 1, 1, NULL, '2021-01-31 10:39:48', NULL),
(340, 5, 169, 1, 1, NULL, '2021-01-31 10:39:48', NULL);

-- --------------------------------------------------------

--
-- Table structure for table `phone_book`
--

CREATE TABLE `phone_book` (
  `id` bigint(20) UNSIGNED NOT NULL,
  `name` varchar(255) COLLATE utf8_unicode_ci NOT NULL,
  `phone` varchar(255) COLLATE utf8_unicode_ci NOT NULL,
  `address` text COLLATE utf8_unicode_ci DEFAULT NULL,
  `created_by` bigint(20) UNSIGNED DEFAULT NULL,
  `updated_by` bigint(20) UNSIGNED DEFAULT NULL,
  `created_at` timestamp NULL DEFAULT NULL,
  `updated_at` timestamp NULL DEFAULT NULL
) ENGINE=InnoDB DEFAULT CHARSET=utf8 COLLATE=utf8_unicode_ci;

-- --------------------------------------------------------

--
-- Table structure for table `products`
--

CREATE TABLE `products` (
  `id` bigint(20) UNSIGNED NOT NULL,
  `category_id` bigint(20) UNSIGNED DEFAULT NULL,
  `sub_category_id` bigint(20) UNSIGNED DEFAULT NULL,
  `item_id` bigint(20) UNSIGNED DEFAULT NULL,
  `name` varchar(255) COLLATE utf8mb4_unicode_ci NOT NULL,
  `product_code` text COLLATE utf8mb4_unicode_ci DEFAULT NULL,
  `stock_in_hand` double DEFAULT NULL,
  `total_sold` double DEFAULT NULL,
  `unit` bigint(20) UNSIGNED DEFAULT NULL,
  `buy_price` double DEFAULT NULL,
  `sell_price` double DEFAULT NULL,
  `total_purchase_return` double DEFAULT NULL,
  `total_sales_return` double DEFAULT NULL,
  `total_damage` double DEFAULT NULL,
  `image` varchar(255) COLLATE utf8mb4_unicode_ci DEFAULT NULL,
  `status` tinyint(4) NOT NULL COMMENT '1=active 0=inactive',
  `branch_id` bigint(20) UNSIGNED DEFAULT NULL,
  `created_by` bigint(20) UNSIGNED DEFAULT NULL,
  `updated_by` bigint(20) UNSIGNED DEFAULT NULL,
  `created_at` timestamp NULL DEFAULT NULL,
  `updated_at` timestamp NULL DEFAULT NULL
) ENGINE=InnoDB DEFAULT CHARSET=utf8mb4 COLLATE=utf8mb4_unicode_ci;

--
-- Dumping data for table `products`
--

INSERT INTO `products` (`id`, `category_id`, `sub_category_id`, `item_id`, `name`, `product_code`, `stock_in_hand`, `total_sold`, `unit`, `buy_price`, `sell_price`, `total_purchase_return`, `total_sales_return`, `total_damage`, `image`, `status`, `branch_id`, `created_by`, `updated_by`, `created_at`, `updated_at`) VALUES
(28, NULL, NULL, NULL, 'Crogated Sheet', NULL, NULL, NULL, NULL, NULL, NULL, NULL, NULL, NULL, NULL, 1, NULL, 5, 5, '2021-03-08 19:31:32', '2021-03-08 19:33:08'),
(29, NULL, NULL, NULL, 'Industrial Sheet', NULL, NULL, NULL, NULL, NULL, NULL, NULL, NULL, NULL, NULL, 1, NULL, 5, NULL, '2021-03-08 19:33:25', '2021-03-08 19:33:25'),
(30, NULL, NULL, NULL, 'Cement Sheet', NULL, NULL, NULL, NULL, NULL, NULL, NULL, NULL, NULL, NULL, 1, NULL, 5, NULL, '2021-03-08 19:33:33', '2021-03-08 19:33:33'),
(31, NULL, NULL, NULL, 'Flat Cement Sheet', NULL, NULL, NULL, NULL, NULL, NULL, NULL, NULL, NULL, NULL, 1, NULL, 5, 5, '2021-03-08 19:33:44', '2021-03-10 01:23:01'),
(32, NULL, NULL, NULL, 'Pe-foam', NULL, NULL, NULL, NULL, NULL, NULL, NULL, NULL, NULL, NULL, 1, NULL, 5, NULL, '2021-03-08 19:34:08', '2021-03-08 19:34:08'),
(33, NULL, NULL, NULL, 'Fiber Sheet', NULL, NULL, NULL, NULL, NULL, NULL, NULL, NULL, NULL, NULL, 1, NULL, 5, NULL, '2021-03-08 19:34:55', '2021-03-08 19:34:55'),
(34, NULL, NULL, NULL, 'Industrial Fiber', NULL, NULL, NULL, NULL, NULL, NULL, NULL, NULL, NULL, NULL, 1, NULL, 5, NULL, '2021-03-08 19:35:08', '2021-03-08 19:35:08'),
(35, NULL, NULL, NULL, 'Nof Tua', NULL, NULL, NULL, NULL, NULL, NULL, NULL, NULL, NULL, NULL, 1, NULL, 5, 5, '2021-03-08 22:34:34', '2021-03-10 01:21:17'),
(36, NULL, NULL, NULL, 'Both Side Tap', NULL, NULL, NULL, NULL, NULL, NULL, NULL, NULL, NULL, NULL, 1, NULL, 5, NULL, '2021-03-08 23:02:33', '2021-03-08 23:02:33'),
(37, NULL, NULL, NULL, 'Zinkalum Tua', NULL, NULL, NULL, NULL, NULL, NULL, NULL, NULL, NULL, NULL, 1, NULL, 5, NULL, '2021-03-10 01:06:14', '2021-03-10 01:06:14'),
(38, NULL, NULL, NULL, 'PHP Tua', NULL, NULL, NULL, NULL, NULL, NULL, NULL, NULL, NULL, NULL, 1, NULL, 5, NULL, '2021-03-10 01:15:02', '2021-03-10 01:15:02'),
(39, NULL, NULL, NULL, 'Color Tua', NULL, NULL, NULL, NULL, NULL, NULL, NULL, NULL, NULL, NULL, 1, NULL, 5, NULL, '2021-03-10 01:21:37', '2021-03-10 01:21:37'),
(40, NULL, NULL, NULL, 'Crogated Fiber', NULL, NULL, NULL, NULL, NULL, NULL, NULL, NULL, NULL, NULL, 1, NULL, 5, NULL, '2021-03-16 23:57:44', '2021-03-16 23:57:44'),
(41, NULL, NULL, NULL, 'Plane Sheet', NULL, NULL, NULL, NULL, NULL, NULL, NULL, NULL, NULL, NULL, 1, NULL, 5, NULL, '2021-03-20 21:22:03', '2021-03-20 21:22:03'),
(42, NULL, NULL, NULL, 'Roofing', NULL, NULL, NULL, NULL, NULL, NULL, NULL, NULL, NULL, NULL, 1, NULL, 5, NULL, '2021-03-21 01:00:30', '2021-03-21 01:00:30');

-- --------------------------------------------------------

--
-- Table structure for table `product_customers`
--

CREATE TABLE `product_customers` (
  `id` bigint(20) UNSIGNED NOT NULL,
  `product_entry_id` bigint(20) UNSIGNED NOT NULL,
  `customer_id` bigint(20) UNSIGNED NOT NULL,
  `whole_sale_price` double DEFAULT NULL,
  `retail_price` double DEFAULT NULL,
  `created_by` bigint(20) UNSIGNED DEFAULT NULL,
  `updated_by` bigint(20) UNSIGNED DEFAULT NULL,
  `created_at` timestamp NULL DEFAULT NULL,
  `updated_at` timestamp NULL DEFAULT NULL
) ENGINE=InnoDB DEFAULT CHARSET=utf8 COLLATE=utf8_unicode_ci;

-- --------------------------------------------------------

--
-- Table structure for table `product_entries`
--

CREATE TABLE `product_entries` (
  `id` bigint(20) UNSIGNED NOT NULL,
  `product_id` bigint(20) UNSIGNED NOT NULL,
  `sub_category_id` bigint(20) UNSIGNED DEFAULT NULL,
  `brand_id` bigint(20) UNSIGNED DEFAULT NULL,
  `supplier_id` bigint(20) UNSIGNED DEFAULT NULL,
  `product_code` text COLLATE utf8mb4_unicode_ci DEFAULT NULL,
  `name` text COLLATE utf8mb4_unicode_ci NOT NULL,
  `stock_in_hand` double DEFAULT NULL,
  `opening_stock` double DEFAULT NULL,
  `total_sold` double DEFAULT 0,
  `buy_price` double DEFAULT NULL,
  `sell_price` double DEFAULT NULL,
  `total_purchase_return` double DEFAULT NULL,
  `total_sales_return` double DEFAULT NULL,
  `total_damage` double DEFAULT NULL,
  `image` varchar(255) COLLATE utf8mb4_unicode_ci DEFAULT NULL,
  `unit_id` bigint(20) UNSIGNED DEFAULT NULL,
  `alert_quantity` double DEFAULT NULL,
  `tax_type` tinyint(4) DEFAULT NULL COMMENT '1=Inclusive 2=Exclusive',
  `selling_price_exclusive_tax` double DEFAULT NULL,
  `vat_percentage` double DEFAULT NULL,
  `service_charge` double DEFAULT NULL,
  `status` tinyint(4) NOT NULL COMMENT '1=active 0=inactive',
  `branch_id` bigint(20) UNSIGNED DEFAULT NULL,
  `product_type` tinyint(4) NOT NULL,
  `created_by` bigint(20) UNSIGNED DEFAULT NULL,
  `updated_by` bigint(20) UNSIGNED DEFAULT NULL,
  `created_at` timestamp NULL DEFAULT NULL,
  `updated_at` timestamp NULL DEFAULT NULL
) ENGINE=InnoDB DEFAULT CHARSET=utf8mb4 COLLATE=utf8mb4_unicode_ci;

--
-- Dumping data for table `product_entries`
--

INSERT INTO `product_entries` (`id`, `product_id`, `sub_category_id`, `brand_id`, `supplier_id`, `product_code`, `name`, `stock_in_hand`, `opening_stock`, `total_sold`, `buy_price`, `sell_price`, `total_purchase_return`, `total_sales_return`, `total_damage`, `image`, `unit_id`, `alert_quantity`, `tax_type`, `selling_price_exclusive_tax`, `vat_percentage`, `service_charge`, `status`, `branch_id`, `product_type`, `created_by`, `updated_by`, `created_at`, `updated_at`) VALUES
(319, 28, NULL, 17, NULL, '2', 'Supper', 355, NULL, 58, 608.57, 0, NULL, NULL, NULL, NULL, 1, 0, NULL, NULL, NULL, NULL, 1, NULL, 2, 5, NULL, '2021-03-08 20:12:36', '2021-03-26 00:38:12'),
(320, 28, NULL, 17, NULL, '3', 'Supper', 109, NULL, 284, 710, 0, NULL, NULL, NULL, NULL, 1, 0, NULL, NULL, NULL, NULL, 1, NULL, 2, 5, NULL, '2021-03-08 20:21:55', '2021-03-29 22:01:35'),
(321, 28, NULL, 17, NULL, '4', 'Supper', 151, NULL, 212, 812.98, 0, NULL, NULL, NULL, NULL, 1, 0, NULL, NULL, NULL, NULL, 1, NULL, 2, 5, NULL, '2021-03-08 20:24:40', '2021-03-29 22:14:49'),
(322, 28, NULL, 17, NULL, '5', 'Supper', 166, NULL, 201, 910.26, 0, NULL, NULL, NULL, NULL, 1, 0, NULL, NULL, NULL, NULL, 1, NULL, 2, 5, NULL, '2021-03-08 20:25:33', '2021-03-29 22:03:53'),
(323, 28, NULL, 17, NULL, '6', 'Supper', 493, NULL, 100, 1014.29, 0, NULL, NULL, NULL, NULL, 1, 0, NULL, NULL, NULL, NULL, 1, NULL, 2, 5, NULL, '2021-03-08 20:26:28', '2021-03-26 00:38:12'),
(324, 28, NULL, 17, NULL, '7', 'Supper', 279, NULL, 0, 568.57, 0, NULL, NULL, NULL, NULL, 1, 0, NULL, NULL, NULL, NULL, 1, NULL, 2, 5, NULL, '2021-03-08 20:27:52', '2021-03-22 23:07:27'),
(325, 28, NULL, 17, NULL, '8', 'Supper', 252, NULL, 233, 663.33, 0, NULL, NULL, NULL, NULL, 1, 0, NULL, NULL, NULL, NULL, 1, NULL, 2, 5, NULL, '2021-03-08 20:28:48', '2021-03-27 23:41:17'),
(326, 28, NULL, 17, NULL, '9', 'Supper', 186, NULL, 275, 759.54, 0, NULL, NULL, NULL, NULL, 1, 0, NULL, NULL, NULL, NULL, 1, NULL, 2, 5, NULL, '2021-03-08 20:30:32', '2021-03-22 23:08:11'),
(327, 28, NULL, 17, NULL, '10', 'Supper', 150, NULL, 128, 850.43, 0, NULL, NULL, NULL, NULL, 1, 0, NULL, NULL, NULL, NULL, 1, NULL, 2, 5, NULL, '2021-03-08 20:32:38', '2021-03-23 23:16:39'),
(328, 28, NULL, 17, NULL, '11', 'Supper', 629, NULL, 33, 947.62, 0, NULL, NULL, NULL, NULL, 1, 0, NULL, NULL, NULL, NULL, 1, NULL, 2, 5, NULL, '2021-03-08 20:34:26', '2021-03-22 23:09:00'),
(329, 28, NULL, 17, NULL, '12', 'Supper', 277, NULL, 0, 479.91, 0, NULL, NULL, NULL, NULL, 1, 20, NULL, NULL, NULL, NULL, 1, NULL, 2, 5, NULL, '2021-03-08 20:35:21', '2021-03-13 18:48:40'),
(330, 28, NULL, 17, NULL, '13', 'Supper', 326, NULL, 40, 559.9, 0, NULL, NULL, NULL, NULL, 1, 20, NULL, NULL, NULL, NULL, 1, NULL, 2, 5, NULL, '2021-03-08 20:36:05', '2021-03-23 23:16:39'),
(331, 28, NULL, 17, NULL, '14', 'Supper', 440, NULL, 65, 639.88, 0, NULL, NULL, NULL, NULL, 1, 20, NULL, NULL, NULL, NULL, 1, NULL, 2, 5, NULL, '2021-03-08 20:36:49', '2021-03-23 23:16:39'),
(332, 28, NULL, 17, NULL, '15', 'Supper', 514, NULL, 32, 721.48, 0, NULL, NULL, NULL, NULL, 1, 20, NULL, NULL, NULL, NULL, 1, NULL, 2, 5, NULL, '2021-03-08 20:39:49', '2021-03-23 23:16:39'),
(333, 28, NULL, 17, NULL, '16', 'Supper', 339, NULL, 70, 802.24, 0, NULL, NULL, NULL, NULL, 1, 20, NULL, NULL, NULL, NULL, 1, NULL, 2, 5, NULL, '2021-03-08 20:41:16', '2021-03-21 22:45:41'),
(334, 28, NULL, 17, NULL, '17', 'Supper', 300, NULL, 0, 444, 0, NULL, NULL, NULL, NULL, 1, 20, NULL, NULL, NULL, NULL, 1, NULL, 2, 5, NULL, '2021-03-08 20:42:03', '2021-03-13 20:57:54'),
(335, 28, NULL, 17, NULL, '18', 'Supper', 71, NULL, 80, 518.23, 0, NULL, NULL, NULL, NULL, 1, NULL, NULL, NULL, NULL, NULL, 1, NULL, 2, 5, NULL, '2021-03-08 20:43:07', '2021-03-23 23:16:39'),
(336, 28, NULL, 17, NULL, '19', 'Supper', 183, NULL, 190, 592.26, 0, NULL, NULL, NULL, NULL, 1, 20, NULL, NULL, NULL, NULL, 1, NULL, 2, 5, NULL, '2021-03-08 20:45:41', '2021-03-23 23:16:39'),
(337, 28, NULL, 17, NULL, '20', 'Supper', 113, NULL, 172, 667.79, 0, NULL, NULL, NULL, NULL, 1, 20, NULL, NULL, NULL, NULL, 1, NULL, 2, 5, NULL, '2021-03-08 20:46:33', '2021-03-23 23:16:39'),
(338, 28, NULL, 17, NULL, '21', 'Supper', 535, NULL, 70, 742.54, 0, NULL, NULL, NULL, NULL, 1, NULL, NULL, NULL, NULL, NULL, 1, NULL, 2, 5, NULL, '2021-03-08 20:47:21', '2021-03-21 22:57:06'),
(339, 28, NULL, 18, NULL, '22', 'NOF', 69, NULL, 63, 531.43, 0, NULL, NULL, NULL, NULL, 1, 20, NULL, NULL, NULL, NULL, 1, NULL, 2, 5, NULL, '2021-03-08 20:48:09', '2021-03-25 02:10:02'),
(340, 28, NULL, 18, NULL, '23', 'NOF', 61, NULL, 64, 620, 0, NULL, NULL, NULL, NULL, 1, 20, NULL, NULL, NULL, NULL, 1, NULL, 2, 5, NULL, '2021-03-08 20:49:23', '2021-03-24 21:14:41'),
(341, 28, NULL, 18, NULL, '24', 'NOF', 114, NULL, 70, 709.92, 0, NULL, NULL, NULL, NULL, 1, 20, NULL, NULL, NULL, NULL, 1, NULL, 2, 5, NULL, '2021-03-08 20:50:07', '2021-03-29 21:48:50'),
(342, 28, NULL, 18, NULL, '25', 'NOF', 186, NULL, 151, 867.52, 0, NULL, NULL, NULL, NULL, 1, 20, NULL, NULL, NULL, NULL, 1, NULL, 2, 5, NULL, '2021-03-08 20:51:01', '2021-04-05 17:33:24'),
(343, 28, NULL, 18, NULL, '26', 'NOF', 65, NULL, 263, 885.71, 0, NULL, NULL, NULL, NULL, 1, 20, NULL, NULL, NULL, NULL, 1, NULL, 2, 5, NULL, '2021-03-08 20:51:52', '2021-03-30 00:53:56'),
(344, 28, NULL, 18, NULL, '27', 'NOF', 130, NULL, 26, 491.42, 0, NULL, NULL, NULL, NULL, 1, 20, NULL, NULL, NULL, NULL, 1, NULL, 2, 5, NULL, '2021-03-08 20:52:55', '2021-03-23 22:58:59'),
(345, 28, NULL, 18, NULL, '28', 'NOF', 118, NULL, 20, 579.3, 0, NULL, NULL, NULL, NULL, 1, NULL, NULL, NULL, NULL, NULL, 1, NULL, 2, 5, NULL, '2021-03-08 20:53:54', '2021-03-27 23:18:49'),
(346, 28, NULL, 18, NULL, '29', 'NOF', 116, NULL, 57, 656.49, 0, NULL, NULL, NULL, NULL, 1, NULL, NULL, NULL, NULL, NULL, 1, NULL, 2, 5, NULL, '2021-03-08 20:54:46', '2021-03-23 22:58:59'),
(347, 28, NULL, 18, NULL, '30', 'NOF', 172, NULL, 36, 743, 0, NULL, NULL, NULL, NULL, 1, 20, NULL, NULL, NULL, NULL, 1, NULL, 2, 5, NULL, '2021-03-08 20:55:50', '2021-03-27 23:18:49'),
(348, 28, NULL, 18, NULL, '31', 'NOF', 236, NULL, 95, 827.5, 0, NULL, NULL, NULL, NULL, 1, 20, NULL, NULL, NULL, NULL, 1, NULL, 2, 5, NULL, '2021-03-08 20:57:00', '2021-03-27 23:18:49'),
(349, 28, NULL, 18, NULL, '32', 'NOF', 175, NULL, 77, 425.12, 0, NULL, NULL, NULL, NULL, 1, 20, NULL, NULL, NULL, NULL, 1, NULL, 2, 5, NULL, '2021-03-08 20:58:49', '2021-03-27 23:18:49'),
(350, 28, NULL, 18, NULL, '33', 'NOF', 98, NULL, 133, 496, 0, NULL, NULL, NULL, NULL, 1, 20, NULL, NULL, NULL, NULL, 1, NULL, 2, 5, NULL, '2021-03-08 20:59:33', '2021-03-27 23:18:49'),
(351, 28, NULL, 18, NULL, '34', 'NOF', 144, NULL, 118, 567, 0, NULL, NULL, NULL, NULL, 1, NULL, NULL, NULL, NULL, NULL, 1, NULL, 2, 5, NULL, '2021-03-08 21:00:18', '2021-03-27 23:18:49'),
(352, 28, NULL, 18, NULL, '35', 'NOF', 223, NULL, 72, 639.1, 0, NULL, NULL, NULL, NULL, 1, NULL, NULL, NULL, NULL, NULL, 1, NULL, 2, 5, NULL, '2021-03-08 21:01:00', '2021-03-27 23:18:49'),
(353, 28, NULL, 18, NULL, '36', 'NOF', 237, NULL, 229, 711, 0, NULL, NULL, NULL, NULL, 1, NULL, NULL, NULL, NULL, NULL, 1, NULL, 2, 5, NULL, '2021-03-08 21:01:32', '2021-03-27 23:43:29'),
(354, 28, NULL, 18, NULL, '37', 'NOF', 45, NULL, 82, 388.39, 0, NULL, NULL, NULL, NULL, 1, 20, NULL, NULL, NULL, NULL, 1, NULL, 2, 5, NULL, '2021-03-08 21:02:26', '2021-03-25 00:12:17'),
(355, 28, NULL, 18, NULL, '38', 'NOF', 209, NULL, 61, 455.09, 0, NULL, NULL, NULL, NULL, 1, 20, NULL, NULL, NULL, NULL, 1, NULL, 2, 5, NULL, '2021-03-08 21:03:12', '2021-03-27 23:18:49'),
(356, 28, NULL, 18, NULL, '39', 'NOF', 115, NULL, 230, 520.11, 0, NULL, NULL, NULL, NULL, 1, 20, NULL, NULL, NULL, NULL, 1, NULL, 2, 5, NULL, '2021-03-08 21:04:07', '2021-03-27 23:18:49'),
(357, 28, NULL, 18, NULL, '40', 'NOF', 59, NULL, 238, 586.43, 0, NULL, NULL, NULL, NULL, 1, 20, NULL, NULL, NULL, NULL, 1, NULL, 2, 5, NULL, '2021-03-08 21:05:00', '2021-03-29 22:10:46'),
(358, 28, NULL, 18, NULL, '41', 'NOF', 83, NULL, 96, 649.25, 0, NULL, NULL, NULL, NULL, 1, 20, NULL, NULL, NULL, NULL, 1, NULL, 2, 5, NULL, '2021-03-08 21:05:37', '2021-03-29 22:10:46'),
(359, 28, NULL, 18, NULL, '42', 'NOF', 126, NULL, 60, 345.74, 0, NULL, NULL, NULL, NULL, 1, 20, NULL, NULL, NULL, NULL, 1, NULL, 2, 5, NULL, '2021-03-08 21:06:29', '2021-03-23 21:54:45'),
(360, 28, NULL, 18, NULL, '43', 'NOF', 57, NULL, 50, 404.56, 0, NULL, NULL, NULL, NULL, 1, 20, NULL, NULL, NULL, NULL, 1, NULL, 2, 5, NULL, '2021-03-08 21:07:08', '2021-03-23 22:51:29'),
(361, 28, NULL, 18, NULL, '44', 'NOF', 254, NULL, 36, 462.09, 0, NULL, NULL, NULL, NULL, 1, 20, NULL, NULL, NULL, NULL, 1, NULL, 2, 5, NULL, '2021-03-08 21:08:05', '2021-03-23 22:51:29'),
(362, 28, NULL, 18, NULL, '45', 'NOF', 448, NULL, 8, 518.62, 0, NULL, NULL, NULL, NULL, 1, NULL, NULL, NULL, NULL, NULL, 1, NULL, 2, 5, NULL, '2021-03-08 21:08:45', '2021-03-23 01:40:01'),
(363, 28, NULL, 18, NULL, '46', 'NOF', 116, NULL, 43, 576.92, 0, NULL, NULL, NULL, NULL, 1, 20, NULL, NULL, NULL, NULL, 1, NULL, 2, 5, NULL, '2021-03-08 21:09:18', '2021-03-23 22:51:29'),
(364, 32, NULL, 20, NULL, '47', 'Foam', 4569.2, NULL, 47853.8, 5.2, 5.3, NULL, NULL, NULL, NULL, 10, 1075, NULL, NULL, NULL, NULL, 1, NULL, 2, 5, NULL, '2021-03-08 22:32:51', '2021-04-05 17:35:39'),
(365, 38, NULL, 17, NULL, '48', 'Tua', 1, NULL, 24, 230, 0, NULL, NULL, NULL, NULL, 1, 20, NULL, NULL, NULL, NULL, 1, NULL, 2, 5, NULL, '2021-03-08 22:35:48', '2021-03-26 00:05:25'),
(366, 38, NULL, 17, NULL, '49', 'Tua', 119, NULL, 196, 195, 0, NULL, NULL, NULL, NULL, 1, NULL, NULL, NULL, NULL, NULL, 1, NULL, 2, 5, NULL, '2021-03-08 22:36:39', '2021-03-21 22:57:06'),
(367, 38, NULL, 17, NULL, '50', 'Tua', 186, NULL, 2, 165, 0, NULL, NULL, NULL, NULL, 1, 20, NULL, NULL, NULL, NULL, 1, NULL, 2, 5, NULL, '2021-03-08 22:37:17', '2021-03-21 01:21:44'),
(368, 38, NULL, 17, NULL, '51', 'Tua', 216, NULL, 200, 155, 0, NULL, NULL, NULL, NULL, 1, 20, NULL, NULL, NULL, NULL, 1, NULL, 2, 5, NULL, '2021-03-08 22:38:41', '2021-03-23 22:51:29'),
(370, 32, NULL, 20, NULL, '52', 'Foam', 6450, NULL, 22037.5, 4.1, 4.1, NULL, NULL, NULL, NULL, 10, NULL, NULL, NULL, NULL, NULL, 1, NULL, 2, 5, NULL, '2021-03-08 22:50:03', '2021-03-27 23:23:01'),
(371, 32, NULL, 20, NULL, '53', 'Foam', 0, NULL, 0, 4.5, 4.6, NULL, NULL, NULL, NULL, 10, NULL, NULL, NULL, NULL, NULL, 1, NULL, 2, 5, NULL, '2021-03-08 22:50:57', '2021-03-14 22:00:56'),
(372, 32, NULL, 20, NULL, '54', 'Foam', 0, NULL, 0, 0, 0, NULL, NULL, NULL, NULL, 10, 1075, NULL, NULL, NULL, NULL, 1, NULL, 2, 5, NULL, '2021-03-08 23:00:28', '2021-03-14 22:16:30'),
(373, 36, NULL, 21, NULL, '55', 'tap', 4, NULL, 19, 76, 90, NULL, NULL, NULL, NULL, 1, NULL, NULL, NULL, NULL, NULL, 1, NULL, 2, 5, NULL, '2021-03-08 23:05:10', '2021-03-28 23:32:11'),
(374, 36, NULL, 21, NULL, '56', 'tap', 0, NULL, 5, 55, 70, NULL, NULL, NULL, NULL, 1, NULL, NULL, NULL, NULL, NULL, 1, NULL, 2, 5, NULL, '2021-03-08 23:06:04', '2021-03-22 00:33:58'),
(375, 36, NULL, 21, NULL, '57', 'tap', 42, NULL, 0, 18, 25, NULL, NULL, NULL, NULL, 1, NULL, NULL, NULL, NULL, NULL, 1, NULL, 2, 5, NULL, '2021-03-08 23:06:55', '2021-03-14 22:18:33'),
(376, 29, NULL, 17, NULL, '58', 'Profile', 1429, NULL, 11636, 105.5, 0, NULL, NULL, NULL, NULL, 7, 20, NULL, NULL, NULL, NULL, 1, NULL, 2, 5, NULL, '2021-03-08 23:10:43', '2021-03-23 23:14:42'),
(377, 29, NULL, 17, NULL, '59', 'Profile', 9500, NULL, 3165, 104.5, 0, NULL, NULL, NULL, NULL, 7, 100, NULL, NULL, NULL, NULL, 1, NULL, 2, 5, NULL, '2021-03-08 23:11:45', '2021-03-28 18:37:53'),
(378, 28, NULL, 23, NULL, '60', 'T.K NOF', 0, NULL, 48, 169.17, 0, NULL, NULL, NULL, NULL, 1, NULL, NULL, NULL, NULL, NULL, 1, NULL, 2, 5, NULL, '2021-03-09 01:23:25', '2021-03-26 01:04:18'),
(379, 28, NULL, 23, NULL, '61', 'T.K NOF', 0, NULL, 40, 195, 0, NULL, NULL, NULL, NULL, 1, NULL, NULL, NULL, NULL, NULL, 1, NULL, 2, 5, NULL, '2021-03-09 01:23:58', '2021-03-21 22:34:52'),
(380, 28, NULL, 23, NULL, '62', 'T.K NOF', 0, NULL, 18, 225.56, 0, NULL, NULL, NULL, NULL, 1, NULL, NULL, NULL, NULL, NULL, 1, NULL, 2, 5, NULL, '2021-03-09 01:24:38', '2021-03-26 01:04:18'),
(381, 28, NULL, 23, NULL, '63', 'T.K NOF', 0, NULL, 0, 243.75, 0, NULL, NULL, NULL, NULL, 1, NULL, NULL, NULL, NULL, NULL, 1, NULL, 2, 5, NULL, '2021-03-09 01:25:13', '2021-03-17 00:55:42'),
(382, 28, NULL, 23, NULL, '64', 'T.K NOF', 0, NULL, 0, 275.71, 0, NULL, NULL, NULL, NULL, 1, NULL, NULL, NULL, NULL, NULL, 1, NULL, 2, 5, NULL, '2021-03-09 01:26:05', '2021-03-17 00:56:13'),
(383, 28, NULL, 23, NULL, '65', 'T.K NOF', 0, NULL, 0, 229.17, 0, NULL, NULL, NULL, NULL, 1, NULL, NULL, NULL, NULL, NULL, 1, NULL, 2, 5, NULL, '2021-03-09 01:27:30', '2021-03-17 00:57:18'),
(384, 28, NULL, 23, NULL, '66', 'T.K NOF', 0, NULL, 30, 270, 0, NULL, NULL, NULL, NULL, 1, NULL, NULL, NULL, NULL, NULL, 1, NULL, 2, 5, NULL, '2021-03-09 02:11:10', '2021-03-23 22:58:59'),
(385, 28, NULL, 23, NULL, '67', 'T.K NOF', 0, NULL, 0, 305.56, 0, NULL, NULL, NULL, NULL, 1, NULL, NULL, NULL, NULL, NULL, 1, NULL, 2, 5, NULL, '2021-03-09 02:12:00', '2021-03-17 00:58:16'),
(386, 28, NULL, 23, NULL, '68', 'T.K NOF', 309, NULL, 0, 343.75, 0, NULL, NULL, NULL, NULL, 1, 20, NULL, NULL, NULL, NULL, 1, NULL, 2, 5, NULL, '2021-03-09 02:12:54', '2021-03-17 00:58:37'),
(387, 28, NULL, 23, NULL, '69', 'T.K NOF', 41, NULL, 0, 385.71, 0, NULL, NULL, NULL, NULL, 1, 20, NULL, NULL, NULL, NULL, 1, NULL, 2, 5, NULL, '2021-03-09 02:13:30', '2021-03-17 00:59:17'),
(388, 28, NULL, 23, NULL, '70', 'T.K NOF', 0, NULL, 0, 258.33, 0, NULL, NULL, NULL, NULL, 1, NULL, NULL, NULL, NULL, NULL, 1, NULL, 2, 5, NULL, '2021-03-09 02:15:07', '2021-03-17 00:59:48'),
(389, 28, NULL, 23, NULL, '71', 'T.K NOF', 0, NULL, 0, 305, 0, NULL, NULL, NULL, NULL, 1, NULL, NULL, NULL, NULL, NULL, 1, NULL, 2, 5, NULL, '2021-03-09 02:18:47', '2021-03-17 01:00:31'),
(390, 28, NULL, 23, NULL, '72', 'T.K NOF', 0, NULL, 0, 344.44, 0, NULL, NULL, NULL, NULL, 1, NULL, NULL, NULL, NULL, NULL, 1, NULL, 2, 5, NULL, '2021-03-09 02:19:52', '2021-03-17 01:01:00'),
(391, 28, NULL, 23, NULL, '73', 'T.K NOF', 0, NULL, 0, 387.5, 0, NULL, NULL, NULL, NULL, 1, NULL, NULL, NULL, NULL, NULL, 1, NULL, 2, 5, NULL, '2021-03-09 02:21:02', '2021-03-17 01:01:24'),
(392, 28, NULL, 23, NULL, '74', 'T.K NOF', 0, NULL, 0, 435.71, 0, NULL, NULL, NULL, NULL, 1, NULL, NULL, NULL, NULL, NULL, 1, NULL, 2, 5, NULL, '2021-03-09 02:21:53', '2021-03-17 01:02:07'),
(393, 28, NULL, 23, NULL, '75', 'T.K NOF', 0, NULL, 36, 341.67, 0, NULL, NULL, NULL, NULL, 1, NULL, NULL, NULL, NULL, NULL, 1, NULL, 2, 5, NULL, '2021-03-09 02:23:28', '2021-03-26 01:21:33'),
(394, 28, NULL, 23, NULL, '76', 'T.K NOF', 59, NULL, 0, 375, 0, NULL, NULL, NULL, NULL, 1, 20, NULL, NULL, NULL, NULL, 1, NULL, 2, 5, NULL, '2021-03-09 02:24:07', '2021-03-17 01:03:42'),
(395, 28, NULL, 23, NULL, '77', 'T.K NOF', 0, NULL, 18, 416.67, 0, NULL, NULL, NULL, NULL, 1, NULL, NULL, NULL, NULL, NULL, 1, NULL, 2, 5, NULL, '2021-03-09 02:25:02', '2021-03-27 23:23:01'),
(396, 28, NULL, 23, NULL, '78', 'T.K NOF', 143, NULL, 16, 475, 0, NULL, NULL, NULL, NULL, 1, 20, NULL, NULL, NULL, NULL, 1, NULL, 2, 5, NULL, '2021-03-09 02:25:39', '2021-03-23 22:58:59'),
(397, 28, NULL, 23, NULL, '79', 'T.K NOF', 13, NULL, 0, 537.71, 0, NULL, NULL, NULL, NULL, 1, NULL, NULL, NULL, NULL, NULL, 1, NULL, 2, 5, NULL, '2021-03-09 02:26:58', '2021-03-17 01:05:36'),
(398, 28, NULL, 23, NULL, '80', 'T.K NOF', 0, NULL, 0, 371.67, 0, NULL, NULL, NULL, NULL, 1, NULL, NULL, NULL, NULL, NULL, 1, NULL, 2, 5, NULL, '2021-03-09 02:28:14', '2021-03-17 01:06:10'),
(399, 28, NULL, 23, NULL, '81', 'T.K NOF', 58, NULL, 0, 460, 0, NULL, NULL, NULL, NULL, 1, 20, NULL, NULL, NULL, NULL, 1, NULL, 2, 5, NULL, '2021-03-09 02:29:10', '2021-03-17 01:06:36'),
(400, 28, NULL, 23, NULL, '82', 'T.K NOF', 8, NULL, 36, 522.22, 0, NULL, NULL, NULL, NULL, 1, NULL, NULL, NULL, NULL, NULL, 1, NULL, 2, 5, NULL, '2021-03-09 02:30:03', '2021-03-27 23:23:01'),
(401, 28, NULL, 23, NULL, '83', 'T.K NOF', 0, NULL, 0, 587, 0, NULL, NULL, NULL, NULL, 1, NULL, NULL, NULL, NULL, NULL, 1, NULL, 2, 5, NULL, '2021-03-09 02:30:43', '2021-03-17 01:08:11'),
(402, 28, NULL, 23, NULL, '84', 'T.K NOF', 0, NULL, 0, 657.14, 0, NULL, NULL, NULL, NULL, 1, NULL, NULL, NULL, NULL, NULL, 1, NULL, 2, 5, NULL, '2021-03-09 02:32:02', '2021-03-17 01:08:51'),
(403, 28, NULL, 23, NULL, '85', 'T.K NOF', 111, NULL, 0, 541.67, 0, NULL, NULL, NULL, NULL, 1, 20, NULL, NULL, NULL, NULL, 1, NULL, 2, 5, NULL, '2021-03-09 02:33:33', '2021-03-17 01:09:31'),
(404, 28, NULL, 23, NULL, '86', 'T.K NOF', 54, NULL, 45, 635, 0, NULL, NULL, NULL, NULL, 1, 20, NULL, NULL, NULL, NULL, 1, NULL, 2, 5, NULL, '2021-03-09 02:34:09', '2021-03-22 23:53:09'),
(405, 28, NULL, 23, NULL, '87', 'T.K NOF', 110, NULL, 0, 722.22, 0, NULL, NULL, NULL, NULL, 1, 20, NULL, NULL, NULL, NULL, 1, NULL, 2, 5, NULL, '2021-03-09 02:34:54', '2021-03-17 01:10:20'),
(406, 28, NULL, 23, NULL, '88', 'T.K NOF', 0, NULL, 98, 812.5, 0, NULL, NULL, NULL, NULL, 1, 20, NULL, NULL, NULL, NULL, 1, NULL, 2, 5, NULL, '2021-03-09 02:35:58', '2021-03-24 01:16:23'),
(407, 28, NULL, 23, NULL, '89', 'T.K NOF', 95, NULL, 0, 907.14, 0, NULL, NULL, NULL, NULL, 1, NULL, NULL, NULL, NULL, NULL, 1, NULL, 2, 5, NULL, '2021-03-09 02:36:43', '2021-03-17 01:11:14'),
(408, 37, NULL, 18, NULL, '90', 'Zinkalum', 61, NULL, 0, 140, 0, NULL, NULL, NULL, NULL, 1, 20, NULL, NULL, NULL, NULL, 1, NULL, 2, 5, NULL, '2021-03-09 23:18:10', '2021-03-14 22:02:03'),
(409, 37, NULL, 18, NULL, '91', 'Zinkalum', 121, NULL, 25, 155, 0, NULL, NULL, NULL, NULL, 1, 20, NULL, NULL, NULL, NULL, 1, NULL, 2, 5, NULL, '2021-03-09 23:19:07', '2021-03-20 22:42:46'),
(410, 37, NULL, 18, NULL, '92', 'Zinkalum', 291, NULL, 70, 180, 0, NULL, NULL, NULL, NULL, 1, 20, NULL, NULL, NULL, NULL, 1, NULL, 2, 5, NULL, '2021-03-09 23:20:12', '2021-03-26 00:24:28'),
(411, 28, NULL, 18, NULL, '93', 'Zinkalum', 245, NULL, 0, 352.84, 0, NULL, NULL, NULL, NULL, 1, 20, NULL, NULL, NULL, NULL, 1, NULL, 2, 5, NULL, '2021-03-09 23:23:29', '2021-03-13 22:57:41'),
(412, 28, NULL, 18, NULL, '94', 'Zinkalum', 181, NULL, 0, 412.86, 0, NULL, NULL, NULL, NULL, 1, 20, NULL, NULL, NULL, NULL, 1, NULL, 2, 5, NULL, '2021-03-09 23:24:34', '2021-03-13 22:58:45'),
(413, 28, NULL, 18, NULL, '95', 'Zinkalum', 244, NULL, 0, 471.56, 0, NULL, NULL, NULL, NULL, 1, 20, NULL, NULL, NULL, NULL, 1, NULL, 2, 5, NULL, '2021-03-09 23:26:03', '2021-03-13 23:00:12'),
(414, 28, NULL, 18, NULL, '96', 'Zinkalum', 214, NULL, 0, 529.26, 0, NULL, NULL, NULL, NULL, 1, 20, NULL, NULL, NULL, NULL, 1, NULL, 2, 5, NULL, '2021-03-09 23:27:33', '2021-03-13 23:00:48'),
(415, 28, NULL, 18, NULL, '97', 'Zinkalum', 37, NULL, 0, 588.76, 0, NULL, NULL, NULL, NULL, 1, 20, NULL, NULL, NULL, NULL, 1, NULL, 2, 5, NULL, '2021-03-09 23:28:17', '2021-03-13 23:01:27'),
(416, 28, NULL, 18, NULL, '98', 'Zinkalum', 84, NULL, 32, 401.79, 0, NULL, NULL, NULL, NULL, 1, 20, NULL, NULL, NULL, NULL, 1, NULL, 2, 5, NULL, '2021-03-09 23:29:09', '2021-03-29 21:53:18'),
(417, 28, NULL, 18, NULL, '99', 'Zinkalum', 74, NULL, 120, 486.75, 0, NULL, NULL, NULL, NULL, 1, 20, NULL, NULL, NULL, NULL, 1, NULL, 2, 5, NULL, '2021-03-09 23:30:06', '2021-03-23 23:16:39'),
(418, 28, NULL, 18, NULL, '100', 'Zinkalum', 124, NULL, 47, 535.71, 0, NULL, NULL, NULL, NULL, 1, 20, NULL, NULL, NULL, NULL, 1, NULL, 2, 5, NULL, '2021-03-09 23:31:43', '2021-03-25 00:24:19'),
(419, 28, NULL, 18, NULL, '101', 'Zinkalum', 16, NULL, 216, 600, 0, NULL, NULL, NULL, NULL, 1, 20, NULL, NULL, NULL, NULL, 1, NULL, 2, 5, NULL, '2021-03-09 23:33:04', '2021-03-23 23:16:39'),
(420, 28, NULL, 18, NULL, '102', 'Zinkalum', 0, NULL, 40, 671.64, 0, NULL, NULL, NULL, NULL, 1, 20, NULL, NULL, NULL, NULL, 1, NULL, 2, 5, NULL, '2021-03-09 23:34:26', '2021-03-29 21:53:18'),
(421, 28, NULL, 18, NULL, '103', 'Zinkalum', 177, NULL, 31, 441.96, 0, NULL, NULL, NULL, NULL, 1, 20, NULL, NULL, NULL, NULL, 1, NULL, 2, 5, NULL, '2021-03-09 23:35:35', '2021-03-23 23:06:08'),
(422, 28, NULL, 18, NULL, '104', 'Zinkalum', 351, NULL, 31, 515.63, 0, NULL, NULL, NULL, NULL, 1, 20, NULL, NULL, NULL, NULL, 1, NULL, 2, 5, NULL, '2021-03-09 23:38:03', '2021-03-25 00:24:19'),
(423, 28, NULL, 18, NULL, '105', 'Zinkalum', 203, NULL, 28, 589.29, 0, NULL, NULL, NULL, NULL, 1, 20, NULL, NULL, NULL, NULL, 1, NULL, 2, 5, NULL, '2021-03-09 23:39:05', '2021-03-22 00:33:58'),
(424, 28, NULL, 18, NULL, '106', 'Zinkalum', 114, NULL, 62, 664.43, 0, NULL, NULL, NULL, NULL, 1, 20, NULL, NULL, NULL, NULL, 1, NULL, 2, 5, NULL, '2021-03-09 23:43:16', '2021-03-27 23:23:01'),
(425, 28, NULL, 18, NULL, '107', 'Zinkalum', 47, NULL, 248, 738.81, 0, NULL, NULL, NULL, NULL, 1, 20, NULL, NULL, NULL, NULL, 1, NULL, 2, 5, NULL, '2021-03-09 23:44:46', '2021-03-26 01:04:17'),
(426, 28, NULL, 18, NULL, '108', 'Zinkalum', 206, NULL, 90, 737.7, 0, NULL, NULL, NULL, NULL, 1, 20, NULL, NULL, NULL, NULL, 1, NULL, 2, 5, NULL, '2021-03-09 23:47:18', '2021-03-24 00:39:31'),
(427, 28, NULL, 18, NULL, '109', 'Zinkalum', 113, NULL, 72, 803.57, 0, NULL, NULL, NULL, NULL, 1, 20, NULL, NULL, NULL, NULL, 1, NULL, 2, 5, NULL, '2021-03-09 23:48:48', '2021-03-21 18:48:49'),
(428, 28, NULL, 18, NULL, '110', 'Zinkalum', 229, NULL, 28, 811.48, 0, NULL, NULL, NULL, NULL, 1, 20, NULL, NULL, NULL, NULL, 1, NULL, 2, 5, NULL, '2021-03-09 23:49:31', '2021-03-24 21:30:27'),
(429, 28, NULL, 18, NULL, '111', 'Zinkalum', 121, NULL, 258, 883.93, 0, NULL, NULL, NULL, NULL, 1, 20, NULL, NULL, NULL, NULL, 1, NULL, 2, 5, NULL, '2021-03-09 23:50:23', '2021-03-26 01:04:17'),
(430, 28, NULL, 18, NULL, '112', 'Zinkalum', 262, NULL, 13, 514.29, 0, NULL, NULL, NULL, NULL, 1, 20, NULL, NULL, NULL, NULL, 1, NULL, 2, 5, NULL, '2021-03-10 00:00:55', '2021-03-27 23:23:01'),
(431, 28, NULL, 18, NULL, '113', 'Zinkalum', 222, NULL, 40, 600, 0, NULL, NULL, NULL, NULL, 1, 20, NULL, NULL, NULL, NULL, 1, NULL, 2, 5, NULL, '2021-03-10 00:01:53', '2021-03-27 23:23:01'),
(432, 28, NULL, 18, NULL, '114', 'Zinkalum', 319, NULL, 0, 687.02, 0, NULL, NULL, NULL, NULL, 1, 20, NULL, NULL, NULL, NULL, 1, NULL, 2, 5, NULL, '2021-03-10 00:03:04', '2021-03-13 23:16:14'),
(433, 28, NULL, 18, NULL, '115', 'Zinkalum', 33, NULL, 119, 769.23, 0, NULL, NULL, NULL, NULL, 1, 20, NULL, NULL, NULL, NULL, 1, NULL, 2, 5, NULL, '2021-03-10 00:04:02', '2021-03-22 00:33:58'),
(434, 28, NULL, 18, NULL, '116', 'Zinkalum', 126, NULL, 111, 857.14, 0, NULL, NULL, NULL, NULL, 1, 20, NULL, NULL, NULL, NULL, 1, NULL, 2, 5, NULL, '2021-03-10 00:04:47', '2021-03-26 00:41:12'),
(435, 28, NULL, 18, NULL, '117', 'Zinkalum', 117, NULL, 148, 947.37, 0, NULL, NULL, NULL, NULL, 1, 20, NULL, NULL, NULL, NULL, 1, NULL, 2, 5, NULL, '2021-03-10 00:05:30', '2021-03-27 23:13:05'),
(436, 28, NULL, 18, NULL, '118', 'Zinkalum', 0, NULL, 51, 1034.48, 0, NULL, NULL, NULL, NULL, 1, 20, NULL, NULL, NULL, NULL, 1, NULL, 2, 5, NULL, '2021-03-10 00:08:17', '2021-03-23 23:09:11'),
(437, 28, NULL, 18, NULL, '119', 'Zinkalum', 0, NULL, 0, 319.15, 0, NULL, NULL, NULL, NULL, 1, 20, NULL, NULL, NULL, NULL, 1, NULL, 2, 5, NULL, '2021-03-10 00:09:25', '2021-03-13 23:19:23'),
(438, 28, NULL, 18, NULL, '120', 'Zinkalum', 0, NULL, 100, 387, 0, NULL, NULL, NULL, NULL, 1, 20, NULL, NULL, NULL, NULL, 1, NULL, 2, 5, NULL, '2021-03-10 00:10:10', '2021-03-21 19:28:58'),
(439, 28, NULL, 18, NULL, '121', 'Zinkalum', 0, NULL, 225, 438.89, 0, NULL, NULL, NULL, NULL, 1, 20, NULL, NULL, NULL, NULL, 1, NULL, 2, 5, NULL, '2021-03-10 00:11:03', '2021-03-21 19:28:58'),
(440, 28, NULL, 18, NULL, '122', 'Zinkalum', 0, NULL, 80, 493.75, 0, NULL, NULL, NULL, NULL, 1, 20, NULL, NULL, NULL, NULL, 1, NULL, 2, 5, NULL, '2021-03-10 00:11:49', '2021-03-21 19:28:58'),
(441, 28, NULL, 18, NULL, '123', 'Zinkalum', 0, NULL, 0, 532.54, 0, NULL, NULL, NULL, NULL, 1, 20, NULL, NULL, NULL, NULL, 1, NULL, 2, 5, NULL, '2021-03-10 00:12:46', '2021-03-13 23:22:39'),
(442, 28, NULL, 18, NULL, '124', 'Color', 148, NULL, 27, 560.34, 0, NULL, NULL, NULL, NULL, 1, 20, NULL, NULL, NULL, NULL, 1, NULL, 2, 5, NULL, '2021-03-10 00:14:51', '2021-03-29 21:53:18'),
(443, 28, NULL, 18, NULL, '125', 'Color', 285, NULL, 15, 653.74, 0, NULL, NULL, NULL, NULL, 1, 20, NULL, NULL, NULL, NULL, 1, NULL, 2, 5, NULL, '2021-03-10 00:17:43', '2021-03-23 19:33:40'),
(444, 28, NULL, 18, NULL, '126', 'Color', 327, NULL, 67, 750, 0, NULL, NULL, NULL, NULL, 1, 20, NULL, NULL, NULL, NULL, 1, NULL, 2, 5, NULL, '2021-03-10 00:21:40', '2021-03-27 23:23:01'),
(445, 28, NULL, 18, NULL, '127', 'Color', 110, NULL, 244, 750, 0, NULL, NULL, NULL, NULL, 1, 20, NULL, NULL, NULL, NULL, 1, NULL, 2, 5, NULL, '2021-03-10 00:22:54', '2021-03-27 23:23:01'),
(446, 28, NULL, 18, NULL, '128', 'Color', 195, NULL, 120, 933.91, 0, NULL, NULL, NULL, NULL, 1, 20, NULL, NULL, NULL, NULL, 1, NULL, 2, 5, NULL, '2021-03-10 00:24:07', '2021-03-27 23:23:01'),
(447, 28, NULL, 18, NULL, '129', 'Color', 0, NULL, 0, 1042.11, 0, NULL, NULL, NULL, NULL, 1, 20, NULL, NULL, NULL, NULL, 1, NULL, 2, 5, NULL, '2021-03-10 00:25:08', '2021-03-13 23:34:47'),
(448, 28, NULL, 18, NULL, '130', 'Color', 192, NULL, 70, 1122.83, 0, NULL, NULL, NULL, NULL, 1, 20, NULL, NULL, NULL, NULL, 1, NULL, 2, 5, NULL, '2021-03-10 00:25:59', '2021-03-28 00:48:54'),
(449, 28, NULL, 18, NULL, '131', 'Color', 87, NULL, 0, 560, 0, NULL, NULL, NULL, NULL, 1, 20, NULL, NULL, NULL, NULL, 1, NULL, 2, 5, NULL, '2021-03-10 00:27:34', '2021-03-27 23:01:45'),
(450, 28, NULL, 18, NULL, '132', 'Color', 75, NULL, 0, 654, 0, NULL, NULL, NULL, NULL, 1, 20, NULL, NULL, NULL, NULL, 1, NULL, 2, 5, NULL, '2021-03-10 00:28:29', '2021-03-27 23:01:45'),
(451, 28, NULL, 18, NULL, '133', 'Color', 131, NULL, 0, 748, 0, NULL, NULL, NULL, NULL, 1, 20, NULL, NULL, NULL, NULL, 1, NULL, 2, 5, NULL, '2021-03-10 00:29:46', '2021-03-27 23:01:45'),
(452, 28, NULL, 18, NULL, '134', 'Color', 67, NULL, 50, 838, 0, NULL, NULL, NULL, NULL, 1, 20, NULL, NULL, NULL, NULL, 1, NULL, 2, 5, NULL, '2021-03-10 00:32:26', '2021-03-28 00:48:54'),
(453, 28, NULL, 18, NULL, '135', 'Color', 210, NULL, 0, 933, 0, NULL, NULL, NULL, NULL, 1, 20, NULL, NULL, NULL, NULL, 1, NULL, 2, 5, NULL, '2021-03-10 00:33:55', '2021-03-27 23:01:45'),
(454, 28, NULL, 18, NULL, '136', 'Color', 0, NULL, 0, 1042.11, 0, NULL, NULL, NULL, NULL, 1, 20, NULL, NULL, NULL, NULL, 1, NULL, 2, 5, NULL, '2021-03-10 00:35:20', '2021-03-13 23:39:14'),
(455, 28, NULL, 18, NULL, '137', 'Color', 175, NULL, 0, 1127, 0, NULL, NULL, NULL, NULL, 1, 20, NULL, NULL, NULL, NULL, 1, NULL, 2, 5, NULL, '2021-03-10 00:36:31', '2021-03-27 23:01:45'),
(456, 28, NULL, 18, NULL, '138', 'Color', 87, NULL, 0, 597, 0, NULL, NULL, NULL, NULL, 1, 20, NULL, NULL, NULL, NULL, 1, NULL, 2, 5, NULL, '2021-03-10 00:49:42', '2021-03-27 23:01:45'),
(457, 28, NULL, 18, NULL, '139', 'Color', 150, NULL, 0, 697, 0, NULL, NULL, NULL, NULL, 1, 20, NULL, NULL, NULL, NULL, 1, NULL, 2, 5, NULL, '2021-03-10 00:50:29', '2021-03-27 23:01:45'),
(458, 28, NULL, 18, NULL, '140', 'Color', 262, NULL, 0, 798, 0, NULL, NULL, NULL, NULL, 1, 20, NULL, NULL, NULL, NULL, 1, NULL, 2, 5, NULL, '2021-03-10 00:51:11', '2021-03-27 23:01:45'),
(459, 28, NULL, 18, NULL, '141', 'Color', 184, NULL, 50, 893, 0, NULL, NULL, NULL, NULL, 1, 20, NULL, NULL, NULL, NULL, 1, NULL, 2, 5, NULL, '2021-03-10 00:52:04', '2021-03-28 00:48:54'),
(460, 28, NULL, 18, NULL, '142', 'Color', 90, NULL, 120, 995, 0, NULL, NULL, NULL, NULL, 1, 20, NULL, NULL, NULL, NULL, 1, NULL, 2, 5, NULL, '2021-03-10 00:53:08', '2021-03-29 22:18:48'),
(461, 28, NULL, 18, NULL, '143', 'Color', 0, NULL, 0, 1110.53, 0, NULL, NULL, NULL, NULL, 1, 20, NULL, NULL, NULL, NULL, 1, NULL, 2, 5, NULL, '2021-03-10 00:53:58', '2021-03-13 23:43:26'),
(462, 28, NULL, 18, NULL, '144', 'Color', 0, NULL, 0, 1212.64, 0, NULL, NULL, NULL, NULL, 1, 20, NULL, NULL, NULL, NULL, 1, NULL, 2, 5, NULL, '2021-03-10 00:54:57', '2021-03-13 23:43:54'),
(463, 31, NULL, 19, NULL, '145', 'Cement Sheet', 48, NULL, 368, 410, 420, NULL, NULL, NULL, NULL, 1, 20, NULL, NULL, NULL, NULL, 1, NULL, 2, 5, NULL, '2021-03-10 01:02:19', '2021-03-29 21:58:01'),
(464, 35, NULL, 18, NULL, '146', 'Tua', 0, NULL, 0, 185, 0, NULL, NULL, NULL, NULL, 1, 20, NULL, NULL, NULL, NULL, 1, NULL, 2, 5, NULL, '2021-03-10 01:44:22', '2021-03-13 23:45:07'),
(465, 35, NULL, 18, NULL, '147', 'Tua', 0, NULL, 0, 175, 0, NULL, NULL, NULL, NULL, 1, 20, NULL, NULL, NULL, NULL, 1, NULL, 2, 5, NULL, '2021-03-10 01:45:11', '2021-03-13 23:46:44'),
(466, 39, NULL, 18, NULL, '148', 'Color Tua', 0, NULL, 0, 210, 0, NULL, NULL, NULL, NULL, 1, NULL, NULL, NULL, NULL, NULL, 1, NULL, 2, 5, NULL, '2021-03-10 01:48:39', '2021-03-14 22:19:16'),
(467, 39, NULL, 18, NULL, '149', 'Color Tua', 0, NULL, 0, 210, 0, NULL, NULL, NULL, NULL, 1, 20, NULL, NULL, NULL, NULL, 1, NULL, 2, 5, NULL, '2021-03-10 01:50:22', '2021-03-13 23:31:19'),
(468, 39, NULL, 18, NULL, '150', 'Color Tua', 0, NULL, 0, 210, 0, NULL, NULL, NULL, NULL, 1, NULL, NULL, NULL, NULL, NULL, 1, NULL, 2, 5, NULL, '2021-03-10 01:51:57', '2021-03-14 22:19:36'),
(469, 39, NULL, 18, NULL, '151', 'Color Tua', 21, NULL, 3, 195, 0, NULL, NULL, NULL, NULL, 1, 20, NULL, NULL, NULL, NULL, 1, NULL, 2, 5, NULL, '2021-03-10 01:52:40', '2021-03-21 00:03:00'),
(470, 39, NULL, 18, NULL, '152', 'Color Tua', 7, NULL, 0, 195, 0, NULL, NULL, NULL, NULL, 1, 20, NULL, NULL, NULL, NULL, 1, NULL, 2, 5, NULL, '2021-03-10 01:53:33', '2021-03-13 23:50:22'),
(471, 39, NULL, 18, NULL, '153', 'Color Tua', 0, NULL, 0, 195, 0, NULL, NULL, NULL, NULL, 1, NULL, NULL, NULL, NULL, NULL, 1, NULL, 2, 5, NULL, '2021-03-10 01:54:31', '2021-03-14 22:20:17'),
(472, 39, NULL, 18, NULL, '154', 'Color Tua', 0, NULL, 0, 160, 0, NULL, NULL, NULL, NULL, 1, NULL, NULL, NULL, NULL, NULL, 1, NULL, 2, 5, NULL, '2021-03-10 01:57:32', '2021-03-14 22:20:47'),
(473, 39, NULL, 18, NULL, '155', 'Color Tua', 0, NULL, 0, 160, 0, NULL, NULL, NULL, NULL, 1, NULL, NULL, NULL, NULL, NULL, 1, NULL, 2, 5, NULL, '2021-03-10 01:58:27', '2021-03-14 22:20:59'),
(474, 39, NULL, 18, NULL, '156', 'Color Tua', 0, NULL, 0, 160, 0, NULL, NULL, NULL, NULL, 1, NULL, NULL, NULL, NULL, NULL, 1, NULL, 2, 5, NULL, '2021-03-10 01:59:20', '2021-03-14 22:21:15'),
(475, 28, NULL, 18, NULL, '157', 'NOF', 314, NULL, 24, 308.51, 0, NULL, NULL, NULL, NULL, 1, NULL, NULL, NULL, NULL, NULL, 1, NULL, 2, 5, NULL, '2021-03-11 20:04:59', '2021-03-23 22:53:36'),
(476, 28, NULL, 18, NULL, '158', 'NOF', 323, NULL, 45, 371, 0, NULL, NULL, NULL, NULL, 1, 20, NULL, NULL, NULL, NULL, 1, NULL, 2, 5, NULL, '2021-03-11 20:07:07', '2021-03-23 22:53:36'),
(477, 28, NULL, 18, NULL, '159', 'NOF', 137, NULL, 171, 427.8, 0, NULL, NULL, NULL, NULL, 1, 20, NULL, NULL, NULL, NULL, 1, NULL, 2, 5, NULL, '2021-03-11 20:09:00', '2021-03-26 00:16:33'),
(478, 28, NULL, 18, NULL, '160', 'NOF', 144, NULL, 0, 462.77, 0, NULL, NULL, NULL, NULL, 1, 20, NULL, NULL, NULL, NULL, 1, NULL, 2, 5, NULL, '2021-03-11 20:10:08', '2021-03-21 22:34:51'),
(479, 28, NULL, 18, NULL, '161', 'NOF', 86, NULL, 79, 541.43, 0, NULL, NULL, NULL, NULL, 1, 20, NULL, NULL, NULL, NULL, 1, NULL, 2, 5, NULL, '2021-03-11 20:13:11', '2021-03-26 00:16:33'),
(480, 28, NULL, 18, NULL, '162', 'NOF', 24, NULL, 36, 260.64, 0, NULL, NULL, NULL, NULL, 1, 20, NULL, NULL, NULL, NULL, 1, NULL, 2, 5, NULL, '2021-03-11 20:15:11', '2021-03-26 01:04:17'),
(481, 28, NULL, 18, NULL, '163', 'NOF', 179, NULL, 40, 304.98, 0, NULL, NULL, NULL, NULL, 1, 20, NULL, NULL, NULL, NULL, 1, NULL, 2, 5, NULL, '2021-03-12 18:51:47', '2021-03-26 01:04:17'),
(482, 28, NULL, 18, NULL, '164', 'NOF', 183, NULL, 27, 348.34, 0, NULL, NULL, NULL, NULL, 1, 20, NULL, NULL, NULL, NULL, 1, NULL, 2, 5, NULL, '2021-03-12 18:52:27', '2021-03-26 01:04:17'),
(483, 28, NULL, 18, NULL, '165', 'NOF', 71, NULL, 99, 390.96, 0, NULL, NULL, NULL, NULL, 1, 20, NULL, NULL, NULL, NULL, 1, NULL, 2, 5, NULL, '2021-03-12 18:53:52', '2021-03-26 01:04:17'),
(484, 28, NULL, 18, NULL, '166', 'NOF', 90, NULL, 58, 434.91, 0, NULL, NULL, NULL, NULL, 1, NULL, NULL, NULL, NULL, NULL, 1, NULL, 2, 5, NULL, '2021-03-12 18:56:06', '2021-03-26 01:04:18'),
(485, 28, NULL, 18, NULL, '167', 'NOF', -7, NULL, 0, 209.22, 0, NULL, NULL, NULL, NULL, 1, 20, NULL, NULL, NULL, NULL, 1, NULL, 2, 5, NULL, '2021-03-12 18:56:57', '2021-03-13 22:50:16'),
(486, 28, NULL, 18, NULL, '168', 'NOF', 245, NULL, 74, 244.81, 0, NULL, NULL, NULL, NULL, 1, 20, NULL, NULL, NULL, NULL, 1, NULL, 2, 5, NULL, '2021-03-12 18:59:50', '2021-03-27 23:23:01'),
(487, 28, NULL, 18, NULL, '169', 'NOF', 224, NULL, 36, 279.62, 0, NULL, NULL, NULL, NULL, 1, 20, NULL, NULL, NULL, NULL, 1, NULL, 2, 5, NULL, '2021-03-12 19:02:35', '2021-03-23 18:39:11'),
(488, 28, NULL, 18, NULL, '170', 'NOF', 191, NULL, 8, 313.83, 0, NULL, NULL, NULL, NULL, 1, 20, NULL, NULL, NULL, NULL, 1, NULL, 2, 5, NULL, '2021-03-12 19:03:32', '2021-03-20 23:13:26'),
(489, 28, NULL, 18, NULL, '171', 'NOF', 80, NULL, 28, 349.11, 0, NULL, NULL, NULL, NULL, 1, 20, NULL, NULL, NULL, NULL, 1, NULL, 2, 5, NULL, '2021-03-12 19:04:18', '2021-03-22 22:56:57'),
(490, 28, NULL, 18, NULL, '172', 'NOF', 375, NULL, 0, 186.17, 0, NULL, NULL, NULL, NULL, 1, 20, NULL, NULL, NULL, NULL, 1, NULL, 2, 5, NULL, '2021-03-12 19:05:51', '2021-03-13 22:52:57'),
(491, 28, NULL, 18, NULL, '173', 'NOF', 302, NULL, 0, 217.84, 0, NULL, NULL, NULL, NULL, 1, 20, NULL, NULL, NULL, NULL, 1, NULL, 2, 5, NULL, '2021-03-12 19:06:45', '2021-03-13 22:53:18'),
(492, 28, NULL, 18, NULL, '174', 'NOF', 114, NULL, 9, 248.82, 0, NULL, NULL, NULL, NULL, 1, 20, NULL, NULL, NULL, NULL, 1, NULL, 2, 5, NULL, '2021-03-12 19:07:34', '2021-03-22 22:56:57'),
(493, 28, NULL, 18, NULL, '175', 'NOF', 242, NULL, 8, 279.26, 0, NULL, NULL, NULL, NULL, 1, 20, NULL, NULL, NULL, NULL, 1, NULL, 2, 5, NULL, '2021-03-12 19:08:30', '2021-03-23 22:51:29'),
(494, 28, NULL, 18, NULL, '176', 'NOF', 55, NULL, 14, 310.65, 0, NULL, NULL, NULL, NULL, 1, 20, NULL, NULL, NULL, NULL, 1, NULL, 2, 5, NULL, '2021-03-12 19:09:13', '2021-03-26 01:04:18'),
(495, 28, NULL, 17, NULL, '177', 'Supper', 0, NULL, 26, 300, 0, NULL, NULL, NULL, NULL, 1, 20, NULL, NULL, NULL, NULL, 0, NULL, 2, 5, NULL, '2021-03-12 22:42:04', '2021-03-23 23:16:39'),
(496, 28, NULL, 17, NULL, '178', 'Supper', 96, NULL, 0, 331.25, 0, NULL, NULL, NULL, NULL, 1, 20, NULL, NULL, NULL, NULL, 1, NULL, 2, 5, NULL, '2021-03-12 22:43:01', '2021-03-17 00:52:34'),
(497, 28, NULL, 17, NULL, '179', 'Supper', 103, NULL, 0, 371.14, 0, NULL, NULL, NULL, NULL, 1, 20, NULL, NULL, NULL, NULL, 1, NULL, 2, 5, NULL, '2021-03-12 22:43:52', '2021-03-17 00:53:01'),
(498, 30, NULL, 22, NULL, '180', 'Ajvastor', 0, NULL, 0, 390, 0, NULL, NULL, NULL, NULL, 1, 20, NULL, NULL, NULL, NULL, 1, NULL, 2, 5, NULL, '2021-03-14 20:51:47', '2021-03-14 22:11:57'),
(499, 30, NULL, 22, NULL, '181', 'Ajvastor', 0, NULL, 0, 455, 0, NULL, NULL, NULL, NULL, 1, 20, NULL, NULL, NULL, NULL, 1, NULL, 2, 5, NULL, '2021-03-14 20:52:46', '2021-03-14 22:12:14'),
(500, 30, NULL, 22, NULL, '182', 'Ajvastor', 0, NULL, 82, 528, 0, NULL, NULL, NULL, NULL, 1, 20, NULL, NULL, NULL, NULL, 1, NULL, 2, 5, NULL, '2021-03-14 20:54:06', '2021-03-23 21:47:07'),
(501, 30, NULL, 22, NULL, '183', 'Ajvastor', 0, NULL, 17, 612, 0, NULL, NULL, NULL, NULL, 1, NULL, NULL, NULL, NULL, NULL, 1, NULL, 2, 5, NULL, '2021-03-14 20:55:05', '2021-03-23 21:47:07'),
(502, 30, NULL, 22, NULL, '184', 'Ajvastor', 0, NULL, 0, 670, 0, NULL, NULL, NULL, NULL, 1, NULL, NULL, NULL, NULL, NULL, 1, NULL, 2, 5, NULL, '2021-03-14 20:56:36', '2021-03-14 22:13:36'),
(503, 30, NULL, 19, NULL, '185', 'Ajvastor', 35, NULL, 22, 354, 0, NULL, NULL, NULL, NULL, 1, 20, NULL, NULL, NULL, NULL, 1, NULL, 2, 5, NULL, '2021-03-14 20:57:34', '2021-03-23 19:35:12'),
(504, 30, NULL, 19, NULL, '186', 'Ajvastor', 56, NULL, 1, 413, 0, NULL, NULL, NULL, NULL, 1, NULL, NULL, NULL, NULL, NULL, 1, NULL, 2, 5, NULL, '2021-03-14 20:58:46', '2021-03-26 01:21:33'),
(505, 40, NULL, 27, NULL, '187', 'Market Saiz', 0, NULL, 0, 24, 0, NULL, NULL, NULL, NULL, 10, 0, NULL, NULL, NULL, NULL, 1, NULL, 2, 5, NULL, '2021-03-17 00:01:43', '2021-03-17 00:07:13'),
(506, 40, NULL, 27, NULL, '188', 'Market Saiz', 0, NULL, 0, 24, 0, NULL, NULL, NULL, NULL, 10, 0, NULL, NULL, NULL, NULL, 1, NULL, 2, 5, NULL, '2021-03-17 00:03:39', '2021-03-17 00:07:44'),
(507, 40, NULL, 27, NULL, '189', 'Market Saiz', 0, NULL, 0, 24, 0, NULL, NULL, NULL, NULL, 10, 0, NULL, NULL, NULL, NULL, 1, NULL, 2, 5, NULL, '2021-03-17 00:04:43', '2021-03-17 00:08:01'),
(508, 40, NULL, 27, NULL, '190', 'Market Saiz', 0, NULL, 0, 24, 0, NULL, NULL, NULL, NULL, 10, 0, NULL, NULL, NULL, NULL, 1, NULL, 2, 5, NULL, '2021-03-17 00:06:00', '2021-03-17 00:08:16'),
(509, 40, NULL, 27, NULL, '191', 'Market Saiz', 0, NULL, 0, 24, 0, NULL, NULL, NULL, NULL, 10, 0, NULL, NULL, NULL, NULL, 1, NULL, 2, 5, NULL, '2021-03-17 00:06:45', '2021-03-17 00:08:57'),
(510, 40, NULL, 27, NULL, '192', 'Market Saiz', 0, NULL, 0, 24, 0, NULL, NULL, NULL, NULL, 10, 0, NULL, NULL, NULL, NULL, 1, NULL, 2, 5, NULL, '2021-03-17 00:10:25', '2021-03-21 17:55:48'),
(511, 40, NULL, 27, NULL, '193', 'Market Saiz', 0, NULL, 0, 24, 0, NULL, NULL, NULL, NULL, 10, NULL, NULL, NULL, NULL, NULL, 1, NULL, 2, 5, NULL, '2021-03-17 00:12:57', '2021-03-21 17:56:25'),
(512, 40, NULL, 27, NULL, '194', 'Market Saiz', 0, NULL, 0, 24, 0, NULL, NULL, NULL, NULL, 10, NULL, NULL, NULL, NULL, NULL, 1, NULL, 2, 5, NULL, '2021-03-17 00:14:17', '2021-03-21 17:56:47'),
(513, 40, NULL, 27, NULL, '195', 'Market Saiz', 0, NULL, 0, 24, 0, NULL, NULL, NULL, NULL, 10, NULL, NULL, NULL, NULL, NULL, 1, NULL, 2, 5, NULL, '2021-03-17 00:15:05', '2021-03-21 17:57:07'),
(514, 40, NULL, 27, NULL, '196', 'Market Saiz', 0, NULL, 0, 24, 0, NULL, NULL, NULL, NULL, 10, 0, NULL, NULL, NULL, NULL, 1, NULL, 2, 5, NULL, '2021-03-17 00:16:49', '2021-03-21 17:57:33'),
(515, 29, NULL, 18, NULL, '197', 'Tally', 0, NULL, 755, 128, 0, NULL, NULL, NULL, NULL, 7, NULL, NULL, NULL, NULL, NULL, 1, NULL, 2, 5, NULL, '2021-03-20 20:34:55', '2021-03-27 23:23:01'),
(516, 29, NULL, 18, NULL, '198', 'Industrial Tua', 0, NULL, 216, 42, 0, NULL, NULL, NULL, NULL, 13, NULL, NULL, NULL, NULL, NULL, 1, NULL, 2, 5, NULL, '2021-03-20 20:37:42', '2021-03-27 23:23:01'),
(517, 33, NULL, 30, NULL, '199', 'All Over', 0, NULL, 64, 76, 0, NULL, NULL, NULL, NULL, 10, NULL, NULL, NULL, NULL, NULL, 1, NULL, 2, 5, NULL, '2021-03-20 21:19:01', '2021-03-21 03:23:39'),
(518, 41, NULL, 31, NULL, '200', 'Plane Sheet', 0, NULL, 80, 123.75, 0, NULL, NULL, NULL, NULL, 13, NULL, NULL, NULL, NULL, NULL, 1, NULL, 2, 5, NULL, '2021-03-20 21:35:16', '2021-03-21 00:10:52'),
(519, 37, NULL, 31, NULL, '201', 'Zinkalum Tua', 0, NULL, 5, 360, 0, NULL, NULL, NULL, NULL, 1, NULL, NULL, NULL, NULL, NULL, 1, NULL, 2, 5, NULL, '2021-03-20 21:39:10', '2021-03-20 23:41:46'),
(520, 40, NULL, 27, NULL, '202', 'Market Saiz', 0, NULL, 360, 28, 0, NULL, NULL, NULL, NULL, 10, NULL, NULL, NULL, NULL, NULL, 1, NULL, 2, 5, NULL, '2021-03-20 21:46:36', '2021-03-26 01:32:29'),
(521, 40, NULL, 27, NULL, '203', 'Market Saiz', NULL, NULL, 0, 28, 0, NULL, NULL, NULL, NULL, 10, NULL, NULL, NULL, NULL, NULL, 1, NULL, 2, 5, NULL, '2021-03-20 21:48:02', '2021-03-21 17:48:08'),
(522, 40, NULL, 27, NULL, '204', 'Market Saiz', NULL, NULL, 0, 28, 0, NULL, NULL, NULL, NULL, 10, NULL, NULL, NULL, NULL, NULL, 1, NULL, 2, 5, NULL, '2021-03-20 21:49:03', '2021-03-21 17:48:56'),
(523, 40, NULL, 27, NULL, '205', 'Market Saiz', NULL, NULL, 0, 28, 0, NULL, NULL, NULL, NULL, 10, NULL, NULL, NULL, NULL, NULL, 1, NULL, 2, 5, NULL, '2021-03-20 21:49:59', '2021-03-21 17:49:26'),
(524, 40, NULL, 27, NULL, '206', 'Market Saiz', NULL, NULL, 0, 28, 0, NULL, NULL, NULL, NULL, 10, NULL, NULL, NULL, NULL, NULL, 1, NULL, 2, 5, NULL, '2021-03-20 21:50:51', '2021-03-21 17:49:55'),
(525, 40, NULL, 27, NULL, '207', 'Market Saiz', 0, NULL, 435, 28, 0, NULL, NULL, NULL, NULL, 10, NULL, NULL, NULL, NULL, NULL, 1, NULL, 2, 5, NULL, '2021-03-20 21:51:40', '2021-03-26 01:43:16'),
(526, 40, NULL, 27, NULL, '208', 'Market Saiz', 0, NULL, 857.5, 28, 0, NULL, NULL, NULL, NULL, 10, NULL, NULL, NULL, NULL, NULL, 1, NULL, 2, 5, NULL, '2021-03-20 21:52:26', '2021-03-26 01:43:16'),
(527, 40, NULL, 27, NULL, '209', 'Market Saiz', 0, NULL, 400, 28, 0, NULL, NULL, NULL, NULL, 10, NULL, NULL, NULL, NULL, NULL, 1, NULL, 2, 5, NULL, '2021-03-20 21:53:09', '2021-03-27 23:23:01'),
(528, 40, NULL, 27, NULL, '210', 'Market Saiz', 0, NULL, 1575, 28, 0, NULL, NULL, NULL, NULL, 10, NULL, NULL, NULL, NULL, NULL, 1, NULL, 2, 5, NULL, '2021-03-20 21:53:52', '2021-03-26 01:43:16'),
(529, 40, NULL, 27, NULL, '211', 'Market Saiz', 0, NULL, 875, 28, 0, NULL, NULL, NULL, NULL, 10, NULL, NULL, NULL, NULL, NULL, 1, NULL, 2, 5, NULL, '2021-03-20 21:55:11', '2021-03-26 01:43:16'),
(530, 41, NULL, 31, NULL, '212', 'Plane Sheet', 0, NULL, 300, 75.34, 0, NULL, NULL, NULL, NULL, 13, NULL, NULL, NULL, NULL, NULL, 1, NULL, 2, 5, NULL, '2021-03-20 21:58:47', '2021-03-26 01:32:29'),
(531, 33, NULL, 30, NULL, '213', 'All Over', NULL, NULL, 0, 75, 0, NULL, NULL, NULL, NULL, 10, NULL, NULL, NULL, NULL, NULL, 1, NULL, 2, 5, NULL, '2021-03-20 22:31:45', '2021-03-20 22:31:45'),
(532, 33, NULL, 30, NULL, '214', 'All Over', NULL, NULL, 0, 75, 0, NULL, NULL, NULL, NULL, 10, NULL, NULL, NULL, NULL, NULL, 1, NULL, 2, 5, NULL, '2021-03-20 22:32:33', '2021-03-20 22:32:33'),
(533, 33, NULL, 30, NULL, '215', 'All Over', 0, NULL, 72, 76, 0, NULL, NULL, NULL, NULL, 10, NULL, NULL, NULL, NULL, NULL, 1, NULL, 2, 5, NULL, '2021-03-20 22:33:15', '2021-03-21 00:26:53'),
(534, 33, NULL, 30, NULL, '216', 'All Over', 0, NULL, 186.66, 76, 0, NULL, NULL, NULL, NULL, 10, NULL, NULL, NULL, NULL, NULL, 1, NULL, 2, 5, NULL, '2021-03-20 22:33:56', '2021-03-21 01:29:42'),
(535, 29, NULL, 17, NULL, '217', 'Kenofi', 345, NULL, 0, 131.304, 0, NULL, NULL, NULL, NULL, 7, NULL, NULL, NULL, NULL, NULL, 1, NULL, 2, 5, NULL, '2021-03-21 00:35:49', '2021-03-23 22:00:34'),
(536, 42, NULL, 31, NULL, '218', 'Roofing', NULL, NULL, 0, 0, 0, NULL, NULL, NULL, NULL, 1, NULL, NULL, NULL, NULL, NULL, 1, NULL, 2, 5, NULL, '2021-03-21 01:04:00', '2021-03-21 01:04:00'),
(537, 42, NULL, 31, NULL, '219', 'Roofing', NULL, NULL, 0, 0, 0, NULL, NULL, NULL, NULL, 1, NULL, NULL, NULL, NULL, NULL, 1, NULL, 2, 5, NULL, '2021-03-21 01:05:58', '2021-03-21 01:05:58'),
(538, 42, NULL, 31, NULL, '220', 'Roofing', 0, NULL, 922, 1.9, 0, NULL, NULL, NULL, NULL, 1, NULL, NULL, NULL, NULL, NULL, 1, NULL, 2, 5, NULL, '2021-03-21 01:07:16', '2021-03-21 22:49:30'),
(539, 33, NULL, 27, NULL, '221', 'fiber tua', 0, NULL, 2, 190, 0, NULL, NULL, NULL, NULL, 1, NULL, NULL, NULL, NULL, NULL, 1, NULL, 2, 5, NULL, '2021-03-21 01:24:51', '2021-03-21 20:28:51'),
(540, 28, NULL, 31, NULL, '222', 'Normal Tua', 0, NULL, 25, 105.4, 0, NULL, NULL, NULL, NULL, 1, NULL, NULL, NULL, NULL, NULL, 1, NULL, 2, 5, NULL, '2021-03-21 02:37:44', '2021-03-21 22:34:52'),
(541, 41, NULL, 31, NULL, '223', 'Plane Sheet', 0, NULL, 239, 52, 0, NULL, NULL, NULL, NULL, 13, NULL, NULL, NULL, NULL, NULL, 1, NULL, 2, 5, NULL, '2021-03-21 02:59:56', '2021-03-26 00:08:35'),
(542, 41, NULL, 31, NULL, '224', 'Plane Sheet', 0, NULL, 150, 48, 0, NULL, NULL, NULL, NULL, 13, NULL, NULL, NULL, NULL, NULL, 1, NULL, 2, 5, NULL, '2021-03-21 03:01:09', '2021-03-26 00:08:35'),
(543, 40, NULL, 27, NULL, '225', 'Market Saiz', 0, NULL, 165, 38, 0, NULL, NULL, NULL, NULL, 10, NULL, NULL, NULL, NULL, NULL, 1, NULL, 2, 5, NULL, '2021-03-21 18:09:48', '2021-03-26 01:39:51'),
(544, 40, NULL, 27, NULL, '226', 'Market Saiz', 0, NULL, 228.5, 38, 0, NULL, NULL, NULL, NULL, 10, NULL, NULL, NULL, NULL, NULL, 1, NULL, 2, 5, NULL, '2021-03-21 18:10:46', '2021-03-27 23:23:01'),
(545, 40, NULL, 27, NULL, '227', 'Market Saiz', 0, NULL, 40, 38, 0, NULL, NULL, NULL, NULL, 10, NULL, NULL, NULL, NULL, NULL, 1, NULL, 2, 5, NULL, '2021-03-21 18:12:03', '2021-03-26 01:39:51'),
(546, 40, NULL, 27, NULL, '228', 'Market Saiz', NULL, NULL, 0, 38, 0, NULL, NULL, NULL, NULL, 10, NULL, NULL, NULL, NULL, NULL, 1, NULL, 2, 5, NULL, '2021-03-21 18:13:40', '2021-03-21 18:13:40'),
(547, 40, NULL, 27, NULL, '229', 'Market Saiz', 0, NULL, 225, 38, 0, NULL, NULL, NULL, NULL, 10, NULL, NULL, NULL, NULL, NULL, 1, NULL, 2, 5, NULL, '2021-03-21 18:14:56', '2021-03-29 21:48:50'),
(548, 30, NULL, 19, NULL, '230', 'Ajvastor', 0, NULL, 4, 528, 0, NULL, NULL, NULL, NULL, 1, NULL, NULL, NULL, NULL, NULL, 1, NULL, 2, 5, NULL, '2021-03-23 21:53:19', '2021-03-26 00:06:23');

-- --------------------------------------------------------

--
-- Table structure for table `product_suppliers`
--

CREATE TABLE `product_suppliers` (
  `id` bigint(20) UNSIGNED NOT NULL,
  `product_entry_id` bigint(20) UNSIGNED NOT NULL,
  `supplier_id` bigint(20) UNSIGNED NOT NULL,
  `whole_sale_price` double DEFAULT NULL,
  `retail_price` double DEFAULT NULL,
  `created_by` bigint(20) UNSIGNED DEFAULT NULL,
  `updated_by` bigint(20) UNSIGNED DEFAULT NULL,
  `created_at` timestamp NULL DEFAULT NULL,
  `updated_at` timestamp NULL DEFAULT NULL
) ENGINE=InnoDB DEFAULT CHARSET=utf8 COLLATE=utf8_unicode_ci;

-- --------------------------------------------------------

--
-- Table structure for table `product_variations`
--

CREATE TABLE `product_variations` (
  `id` bigint(20) UNSIGNED NOT NULL,
  `name` varchar(255) COLLATE utf8_unicode_ci NOT NULL,
  `status` tinyint(4) DEFAULT NULL,
  `created_by` bigint(20) UNSIGNED DEFAULT NULL,
  `updated_by` bigint(20) UNSIGNED DEFAULT NULL,
  `created_at` timestamp NULL DEFAULT NULL,
  `updated_at` timestamp NULL DEFAULT NULL
) ENGINE=InnoDB DEFAULT CHARSET=utf8 COLLATE=utf8_unicode_ci;

--
-- Dumping data for table `product_variations`
--

INSERT INTO `product_variations` (`id`, `name`, `status`, `created_by`, `updated_by`, `created_at`, `updated_at`) VALUES
(10, 'Color', NULL, 1, 5, '2021-01-21 04:40:47', '2021-03-08 19:40:40'),
(11, 'SFT', NULL, 5, 5, '2021-03-08 19:43:16', '2021-03-08 22:58:45'),
(12, 'Size', NULL, 5, 5, '2021-03-08 19:44:29', '2021-03-08 19:47:22'),
(13, 'Thickness', NULL, 5, 5, '2021-03-08 19:47:45', '2021-03-08 19:52:47'),
(14, 'RFT', NULL, 5, 5, '2021-03-10 00:15:51', '2021-03-10 01:24:30'),
(15, 'Length', NULL, 5, 5, '2021-03-20 20:29:48', '2021-03-20 20:33:01');

-- --------------------------------------------------------

--
-- Table structure for table `product_variation_entries`
--

CREATE TABLE `product_variation_entries` (
  `id` bigint(20) UNSIGNED NOT NULL,
  `product_entry_id` bigint(20) UNSIGNED NOT NULL,
  `variation_id` bigint(20) UNSIGNED NOT NULL,
  `variation_value_id` bigint(20) UNSIGNED NOT NULL,
  `created_by` bigint(20) UNSIGNED DEFAULT NULL,
  `updated_by` bigint(20) UNSIGNED DEFAULT NULL,
  `created_at` timestamp NULL DEFAULT NULL,
  `updated_at` timestamp NULL DEFAULT NULL
) ENGINE=InnoDB DEFAULT CHARSET=utf8 COLLATE=utf8_unicode_ci;

--
-- Dumping data for table `product_variation_entries`
--

INSERT INTO `product_variation_entries` (`id`, `product_entry_id`, `variation_id`, `variation_value_id`, `created_by`, `updated_by`, `created_at`, `updated_at`) VALUES
(346, 370, 11, 54, 5, NULL, '2021-03-09 02:38:41', NULL),
(347, 370, 13, 78, 5, NULL, '2021-03-09 02:38:41', NULL),
(1081, 339, 12, 55, 5, NULL, '2021-03-13 18:26:33', NULL),
(1082, 339, 13, 72, 5, NULL, '2021-03-13 18:26:33', NULL),
(1083, 340, 12, 56, 5, NULL, '2021-03-13 18:27:07', NULL),
(1084, 340, 13, 72, 5, NULL, '2021-03-13 18:27:07', NULL),
(1085, 341, 12, 57, 5, NULL, '2021-03-13 18:27:43', NULL),
(1086, 341, 13, 72, 5, NULL, '2021-03-13 18:27:43', NULL),
(1087, 342, 12, 58, 5, NULL, '2021-03-13 18:39:28', NULL),
(1088, 342, 13, 72, 5, NULL, '2021-03-13 18:39:28', NULL),
(1089, 343, 12, 59, 5, NULL, '2021-03-13 18:39:59', NULL),
(1090, 343, 13, 72, 5, NULL, '2021-03-13 18:39:59', NULL),
(1111, 329, 12, 55, 5, NULL, '2021-03-13 18:48:40', NULL),
(1112, 329, 13, 94, 5, NULL, '2021-03-13 18:48:40', NULL),
(1113, 330, 12, 56, 5, NULL, '2021-03-13 18:49:11', NULL),
(1114, 330, 13, 94, 5, NULL, '2021-03-13 18:49:11', NULL),
(1115, 331, 12, 57, 5, NULL, '2021-03-13 18:49:38', NULL),
(1116, 331, 13, 94, 5, NULL, '2021-03-13 18:49:38', NULL),
(1117, 332, 12, 58, 5, NULL, '2021-03-13 18:50:13', NULL),
(1118, 332, 13, 94, 5, NULL, '2021-03-13 18:50:13', NULL),
(1121, 334, 12, 55, 5, NULL, '2021-03-13 20:57:54', NULL),
(1122, 334, 13, 95, 5, NULL, '2021-03-13 20:57:54', NULL),
(1123, 335, 12, 56, 5, NULL, '2021-03-13 20:58:55', NULL),
(1124, 335, 13, 95, 5, NULL, '2021-03-13 20:58:55', NULL),
(1125, 336, 12, 57, 5, NULL, '2021-03-13 20:59:26', NULL),
(1126, 336, 13, 95, 5, NULL, '2021-03-13 20:59:26', NULL),
(1127, 337, 12, 58, 5, NULL, '2021-03-13 21:00:06', NULL),
(1128, 337, 13, 95, 5, NULL, '2021-03-13 21:00:06', NULL),
(1129, 338, 12, 59, 5, NULL, '2021-03-13 21:00:41', NULL),
(1130, 338, 13, 95, 5, NULL, '2021-03-13 21:00:41', NULL),
(1131, 344, 12, 55, 5, NULL, '2021-03-13 21:09:12', NULL),
(1132, 344, 13, 71, 5, NULL, '2021-03-13 21:09:12', NULL),
(1133, 345, 12, 56, 5, NULL, '2021-03-13 21:09:58', NULL),
(1134, 345, 13, 71, 5, NULL, '2021-03-13 21:09:58', NULL),
(1135, 346, 12, 57, 5, NULL, '2021-03-13 21:10:48', NULL),
(1136, 346, 13, 71, 5, NULL, '2021-03-13 21:10:48', NULL),
(1139, 348, 12, 59, 5, NULL, '2021-03-13 21:11:38', NULL),
(1140, 348, 13, 71, 5, NULL, '2021-03-13 21:11:38', NULL),
(1141, 347, 12, 58, 5, NULL, '2021-03-13 21:12:17', NULL),
(1142, 347, 13, 71, 5, NULL, '2021-03-13 21:12:17', NULL),
(1145, 350, 12, 56, 5, NULL, '2021-03-13 21:14:21', NULL),
(1146, 350, 13, 70, 5, NULL, '2021-03-13 21:14:21', NULL),
(1147, 351, 12, 57, 5, NULL, '2021-03-13 21:15:29', NULL),
(1148, 351, 13, 70, 5, NULL, '2021-03-13 21:15:29', NULL),
(1149, 352, 12, 58, 5, NULL, '2021-03-13 21:17:10', NULL),
(1150, 352, 13, 70, 5, NULL, '2021-03-13 21:17:10', NULL),
(1151, 353, 12, 59, 5, NULL, '2021-03-13 21:17:59', NULL),
(1152, 353, 13, 70, 5, NULL, '2021-03-13 21:17:59', NULL),
(1153, 354, 12, 55, 5, NULL, '2021-03-13 21:19:21', NULL),
(1154, 354, 13, 69, 5, NULL, '2021-03-13 21:19:21', NULL),
(1155, 355, 12, 56, 5, NULL, '2021-03-13 21:20:16', NULL),
(1156, 355, 13, 69, 5, NULL, '2021-03-13 21:20:16', NULL),
(1159, 356, 12, 57, 5, NULL, '2021-03-13 21:21:28', NULL),
(1160, 356, 13, 69, 5, NULL, '2021-03-13 21:21:28', NULL),
(1161, 357, 12, 58, 5, NULL, '2021-03-13 21:21:52', NULL),
(1162, 357, 13, 69, 5, NULL, '2021-03-13 21:21:52', NULL),
(1165, 358, 12, 59, 5, NULL, '2021-03-13 21:26:38', NULL),
(1166, 358, 13, 69, 5, NULL, '2021-03-13 21:26:38', NULL),
(1167, 359, 12, 55, 5, NULL, '2021-03-13 22:36:54', NULL),
(1168, 359, 13, 68, 5, NULL, '2021-03-13 22:36:54', NULL),
(1169, 360, 12, 56, 5, NULL, '2021-03-13 22:37:20', NULL),
(1170, 360, 13, 68, 5, NULL, '2021-03-13 22:37:20', NULL),
(1171, 361, 12, 57, 5, NULL, '2021-03-13 22:37:42', NULL),
(1172, 361, 13, 68, 5, NULL, '2021-03-13 22:37:42', NULL),
(1173, 362, 12, 58, 5, NULL, '2021-03-13 22:38:32', NULL),
(1174, 362, 13, 68, 5, NULL, '2021-03-13 22:38:32', NULL),
(1175, 363, 12, 59, 5, NULL, '2021-03-13 22:40:00', NULL),
(1176, 363, 13, 68, 5, NULL, '2021-03-13 22:40:00', NULL),
(1179, 475, 12, 55, 5, NULL, '2021-03-13 22:43:46', NULL),
(1180, 475, 13, 67, 5, NULL, '2021-03-13 22:43:46', NULL),
(1181, 476, 12, 56, 5, NULL, '2021-03-13 22:44:18', NULL),
(1182, 476, 13, 67, 5, NULL, '2021-03-13 22:44:18', NULL),
(1183, 477, 12, 57, 5, NULL, '2021-03-13 22:45:10', NULL),
(1184, 477, 13, 67, 5, NULL, '2021-03-13 22:45:10', NULL),
(1185, 478, 12, 58, 5, NULL, '2021-03-13 22:45:49', NULL),
(1186, 478, 13, 67, 5, NULL, '2021-03-13 22:45:49', NULL),
(1187, 479, 12, 59, 5, NULL, '2021-03-13 22:46:23', NULL),
(1188, 479, 13, 67, 5, NULL, '2021-03-13 22:46:23', NULL),
(1189, 480, 12, 55, 5, NULL, '2021-03-13 22:47:03', NULL),
(1190, 480, 13, 66, 5, NULL, '2021-03-13 22:47:03', NULL),
(1193, 481, 12, 56, 5, NULL, '2021-03-13 22:47:53', NULL),
(1194, 481, 13, 66, 5, NULL, '2021-03-13 22:47:53', NULL),
(1195, 482, 12, 57, 5, NULL, '2021-03-13 22:48:19', NULL),
(1196, 482, 13, 66, 5, NULL, '2021-03-13 22:48:19', NULL),
(1197, 483, 12, 58, 5, NULL, '2021-03-13 22:48:52', NULL),
(1198, 483, 13, 66, 5, NULL, '2021-03-13 22:48:52', NULL),
(1199, 484, 12, 59, 5, NULL, '2021-03-13 22:49:49', NULL),
(1200, 484, 13, 66, 5, NULL, '2021-03-13 22:49:49', NULL),
(1201, 485, 12, 55, 5, NULL, '2021-03-13 22:50:16', NULL),
(1202, 485, 13, 64, 5, NULL, '2021-03-13 22:50:16', NULL),
(1203, 486, 12, 56, 5, NULL, '2021-03-13 22:50:48', NULL),
(1204, 486, 13, 64, 5, NULL, '2021-03-13 22:50:48', NULL),
(1205, 487, 12, 57, 5, NULL, '2021-03-13 22:51:12', NULL),
(1206, 487, 13, 64, 5, NULL, '2021-03-13 22:51:12', NULL),
(1207, 488, 12, 58, 5, NULL, '2021-03-13 22:51:44', NULL),
(1208, 488, 13, 64, 5, NULL, '2021-03-13 22:51:44', NULL),
(1209, 489, 12, 59, 5, NULL, '2021-03-13 22:52:19', NULL),
(1210, 489, 13, 64, 5, NULL, '2021-03-13 22:52:19', NULL),
(1211, 490, 12, 55, 5, NULL, '2021-03-13 22:52:57', NULL),
(1212, 490, 13, 63, 5, NULL, '2021-03-13 22:52:57', NULL),
(1213, 491, 12, 56, 5, NULL, '2021-03-13 22:53:18', NULL),
(1214, 491, 13, 63, 5, NULL, '2021-03-13 22:53:18', NULL),
(1215, 492, 12, 57, 5, NULL, '2021-03-13 22:53:45', NULL),
(1216, 492, 13, 63, 5, NULL, '2021-03-13 22:53:45', NULL),
(1217, 493, 12, 58, 5, NULL, '2021-03-13 22:54:20', NULL),
(1218, 493, 13, 63, 5, NULL, '2021-03-13 22:54:20', NULL),
(1227, 411, 12, 55, 5, NULL, '2021-03-13 22:57:41', NULL),
(1228, 411, 13, 68, 5, NULL, '2021-03-13 22:57:41', NULL),
(1229, 412, 12, 56, 5, NULL, '2021-03-13 22:58:45', NULL),
(1230, 412, 13, 68, 5, NULL, '2021-03-13 22:58:45', NULL),
(1231, 413, 12, 57, 5, NULL, '2021-03-13 23:00:12', NULL),
(1232, 413, 13, 68, 5, NULL, '2021-03-13 23:00:12', NULL),
(1233, 414, 12, 58, 5, NULL, '2021-03-13 23:00:48', NULL),
(1234, 414, 13, 68, 5, NULL, '2021-03-13 23:00:48', NULL),
(1235, 415, 12, 59, 5, NULL, '2021-03-13 23:01:27', NULL),
(1236, 415, 13, 68, 5, NULL, '2021-03-13 23:01:27', NULL),
(1237, 416, 12, 55, 5, NULL, '2021-03-13 23:02:37', NULL),
(1238, 416, 13, 69, 5, NULL, '2021-03-13 23:02:37', NULL),
(1239, 417, 12, 56, 5, NULL, '2021-03-13 23:03:13', NULL),
(1240, 417, 13, 69, 5, NULL, '2021-03-13 23:03:13', NULL),
(1241, 418, 12, 57, 5, NULL, '2021-03-13 23:04:34', NULL),
(1242, 418, 13, 69, 5, NULL, '2021-03-13 23:04:34', NULL),
(1243, 419, 12, 58, 5, NULL, '2021-03-13 23:05:36', NULL),
(1244, 419, 13, 69, 5, NULL, '2021-03-13 23:05:36', NULL),
(1245, 420, 12, 59, 5, NULL, '2021-03-13 23:06:11', NULL),
(1246, 420, 13, 69, 5, NULL, '2021-03-13 23:06:11', NULL),
(1247, 421, 12, 55, 5, NULL, '2021-03-13 23:07:39', NULL),
(1248, 421, 13, 70, 5, NULL, '2021-03-13 23:07:39', NULL),
(1249, 422, 12, 56, 5, NULL, '2021-03-13 23:08:27', NULL),
(1250, 422, 13, 70, 5, NULL, '2021-03-13 23:08:27', NULL),
(1251, 423, 12, 57, 5, NULL, '2021-03-13 23:09:09', NULL),
(1252, 423, 13, 70, 5, NULL, '2021-03-13 23:09:09', NULL),
(1253, 424, 12, 58, 5, NULL, '2021-03-13 23:09:52', NULL),
(1254, 424, 13, 70, 5, NULL, '2021-03-13 23:09:52', NULL),
(1255, 425, 12, 59, 5, NULL, '2021-03-13 23:10:47', NULL),
(1256, 425, 13, 70, 5, NULL, '2021-03-13 23:10:47', NULL),
(1257, 426, 12, 60, 5, NULL, '2021-03-13 23:11:40', NULL),
(1258, 426, 13, 69, 5, NULL, '2021-03-13 23:11:40', NULL),
(1259, 427, 12, 61, 5, NULL, '2021-03-13 23:12:23', NULL),
(1260, 427, 13, 69, 5, NULL, '2021-03-13 23:12:23', NULL),
(1261, 428, 12, 60, 5, NULL, '2021-03-13 23:13:33', NULL),
(1262, 428, 13, 70, 5, NULL, '2021-03-13 23:13:33', NULL),
(1263, 429, 12, 61, 5, NULL, '2021-03-13 23:14:10', NULL),
(1264, 429, 13, 70, 5, NULL, '2021-03-13 23:14:10', NULL),
(1265, 430, 12, 55, 5, NULL, '2021-03-13 23:15:05', NULL),
(1266, 430, 13, 71, 5, NULL, '2021-03-13 23:15:05', NULL),
(1267, 431, 12, 56, 5, NULL, '2021-03-13 23:15:32', NULL),
(1268, 431, 13, 71, 5, NULL, '2021-03-13 23:15:32', NULL),
(1269, 432, 12, 57, 5, NULL, '2021-03-13 23:16:14', NULL),
(1270, 432, 13, 71, 5, NULL, '2021-03-13 23:16:14', NULL),
(1271, 433, 12, 58, 5, NULL, '2021-03-13 23:16:49', NULL),
(1272, 433, 13, 71, 5, NULL, '2021-03-13 23:16:49', NULL),
(1273, 434, 12, 59, 5, NULL, '2021-03-13 23:17:21', NULL),
(1274, 434, 13, 71, 5, NULL, '2021-03-13 23:17:21', NULL),
(1275, 435, 12, 60, 5, NULL, '2021-03-13 23:18:01', NULL),
(1276, 435, 13, 71, 5, NULL, '2021-03-13 23:18:01', NULL),
(1277, 436, 12, 61, 5, NULL, '2021-03-13 23:18:48', NULL),
(1278, 436, 13, 71, 5, NULL, '2021-03-13 23:18:48', NULL),
(1279, 437, 12, 55, 5, NULL, '2021-03-13 23:19:23', NULL),
(1280, 437, 13, 67, 5, NULL, '2021-03-13 23:19:23', NULL),
(1281, 438, 12, 56, 5, NULL, '2021-03-13 23:20:16', NULL),
(1282, 438, 13, 67, 5, NULL, '2021-03-13 23:20:16', NULL),
(1283, 439, 12, 57, 5, NULL, '2021-03-13 23:20:41', NULL),
(1284, 439, 13, 67, 5, NULL, '2021-03-13 23:20:41', NULL),
(1285, 440, 12, 58, 5, NULL, '2021-03-13 23:22:14', NULL),
(1286, 440, 13, 67, 5, NULL, '2021-03-13 23:22:14', NULL),
(1287, 441, 12, 59, 5, NULL, '2021-03-13 23:22:39', NULL),
(1288, 441, 13, 67, 5, NULL, '2021-03-13 23:22:39', NULL),
(1289, 442, 10, 53, 5, NULL, '2021-03-13 23:24:55', NULL),
(1290, 442, 12, 55, 5, NULL, '2021-03-13 23:24:55', NULL),
(1291, 442, 13, 71, 5, NULL, '2021-03-13 23:24:55', NULL),
(1292, 467, 10, 53, 5, NULL, '2021-03-13 23:31:19', NULL),
(1293, 467, 12, 55, 5, NULL, '2021-03-13 23:31:19', NULL),
(1294, 467, 13, 72, 5, NULL, '2021-03-13 23:31:19', NULL),
(1295, 443, 10, 53, 5, NULL, '2021-03-13 23:32:17', NULL),
(1296, 443, 12, 56, 5, NULL, '2021-03-13 23:32:17', NULL),
(1297, 443, 13, 71, 5, NULL, '2021-03-13 23:32:17', NULL),
(1301, 445, 10, 53, 5, NULL, '2021-03-13 23:33:12', NULL),
(1302, 445, 12, 58, 5, NULL, '2021-03-13 23:33:12', NULL),
(1303, 445, 13, 71, 5, NULL, '2021-03-13 23:33:12', NULL),
(1304, 446, 10, 53, 5, NULL, '2021-03-13 23:34:13', NULL),
(1305, 446, 12, 59, 5, NULL, '2021-03-13 23:34:13', NULL),
(1306, 446, 13, 71, 5, NULL, '2021-03-13 23:34:13', NULL),
(1307, 447, 10, 53, 5, NULL, '2021-03-13 23:34:47', NULL),
(1308, 447, 12, 60, 5, NULL, '2021-03-13 23:34:47', NULL),
(1309, 447, 13, 71, 5, NULL, '2021-03-13 23:34:47', NULL),
(1310, 448, 10, 53, 5, NULL, '2021-03-13 23:35:14', NULL),
(1311, 448, 12, 61, 5, NULL, '2021-03-13 23:35:14', NULL),
(1312, 448, 13, 71, 5, NULL, '2021-03-13 23:35:14', NULL),
(1313, 449, 10, 104, 5, NULL, '2021-03-13 23:35:57', NULL),
(1314, 449, 12, 55, 5, NULL, '2021-03-13 23:35:57', NULL),
(1315, 449, 13, 71, 5, NULL, '2021-03-13 23:35:57', NULL),
(1316, 450, 10, 104, 5, NULL, '2021-03-13 23:36:25', NULL),
(1317, 450, 12, 56, 5, NULL, '2021-03-13 23:36:25', NULL),
(1318, 450, 13, 71, 5, NULL, '2021-03-13 23:36:25', NULL),
(1319, 451, 10, 104, 5, NULL, '2021-03-13 23:36:54', NULL),
(1320, 451, 12, 57, 5, NULL, '2021-03-13 23:36:54', NULL),
(1321, 451, 13, 71, 5, NULL, '2021-03-13 23:36:54', NULL),
(1322, 452, 10, 104, 5, NULL, '2021-03-13 23:37:57', NULL),
(1323, 452, 12, 58, 5, NULL, '2021-03-13 23:37:57', NULL),
(1324, 452, 13, 71, 5, NULL, '2021-03-13 23:37:57', NULL),
(1325, 453, 10, 104, 5, NULL, '2021-03-13 23:38:40', NULL),
(1326, 453, 12, 59, 5, NULL, '2021-03-13 23:38:40', NULL),
(1327, 453, 13, 71, 5, NULL, '2021-03-13 23:38:40', NULL),
(1328, 454, 10, 104, 5, NULL, '2021-03-13 23:39:14', NULL),
(1329, 454, 12, 60, 5, NULL, '2021-03-13 23:39:14', NULL),
(1330, 454, 13, 71, 5, NULL, '2021-03-13 23:39:14', NULL),
(1331, 455, 10, 104, 5, NULL, '2021-03-13 23:39:50', NULL),
(1332, 455, 12, 61, 5, NULL, '2021-03-13 23:39:50', NULL),
(1333, 455, 13, 71, 5, NULL, '2021-03-13 23:39:50', NULL),
(1334, 456, 10, 104, 5, NULL, '2021-03-13 23:40:30', NULL),
(1335, 456, 12, 55, 5, NULL, '2021-03-13 23:40:30', NULL),
(1336, 456, 13, 72, 5, NULL, '2021-03-13 23:40:30', NULL),
(1337, 457, 10, 104, 5, NULL, '2021-03-13 23:41:05', NULL),
(1338, 457, 12, 56, 5, NULL, '2021-03-13 23:41:05', NULL),
(1339, 457, 13, 72, 5, NULL, '2021-03-13 23:41:05', NULL),
(1340, 458, 10, 104, 5, NULL, '2021-03-13 23:41:36', NULL),
(1341, 458, 12, 57, 5, NULL, '2021-03-13 23:41:36', NULL),
(1342, 458, 13, 72, 5, NULL, '2021-03-13 23:41:36', NULL),
(1343, 459, 10, 104, 5, NULL, '2021-03-13 23:42:02', NULL),
(1344, 459, 12, 58, 5, NULL, '2021-03-13 23:42:02', NULL),
(1345, 459, 13, 72, 5, NULL, '2021-03-13 23:42:02', NULL),
(1346, 460, 10, 104, 5, NULL, '2021-03-13 23:42:20', NULL),
(1347, 460, 12, 59, 5, NULL, '2021-03-13 23:42:20', NULL),
(1348, 460, 13, 72, 5, NULL, '2021-03-13 23:42:20', NULL),
(1349, 461, 10, 104, 5, NULL, '2021-03-13 23:43:26', NULL),
(1350, 461, 12, 60, 5, NULL, '2021-03-13 23:43:26', NULL),
(1351, 461, 13, 72, 5, NULL, '2021-03-13 23:43:26', NULL),
(1352, 462, 10, 104, 5, NULL, '2021-03-13 23:43:54', NULL),
(1353, 462, 12, 61, 5, NULL, '2021-03-13 23:43:54', NULL),
(1354, 462, 13, 72, 5, NULL, '2021-03-13 23:43:54', NULL),
(1355, 463, 12, 105, 5, NULL, '2021-03-13 23:44:39', NULL),
(1356, 463, 13, 80, 5, NULL, '2021-03-13 23:44:39', NULL),
(1357, 464, 12, 55, 5, NULL, '2021-03-13 23:45:07', NULL),
(1358, 464, 13, 72, 5, NULL, '2021-03-13 23:45:07', NULL),
(1359, 465, 12, 55, 5, NULL, '2021-03-13 23:46:44', NULL),
(1360, 465, 13, 71, 5, NULL, '2021-03-13 23:46:44', NULL),
(1361, 469, 10, 104, 5, NULL, '2021-03-13 23:49:42', NULL),
(1362, 469, 12, 55, 5, NULL, '2021-03-13 23:49:42', NULL),
(1363, 469, 13, 71, 5, NULL, '2021-03-13 23:49:42', NULL),
(1364, 470, 10, 53, 5, NULL, '2021-03-13 23:50:23', NULL),
(1365, 470, 12, 55, 5, NULL, '2021-03-13 23:50:23', NULL),
(1366, 470, 13, 71, 5, NULL, '2021-03-13 23:50:23', NULL),
(1381, 364, 11, 54, 5, NULL, '2021-03-14 22:00:25', NULL),
(1382, 364, 13, 80, 5, NULL, '2021-03-14 22:00:25', NULL),
(1383, 371, 11, 54, 5, NULL, '2021-03-14 22:00:56', NULL),
(1384, 371, 13, 79, 5, NULL, '2021-03-14 22:00:56', NULL),
(1385, 408, 12, 55, 5, NULL, '2021-03-14 22:02:03', NULL),
(1386, 408, 13, 69, 5, NULL, '2021-03-14 22:02:03', NULL),
(1387, 409, 12, 55, 5, NULL, '2021-03-14 22:02:44', NULL),
(1388, 409, 13, 70, 5, NULL, '2021-03-14 22:02:44', NULL),
(1389, 410, 12, 55, 5, NULL, '2021-03-14 22:03:11', NULL),
(1390, 410, 13, 71, 5, NULL, '2021-03-14 22:03:11', NULL),
(1391, 365, 12, 55, 5, NULL, '2021-03-14 22:03:42', NULL),
(1392, 365, 13, 92, 5, NULL, '2021-03-14 22:03:42', NULL),
(1393, 366, 12, 55, 5, NULL, '2021-03-14 22:04:03', NULL),
(1394, 366, 13, 93, 5, NULL, '2021-03-14 22:04:03', NULL),
(1395, 367, 12, 55, 5, NULL, '2021-03-14 22:04:31', NULL),
(1396, 367, 13, 94, 5, NULL, '2021-03-14 22:04:31', NULL),
(1397, 368, 12, 55, 5, NULL, '2021-03-14 22:05:04', NULL),
(1398, 368, 13, 95, 5, NULL, '2021-03-14 22:05:04', NULL),
(1405, 498, 12, 55, 5, NULL, '2021-03-14 22:11:57', NULL),
(1406, 498, 13, 78, 5, NULL, '2021-03-14 22:11:57', NULL),
(1407, 499, 12, 56, 5, NULL, '2021-03-14 22:12:14', NULL),
(1408, 499, 13, 78, 5, NULL, '2021-03-14 22:12:14', NULL),
(1409, 500, 12, 57, 5, NULL, '2021-03-14 22:12:34', NULL),
(1410, 500, 13, 78, 5, NULL, '2021-03-14 22:12:34', NULL),
(1411, 501, 12, 58, 5, NULL, '2021-03-14 22:12:53', NULL),
(1412, 501, 13, 78, 5, NULL, '2021-03-14 22:12:53', NULL),
(1413, 502, 12, 59, 5, NULL, '2021-03-14 22:13:36', NULL),
(1414, 502, 13, 78, 5, NULL, '2021-03-14 22:13:36', NULL),
(1417, 503, 12, 55, 5, NULL, '2021-03-14 22:15:06', NULL),
(1418, 503, 13, 78, 5, NULL, '2021-03-14 22:15:06', NULL),
(1421, 372, 11, 88, 5, NULL, '2021-03-14 22:16:30', NULL),
(1422, 372, 13, 79, 5, NULL, '2021-03-14 22:16:30', NULL),
(1423, 373, 12, 89, 5, NULL, '2021-03-14 22:17:54', NULL),
(1424, 374, 12, 90, 5, NULL, '2021-03-14 22:18:11', NULL),
(1425, 375, 12, 91, 5, NULL, '2021-03-14 22:18:33', NULL),
(1426, 466, 12, 55, 5, NULL, '2021-03-14 22:19:16', NULL),
(1427, 466, 13, 72, 5, NULL, '2021-03-14 22:19:16', NULL),
(1428, 466, 10, 104, 5, NULL, '2021-03-14 22:19:16', NULL),
(1429, 468, 10, 51, 5, NULL, '2021-03-14 22:19:36', NULL),
(1430, 468, 12, 55, 5, NULL, '2021-03-14 22:19:36', NULL),
(1431, 468, 13, 72, 5, NULL, '2021-03-14 22:19:36', NULL),
(1432, 471, 10, 51, 5, NULL, '2021-03-14 22:20:17', NULL),
(1433, 471, 12, 55, 5, NULL, '2021-03-14 22:20:17', NULL),
(1434, 471, 13, 71, 5, NULL, '2021-03-14 22:20:17', NULL),
(1435, 472, 10, 51, 5, NULL, '2021-03-14 22:20:47', NULL),
(1436, 472, 12, 55, 5, NULL, '2021-03-14 22:20:47', NULL),
(1437, 472, 13, 69, 5, NULL, '2021-03-14 22:20:47', NULL),
(1438, 473, 10, 53, 5, NULL, '2021-03-14 22:20:59', NULL),
(1439, 473, 12, 55, 5, NULL, '2021-03-14 22:20:59', NULL),
(1440, 473, 13, 69, 5, NULL, '2021-03-14 22:20:59', NULL),
(1441, 474, 10, 104, 5, NULL, '2021-03-14 22:21:15', NULL),
(1442, 474, 12, 55, 5, NULL, '2021-03-14 22:21:15', NULL),
(1443, 474, 13, 69, 5, NULL, '2021-03-14 22:21:15', NULL),
(1494, 505, 12, 55, 5, NULL, '2021-03-17 00:33:44', NULL),
(1495, 505, 13, 81, 5, NULL, '2021-03-17 00:33:44', NULL),
(1496, 505, 10, 52, 5, NULL, '2021-03-17 00:33:44', NULL),
(1497, 506, 12, 56, 5, NULL, '2021-03-17 00:34:20', NULL),
(1498, 506, 13, 81, 5, NULL, '2021-03-17 00:34:20', NULL),
(1499, 506, 10, 52, 5, NULL, '2021-03-17 00:34:20', NULL),
(1500, 507, 12, 57, 5, NULL, '2021-03-17 00:34:52', NULL),
(1501, 507, 13, 81, 5, NULL, '2021-03-17 00:34:52', NULL),
(1502, 507, 10, 52, 5, NULL, '2021-03-17 00:34:52', NULL),
(1503, 508, 12, 58, 5, NULL, '2021-03-17 00:35:50', NULL),
(1504, 508, 13, 81, 5, NULL, '2021-03-17 00:35:50', NULL),
(1505, 508, 10, 52, 5, NULL, '2021-03-17 00:35:50', NULL),
(1506, 509, 12, 59, 5, NULL, '2021-03-17 00:36:25', NULL),
(1507, 509, 13, 81, 5, NULL, '2021-03-17 00:36:25', NULL),
(1508, 509, 10, 52, 5, NULL, '2021-03-17 00:36:25', NULL),
(1511, 496, 12, 58, 5, NULL, '2021-03-17 00:52:34', NULL),
(1512, 496, 13, 99, 5, NULL, '2021-03-17 00:52:34', NULL),
(1513, 497, 12, 59, 5, NULL, '2021-03-17 00:53:01', NULL),
(1514, 497, 13, 99, 5, NULL, '2021-03-17 00:53:01', NULL),
(1515, 378, 12, 55, 5, NULL, '2021-03-17 00:53:39', NULL),
(1516, 378, 13, 101, 5, NULL, '2021-03-17 00:53:39', NULL),
(1517, 379, 12, 56, 5, NULL, '2021-03-17 00:54:06', NULL),
(1518, 379, 13, 101, 5, NULL, '2021-03-17 00:54:06', NULL),
(1519, 380, 12, 57, 5, NULL, '2021-03-17 00:54:36', NULL),
(1520, 380, 13, 101, 5, NULL, '2021-03-17 00:54:36', NULL),
(1521, 381, 12, 58, 5, NULL, '2021-03-17 00:55:42', NULL),
(1522, 381, 13, 101, 5, NULL, '2021-03-17 00:55:42', NULL),
(1523, 382, 12, 59, 5, NULL, '2021-03-17 00:56:13', NULL),
(1524, 382, 13, 101, 5, NULL, '2021-03-17 00:56:13', NULL),
(1525, 383, 12, 55, 5, NULL, '2021-03-17 00:57:18', NULL),
(1526, 383, 13, 98, 5, NULL, '2021-03-17 00:57:18', NULL),
(1527, 384, 12, 56, 5, NULL, '2021-03-17 00:57:52', NULL),
(1528, 384, 13, 98, 5, NULL, '2021-03-17 00:57:52', NULL),
(1529, 385, 12, 57, 5, NULL, '2021-03-17 00:58:16', NULL),
(1530, 385, 13, 98, 5, NULL, '2021-03-17 00:58:16', NULL),
(1531, 386, 12, 58, 5, NULL, '2021-03-17 00:58:37', NULL),
(1532, 386, 13, 98, 5, NULL, '2021-03-17 00:58:37', NULL),
(1533, 387, 12, 59, 5, NULL, '2021-03-17 00:59:17', NULL),
(1534, 387, 13, 98, 5, NULL, '2021-03-17 00:59:17', NULL),
(1535, 388, 12, 55, 5, NULL, '2021-03-17 00:59:48', NULL),
(1536, 388, 13, 97, 5, NULL, '2021-03-17 00:59:48', NULL),
(1537, 389, 12, 56, 5, NULL, '2021-03-17 01:00:31', NULL),
(1538, 389, 13, 97, 5, NULL, '2021-03-17 01:00:31', NULL),
(1539, 390, 12, 57, 5, NULL, '2021-03-17 01:01:00', NULL),
(1540, 390, 13, 97, 5, NULL, '2021-03-17 01:01:00', NULL),
(1541, 391, 12, 58, 5, NULL, '2021-03-17 01:01:24', NULL),
(1542, 391, 13, 97, 5, NULL, '2021-03-17 01:01:24', NULL),
(1543, 392, 12, 59, 5, NULL, '2021-03-17 01:02:07', NULL),
(1544, 392, 13, 97, 5, NULL, '2021-03-17 01:02:07', NULL),
(1545, 393, 12, 55, 5, NULL, '2021-03-17 01:03:05', NULL),
(1546, 393, 13, 96, 5, NULL, '2021-03-17 01:03:05', NULL),
(1547, 394, 12, 56, 5, NULL, '2021-03-17 01:03:42', NULL),
(1548, 394, 13, 96, 5, NULL, '2021-03-17 01:03:42', NULL),
(1549, 395, 12, 57, 5, NULL, '2021-03-17 01:04:18', NULL),
(1550, 395, 13, 96, 5, NULL, '2021-03-17 01:04:18', NULL),
(1551, 396, 12, 58, 5, NULL, '2021-03-17 01:05:16', NULL),
(1552, 396, 13, 96, 5, NULL, '2021-03-17 01:05:16', NULL),
(1553, 397, 12, 59, 5, NULL, '2021-03-17 01:05:36', NULL),
(1554, 397, 13, 96, 5, NULL, '2021-03-17 01:05:36', NULL),
(1555, 398, 12, 55, 5, NULL, '2021-03-17 01:06:10', NULL),
(1556, 398, 13, 95, 5, NULL, '2021-03-17 01:06:10', NULL),
(1557, 399, 12, 56, 5, NULL, '2021-03-17 01:06:36', NULL),
(1558, 399, 13, 95, 5, NULL, '2021-03-17 01:06:36', NULL),
(1559, 400, 12, 57, 5, NULL, '2021-03-17 01:07:12', NULL),
(1560, 400, 13, 95, 5, NULL, '2021-03-17 01:07:12', NULL),
(1561, 401, 12, 58, 5, NULL, '2021-03-17 01:08:11', NULL),
(1562, 401, 13, 95, 5, NULL, '2021-03-17 01:08:11', NULL),
(1563, 402, 12, 59, 5, NULL, '2021-03-17 01:08:51', NULL),
(1564, 402, 13, 95, 5, NULL, '2021-03-17 01:08:51', NULL),
(1565, 403, 12, 55, 5, NULL, '2021-03-17 01:09:31', NULL),
(1566, 403, 13, 92, 5, NULL, '2021-03-17 01:09:31', NULL),
(1569, 405, 12, 57, 5, NULL, '2021-03-17 01:10:20', NULL),
(1570, 405, 13, 92, 5, NULL, '2021-03-17 01:10:20', NULL),
(1571, 406, 12, 58, 5, NULL, '2021-03-17 01:10:53', NULL),
(1572, 406, 13, 92, 5, NULL, '2021-03-17 01:10:53', NULL),
(1573, 407, 12, 59, 5, NULL, '2021-03-17 01:11:14', NULL),
(1574, 407, 13, 92, 5, NULL, '2021-03-17 01:11:14', NULL),
(1575, 515, 13, 72, 5, NULL, '2021-03-20 20:34:55', NULL),
(1576, 515, 15, 111, 5, NULL, '2021-03-20 20:34:55', NULL),
(1577, 516, 12, 59, 5, NULL, '2021-03-20 20:37:42', NULL),
(1578, 516, 13, 72, 5, NULL, '2021-03-20 20:37:42', NULL),
(1579, 516, 10, 51, 5, NULL, '2021-03-20 20:37:42', NULL),
(1595, 517, 12, 55, 5, NULL, '2021-03-20 21:19:01', NULL),
(1596, 517, 13, 81, 5, NULL, '2021-03-20 21:19:01', NULL),
(1597, 518, 14, 103, 5, NULL, '2021-03-20 21:35:16', NULL),
(1598, 518, 15, 112, 5, NULL, '2021-03-20 21:35:16', NULL),
(1599, 518, 13, 74, 5, NULL, '2021-03-20 21:35:16', NULL),
(1600, 518, 10, 52, 5, NULL, '2021-03-20 21:35:16', NULL),
(1601, 519, 12, 61, 5, NULL, '2021-03-20 21:39:10', NULL),
(1602, 519, 13, 70, 5, NULL, '2021-03-20 21:39:10', NULL),
(1633, 530, 15, 113, 5, NULL, '2021-03-20 21:58:47', NULL),
(1634, 530, 13, 71, 5, NULL, '2021-03-20 21:58:47', NULL),
(1635, 531, 12, 56, 5, NULL, '2021-03-20 22:31:45', NULL),
(1636, 531, 13, 81, 5, NULL, '2021-03-20 22:31:45', NULL),
(1637, 532, 12, 57, 5, NULL, '2021-03-20 22:32:33', NULL),
(1638, 532, 13, 81, 5, NULL, '2021-03-20 22:32:33', NULL),
(1639, 533, 12, 58, 5, NULL, '2021-03-20 22:33:15', NULL),
(1640, 533, 13, 81, 5, NULL, '2021-03-20 22:33:15', NULL),
(1641, 534, 12, 59, 5, NULL, '2021-03-20 22:33:56', NULL),
(1642, 534, 13, 81, 5, NULL, '2021-03-20 22:33:56', NULL),
(1645, 535, 13, 73, 5, NULL, '2021-03-21 00:35:49', NULL),
(1646, 535, 10, 104, 5, NULL, '2021-03-21 00:35:49', NULL),
(1647, 536, 12, 114, 5, NULL, '2021-03-21 01:04:00', NULL),
(1648, 536, 13, 117, 5, NULL, '2021-03-21 01:04:00', NULL),
(1649, 537, 12, 115, 5, NULL, '2021-03-21 01:05:58', NULL),
(1650, 537, 13, 117, 5, NULL, '2021-03-21 01:05:58', NULL),
(1651, 538, 12, 116, 5, NULL, '2021-03-21 01:07:16', NULL),
(1652, 538, 13, 117, 5, NULL, '2021-03-21 01:07:16', NULL),
(1653, 539, 12, 55, 5, NULL, '2021-03-21 01:24:51', NULL),
(1654, 539, 13, 83, 5, NULL, '2021-03-21 01:24:51', NULL),
(1657, 540, 12, 55, 5, NULL, '2021-03-21 02:39:43', NULL),
(1658, 540, 13, 67, 5, NULL, '2021-03-21 02:39:43', NULL),
(1659, 541, 13, 69, 5, NULL, '2021-03-21 02:59:56', NULL),
(1660, 541, 10, 53, 5, NULL, '2021-03-21 02:59:56', NULL),
(1661, 541, 15, 118, 5, NULL, '2021-03-21 02:59:56', NULL),
(1665, 542, 15, 118, 5, NULL, '2021-03-21 17:46:01', NULL),
(1666, 542, 10, 53, 5, NULL, '2021-03-21 17:46:01', NULL),
(1667, 542, 13, 119, 5, NULL, '2021-03-21 17:46:01', NULL),
(1668, 520, 12, 55, 5, NULL, '2021-03-21 17:47:17', NULL),
(1669, 520, 13, 82, 5, NULL, '2021-03-21 17:47:17', NULL),
(1670, 520, 10, 104, 5, NULL, '2021-03-21 17:47:17', NULL),
(1671, 521, 12, 56, 5, NULL, '2021-03-21 17:48:08', NULL),
(1672, 521, 13, 82, 5, NULL, '2021-03-21 17:48:08', NULL),
(1673, 521, 10, 104, 5, NULL, '2021-03-21 17:48:08', NULL),
(1674, 522, 12, 57, 5, NULL, '2021-03-21 17:48:56', NULL),
(1675, 522, 13, 82, 5, NULL, '2021-03-21 17:48:56', NULL),
(1676, 522, 10, 104, 5, NULL, '2021-03-21 17:48:56', NULL),
(1677, 523, 12, 58, 5, NULL, '2021-03-21 17:49:26', NULL),
(1678, 523, 13, 82, 5, NULL, '2021-03-21 17:49:26', NULL),
(1679, 523, 10, 104, 5, NULL, '2021-03-21 17:49:26', NULL),
(1680, 524, 12, 59, 5, NULL, '2021-03-21 17:49:55', NULL),
(1681, 524, 13, 82, 5, NULL, '2021-03-21 17:49:55', NULL),
(1682, 524, 10, 104, 5, NULL, '2021-03-21 17:49:55', NULL),
(1683, 525, 12, 55, 5, NULL, '2021-03-21 17:50:26', NULL),
(1684, 525, 13, 82, 5, NULL, '2021-03-21 17:50:26', NULL),
(1685, 525, 10, 52, 5, NULL, '2021-03-21 17:50:26', NULL),
(1686, 526, 12, 56, 5, NULL, '2021-03-21 17:50:59', NULL),
(1687, 526, 13, 82, 5, NULL, '2021-03-21 17:50:59', NULL),
(1688, 526, 10, 52, 5, NULL, '2021-03-21 17:50:59', NULL),
(1689, 527, 12, 57, 5, NULL, '2021-03-21 17:51:25', NULL),
(1690, 527, 13, 82, 5, NULL, '2021-03-21 17:51:25', NULL),
(1691, 527, 10, 52, 5, NULL, '2021-03-21 17:51:25', NULL),
(1692, 528, 12, 58, 5, NULL, '2021-03-21 17:51:54', NULL),
(1693, 528, 13, 82, 5, NULL, '2021-03-21 17:51:54', NULL),
(1694, 528, 10, 52, 5, NULL, '2021-03-21 17:51:54', NULL),
(1695, 529, 12, 59, 5, NULL, '2021-03-21 17:52:17', NULL),
(1696, 529, 13, 82, 5, NULL, '2021-03-21 17:52:17', NULL),
(1697, 529, 10, 52, 5, NULL, '2021-03-21 17:52:17', NULL),
(1698, 510, 12, 55, 5, NULL, '2021-03-21 17:55:48', NULL),
(1699, 510, 13, 81, 5, NULL, '2021-03-21 17:55:48', NULL),
(1700, 510, 10, 104, 5, NULL, '2021-03-21 17:55:48', NULL),
(1701, 511, 12, 56, 5, NULL, '2021-03-21 17:56:25', NULL),
(1702, 511, 13, 81, 5, NULL, '2021-03-21 17:56:25', NULL),
(1703, 511, 10, 104, 5, NULL, '2021-03-21 17:56:25', NULL),
(1704, 512, 12, 57, 5, NULL, '2021-03-21 17:56:47', NULL),
(1705, 512, 13, 81, 5, NULL, '2021-03-21 17:56:47', NULL),
(1706, 512, 10, 104, 5, NULL, '2021-03-21 17:56:47', NULL),
(1707, 513, 12, 58, 5, NULL, '2021-03-21 17:57:07', NULL),
(1708, 513, 13, 81, 5, NULL, '2021-03-21 17:57:07', NULL),
(1709, 513, 10, 104, 5, NULL, '2021-03-21 17:57:07', NULL),
(1710, 514, 12, 59, 5, NULL, '2021-03-21 17:57:33', NULL),
(1711, 514, 13, 81, 5, NULL, '2021-03-21 17:57:33', NULL),
(1712, 514, 10, 104, 5, NULL, '2021-03-21 17:57:33', NULL),
(1713, 543, 12, 55, 5, NULL, '2021-03-21 18:09:48', NULL),
(1714, 543, 13, 83, 5, NULL, '2021-03-21 18:09:48', NULL),
(1715, 543, 10, 52, 5, NULL, '2021-03-21 18:09:48', NULL),
(1716, 544, 12, 56, 5, NULL, '2021-03-21 18:10:46', NULL),
(1717, 544, 13, 83, 5, NULL, '2021-03-21 18:10:46', NULL),
(1718, 544, 10, 52, 5, NULL, '2021-03-21 18:10:46', NULL),
(1719, 545, 12, 57, 5, NULL, '2021-03-21 18:12:03', NULL),
(1720, 545, 13, 83, 5, NULL, '2021-03-21 18:12:03', NULL),
(1721, 545, 10, 52, 5, NULL, '2021-03-21 18:12:03', NULL),
(1722, 546, 12, 58, 5, NULL, '2021-03-21 18:13:40', NULL),
(1723, 546, 13, 83, 5, NULL, '2021-03-21 18:13:40', NULL),
(1724, 546, 10, 52, 5, NULL, '2021-03-21 18:13:40', NULL),
(1725, 547, 12, 59, 5, NULL, '2021-03-21 18:14:56', NULL),
(1726, 547, 13, 83, 5, NULL, '2021-03-21 18:14:56', NULL),
(1727, 547, 10, 52, 5, NULL, '2021-03-21 18:14:56', NULL),
(1728, 444, 10, 53, 5, NULL, '2021-03-21 20:05:31', NULL),
(1729, 444, 12, 57, 5, NULL, '2021-03-21 20:05:31', NULL),
(1730, 444, 13, 71, 5, NULL, '2021-03-21 20:05:31', NULL),
(1733, 349, 12, 55, 5, NULL, '2021-03-21 22:16:45', NULL),
(1734, 349, 13, 70, 5, NULL, '2021-03-21 22:16:45', NULL),
(1735, 494, 12, 59, 5, NULL, '2021-03-21 22:25:07', NULL),
(1736, 494, 13, 63, 5, NULL, '2021-03-21 22:25:07', NULL),
(1737, 404, 12, 56, 5, NULL, '2021-03-21 22:37:19', NULL),
(1738, 404, 13, 92, 5, NULL, '2021-03-21 22:37:19', NULL),
(1739, 333, 12, 59, 5, NULL, '2021-03-21 22:45:41', NULL),
(1740, 333, 13, 94, 5, NULL, '2021-03-21 22:45:41', NULL),
(1741, 495, 12, 58, 5, NULL, '2021-03-22 17:58:37', NULL),
(1742, 495, 13, 100, 5, NULL, '2021-03-22 17:58:37', NULL),
(1743, 376, 10, 53, 5, NULL, '2021-03-22 17:59:33', NULL),
(1744, 376, 13, 73, 5, NULL, '2021-03-22 17:59:33', NULL),
(1745, 377, 10, 53, 5, NULL, '2021-03-22 18:00:16', NULL),
(1746, 377, 13, 74, 5, NULL, '2021-03-22 18:00:16', NULL),
(1749, 320, 12, 56, 5, NULL, '2021-03-22 23:04:50', NULL),
(1750, 320, 13, 92, 5, NULL, '2021-03-22 23:04:50', NULL),
(1751, 321, 12, 57, 5, NULL, '2021-03-22 23:05:14', NULL),
(1752, 321, 13, 92, 5, NULL, '2021-03-22 23:05:14', NULL),
(1753, 322, 12, 58, 5, NULL, '2021-03-22 23:05:51', NULL),
(1754, 322, 13, 92, 5, NULL, '2021-03-22 23:05:51', NULL),
(1755, 323, 12, 59, 5, NULL, '2021-03-22 23:06:32', NULL),
(1756, 323, 13, 92, 5, NULL, '2021-03-22 23:06:32', NULL),
(1757, 324, 12, 55, 5, NULL, '2021-03-22 23:07:27', NULL),
(1758, 324, 13, 93, 5, NULL, '2021-03-22 23:07:27', NULL),
(1759, 325, 12, 56, 5, NULL, '2021-03-22 23:07:48', NULL),
(1760, 325, 13, 93, 5, NULL, '2021-03-22 23:07:48', NULL),
(1761, 326, 12, 57, 5, NULL, '2021-03-22 23:08:11', NULL),
(1762, 326, 13, 93, 5, NULL, '2021-03-22 23:08:11', NULL),
(1763, 327, 12, 58, 5, NULL, '2021-03-22 23:08:37', NULL),
(1764, 327, 13, 93, 5, NULL, '2021-03-22 23:08:37', NULL),
(1765, 328, 12, 59, 5, NULL, '2021-03-22 23:09:00', NULL),
(1766, 328, 13, 93, 5, NULL, '2021-03-22 23:09:00', NULL),
(1767, 504, 12, 56, 5, NULL, '2021-03-23 21:51:10', NULL),
(1768, 504, 13, 78, 5, NULL, '2021-03-23 21:51:10', NULL),
(1769, 548, 12, 57, 5, NULL, '2021-03-23 21:53:19', NULL),
(1770, 548, 13, 78, 5, NULL, '2021-03-23 21:53:19', NULL),
(1771, 319, 12, 55, 5, NULL, '2021-03-30 00:44:12', NULL),
(1772, 319, 13, 92, 5, NULL, '2021-03-30 00:44:12', NULL);

-- --------------------------------------------------------

--
-- Table structure for table `product_variation_values`
--

CREATE TABLE `product_variation_values` (
  `id` bigint(20) UNSIGNED NOT NULL,
  `product_variation_id` bigint(20) UNSIGNED NOT NULL,
  `name` varchar(255) COLLATE utf8_unicode_ci NOT NULL,
  `status` tinyint(4) DEFAULT NULL,
  `created_by` bigint(20) UNSIGNED DEFAULT NULL,
  `updated_by` bigint(20) UNSIGNED DEFAULT NULL,
  `created_at` timestamp NULL DEFAULT NULL,
  `updated_at` timestamp NULL DEFAULT NULL
) ENGINE=InnoDB DEFAULT CHARSET=utf8 COLLATE=utf8_unicode_ci;

--
-- Dumping data for table `product_variation_values`
--

INSERT INTO `product_variation_values` (`id`, `product_variation_id`, `name`, `status`, `created_by`, `updated_by`, `created_at`, `updated_at`) VALUES
(51, 10, 'Red', NULL, 1, 5, '2021-01-21 04:40:47', '2021-03-08 19:40:40'),
(52, 10, 'White', NULL, 1, 5, '2021-01-21 04:40:47', '2021-03-08 19:40:40'),
(53, 10, 'Blue', NULL, 5, 5, '2021-03-08 19:40:40', '2021-03-10 00:20:28'),
(54, 11, '1075', NULL, 5, 5, '2021-03-08 19:43:16', '2021-03-08 22:58:45'),
(55, 12, '6 Feet', NULL, 5, 5, '2021-03-08 19:44:29', '2021-03-08 19:47:22'),
(56, 12, '7 Feet', NULL, 5, 5, '2021-03-08 19:44:29', '2021-03-08 19:47:22'),
(57, 12, '8 Feet', NULL, 5, 5, '2021-03-08 19:44:29', '2021-03-08 19:47:22'),
(58, 12, '9 Feet', NULL, 5, 5, '2021-03-08 19:44:29', '2021-03-08 19:47:22'),
(59, 12, '10 Feet', NULL, 5, 5, '2021-03-08 19:44:29', '2021-03-08 19:47:22'),
(60, 12, '11 Feet', NULL, 5, 5, '2021-03-08 19:44:29', '2021-03-08 19:47:22'),
(61, 12, '12 Feet', NULL, 5, 5, '2021-03-08 19:44:29', '2021-03-08 19:47:22'),
(62, 13, '.12 mm', NULL, 5, 5, '2021-03-08 19:47:45', '2021-03-09 01:33:34'),
(63, 13, '.13 mm', NULL, 5, 5, '2021-03-08 19:47:45', '2021-03-09 01:33:34'),
(64, 13, '.16 mm', NULL, 5, 5, '2021-03-08 19:52:47', '2021-03-09 01:33:34'),
(65, 13, '.17 mm', NULL, 5, 5, '2021-03-08 19:52:47', '2021-03-09 01:33:34'),
(66, 13, '.19 mm', NULL, 5, 5, '2021-03-08 19:52:47', '2021-03-09 01:33:34'),
(67, 13, '.22 mm', NULL, 5, 5, '2021-03-08 19:52:47', '2021-03-09 01:33:34'),
(68, 13, '.26 mm', NULL, 5, 5, '2021-03-08 19:52:47', '2021-03-09 01:33:34'),
(69, 13, '.32 mm', NULL, 5, 5, '2021-03-08 19:52:47', '2021-03-09 01:33:34'),
(70, 13, '.34 mm', NULL, 5, 5, '2021-03-08 19:52:47', '2021-03-09 01:33:34'),
(71, 13, '.42 mm', NULL, 5, 5, '2021-03-08 19:52:47', '2021-03-09 01:33:34'),
(72, 13, '.46 mm', NULL, 5, 5, '2021-03-08 19:52:47', '2021-03-09 01:33:34'),
(73, 13, '.47 mm', NULL, 5, 5, '2021-03-08 19:52:47', '2021-03-09 01:33:34'),
(74, 13, '.50 mm', NULL, 5, 5, '2021-03-08 19:52:47', '2021-03-09 01:33:34'),
(75, 13, '.51 mm', NULL, 5, 5, '2021-03-08 19:52:47', '2021-03-09 01:33:34'),
(76, 13, '.14 mm', NULL, 5, 5, '2021-03-08 19:53:53', '2021-03-09 01:33:34'),
(77, 13, '.21 mm', NULL, 5, 5, '2021-03-08 19:53:53', '2021-03-09 01:33:34'),
(78, 13, '4 mm', NULL, 5, 5, '2021-03-08 22:48:23', '2021-03-09 01:33:34'),
(79, 13, '5 mm', NULL, 5, 5, '2021-03-08 22:48:23', '2021-03-09 01:33:34'),
(80, 13, '6 mm', NULL, 5, 5, '2021-03-08 22:48:23', '2021-03-09 01:33:34'),
(81, 13, '1.5 mm', NULL, 5, 5, '2021-03-08 22:48:23', '2021-03-09 01:33:34'),
(82, 13, '2 mm', NULL, 5, 5, '2021-03-08 22:48:23', '2021-03-09 01:33:34'),
(83, 13, '3 mm', NULL, 5, 5, '2021-03-08 22:48:23', '2021-03-09 01:33:34'),
(84, 13, '1.5 mm (All)', NULL, 5, 5, '2021-03-08 22:48:23', '2021-03-09 01:33:34'),
(85, 13, '2 mm (All)', NULL, 5, 5, '2021-03-08 22:48:23', '2021-03-09 01:33:34'),
(86, 13, '3 mm (All)', NULL, 5, 5, '2021-03-08 22:48:23', '2021-03-09 01:33:34'),
(87, 11, '1076', NULL, 5, 5, '2021-03-08 22:58:45', '2021-03-08 22:59:14'),
(88, 11, '512', NULL, 5, NULL, '2021-03-08 22:59:14', NULL),
(89, 12, 'Big', NULL, 5, 5, '2021-03-08 23:04:35', '2021-03-10 01:00:44'),
(90, 12, 'Medium', NULL, 5, 5, '2021-03-08 23:04:35', '2021-03-10 01:00:44'),
(91, 12, 'Small', NULL, 5, 5, '2021-03-08 23:04:35', '2021-03-10 01:00:44'),
(92, 13, '.510 mm', NULL, 5, 5, '2021-03-09 01:33:34', '2021-03-09 01:50:39'),
(93, 13, '.420 mm', NULL, 5, 5, '2021-03-09 01:33:34', '2021-03-09 01:50:39'),
(94, 13, '.340 mm', NULL, 5, 5, '2021-03-09 01:33:34', '2021-03-09 01:50:39'),
(95, 13, '.320 mm', NULL, 5, 5, '2021-03-09 01:33:34', '2021-03-09 01:50:39'),
(96, 13, '.220 mm', NULL, 5, 5, '2021-03-09 01:33:34', '2021-03-09 01:50:39'),
(97, 13, '.190 mm', NULL, 5, 5, '2021-03-09 01:33:34', '2021-03-09 01:50:39'),
(98, 13, '.170 mm', NULL, 5, 5, '2021-03-09 01:33:34', '2021-03-09 01:50:39'),
(99, 13, '.140 mm', NULL, 5, 5, '2021-03-09 01:33:34', '2021-03-09 01:50:39'),
(100, 13, '.130 mm', NULL, 5, 5, '2021-03-09 01:33:34', '2021-03-09 01:50:39'),
(101, 13, '.120 mm', NULL, 5, 5, '2021-03-09 01:33:34', '2021-03-09 01:50:39'),
(102, 13, '.210 mm', NULL, 5, 5, '2021-03-09 01:50:39', '2021-03-21 01:03:46'),
(103, 14, 'Feet', NULL, 5, 5, '2021-03-10 00:15:51', '2021-03-10 01:24:30'),
(104, 10, 'Green', NULL, 5, NULL, '2021-03-10 00:20:28', NULL),
(105, 12, '4 Feet', NULL, 5, 5, '2021-03-10 01:00:44', '2021-03-20 20:26:53'),
(106, 12, '6 feet 9 inch', NULL, 5, 5, '2021-03-20 20:26:53', '2021-03-20 20:27:23'),
(107, 12, '12 feet 9 inch', NULL, 5, 5, '2021-03-20 20:27:23', '2021-03-21 01:01:41'),
(108, 15, '12 inch', NULL, 5, 5, '2021-03-20 20:29:48', '2021-03-20 20:33:01'),
(109, 15, '13 inch', NULL, 5, 5, '2021-03-20 20:33:01', '2021-03-20 21:33:59'),
(110, 15, '19.5 inch', NULL, 5, 5, '2021-03-20 20:33:01', '2021-03-20 21:33:59'),
(111, 15, '38 inch', NULL, 5, 5, '2021-03-20 20:33:01', '2021-03-20 21:33:59'),
(112, 15, '36 inch', NULL, 5, 5, '2021-03-20 21:33:59', '2021-03-20 21:57:38'),
(113, 15, '30 inch', NULL, 5, 5, '2021-03-20 21:57:38', '2021-03-21 02:58:43'),
(114, 12, '1 inch', NULL, 5, NULL, '2021-03-21 01:01:41', NULL),
(115, 12, '1.5 inch', NULL, 5, NULL, '2021-03-21 01:01:41', NULL),
(116, 12, '2 inch', NULL, 5, NULL, '2021-03-21 01:01:41', NULL),
(117, 13, '5.5 mm', NULL, 5, 5, '2021-03-21 01:03:46', '2021-03-21 02:59:24'),
(118, 15, '24 inch', NULL, 5, NULL, '2021-03-21 02:58:43', NULL),
(119, 13, '30 mm', NULL, 5, NULL, '2021-03-21 02:59:24', NULL);

-- --------------------------------------------------------

--
-- Table structure for table `purchase_return`
--

CREATE TABLE `purchase_return` (
  `id` bigint(20) UNSIGNED NOT NULL,
  `bill_id` bigint(20) UNSIGNED NOT NULL,
  `purchase_return_number` text COLLATE utf8mb4_unicode_ci NOT NULL,
  `purchase_return_date` date NOT NULL,
  `customer_id` bigint(20) UNSIGNED NOT NULL,
  `sub_total_amount` double NOT NULL,
  `return_amount` double NOT NULL,
  `due_amount` double NOT NULL,
  `total_tax` double DEFAULT NULL,
  `tax_type` tinyint(4) DEFAULT NULL COMMENT '0= % 1= BDT',
  `vat_type` tinyint(4) DEFAULT NULL COMMENT '0= % 1= BDT',
  `total_vat` double DEFAULT NULL,
  `return_note` text COLLATE utf8mb4_unicode_ci DEFAULT NULL,
  `branch_id` bigint(20) UNSIGNED DEFAULT NULL,
  `total_discount_type` tinyint(4) DEFAULT NULL,
  `total_discount_amount` double DEFAULT NULL,
  `created_by` bigint(20) UNSIGNED DEFAULT NULL,
  `updated_by` bigint(20) UNSIGNED DEFAULT NULL,
  `created_at` timestamp NULL DEFAULT NULL,
  `updated_at` timestamp NULL DEFAULT NULL
) ENGINE=InnoDB DEFAULT CHARSET=utf8mb4 COLLATE=utf8mb4_unicode_ci;

-- --------------------------------------------------------

--
-- Table structure for table `purchase_return_entries`
--

CREATE TABLE `purchase_return_entries` (
  `id` bigint(20) UNSIGNED NOT NULL,
  `purchase_return_id` bigint(20) UNSIGNED NOT NULL,
  `bill_id` bigint(20) UNSIGNED NOT NULL,
  `product_id` bigint(20) UNSIGNED NOT NULL,
  `product_entry_id` bigint(20) UNSIGNED NOT NULL,
  `customer_id` bigint(20) UNSIGNED NOT NULL,
  `rate` double NOT NULL,
  `quantity` double NOT NULL DEFAULT 1,
  `total_amount` double NOT NULL,
  `branch_id` bigint(20) UNSIGNED DEFAULT NULL,
  `created_by` bigint(20) UNSIGNED DEFAULT NULL,
  `updated_by` bigint(20) UNSIGNED DEFAULT NULL,
  `created_at` timestamp NULL DEFAULT NULL,
  `updated_at` timestamp NULL DEFAULT NULL
) ENGINE=InnoDB DEFAULT CHARSET=utf8mb4 COLLATE=utf8mb4_unicode_ci;

-- --------------------------------------------------------

--
-- Table structure for table `sales_return`
--

CREATE TABLE `sales_return` (
  `id` bigint(20) UNSIGNED NOT NULL,
  `invoice_id` bigint(20) UNSIGNED NOT NULL,
  `sales_return_number` text COLLATE utf8mb4_unicode_ci NOT NULL,
  `sales_return_date` date NOT NULL,
  `customer_id` bigint(20) UNSIGNED NOT NULL,
  `sub_total_amount` double NOT NULL,
  `return_amount` double NOT NULL,
  `due_amount` double NOT NULL,
  `total_tax` double DEFAULT NULL,
  `tax_type` tinyint(4) DEFAULT NULL COMMENT '0= % 1= BDT',
  `vat_type` tinyint(4) DEFAULT NULL COMMENT '0= % 1= BDT',
  `total_vat` double DEFAULT NULL,
  `return_note` text COLLATE utf8mb4_unicode_ci DEFAULT NULL,
  `branch_id` bigint(20) UNSIGNED DEFAULT NULL,
  `total_discount_type` tinyint(4) DEFAULT NULL,
  `total_discount_amount` double DEFAULT NULL,
  `created_by` bigint(20) UNSIGNED DEFAULT NULL,
  `updated_by` bigint(20) UNSIGNED DEFAULT NULL,
  `created_at` timestamp NULL DEFAULT NULL,
  `updated_at` timestamp NULL DEFAULT NULL
) ENGINE=InnoDB DEFAULT CHARSET=utf8mb4 COLLATE=utf8mb4_unicode_ci;

-- --------------------------------------------------------

--
-- Table structure for table `sales_return_entries`
--

CREATE TABLE `sales_return_entries` (
  `id` bigint(20) UNSIGNED NOT NULL,
  `sales_return_id` bigint(20) UNSIGNED NOT NULL,
  `invoice_id` bigint(20) UNSIGNED NOT NULL,
  `product_id` bigint(20) UNSIGNED NOT NULL,
  `product_entry_id` bigint(20) UNSIGNED NOT NULL,
  `customer_id` bigint(20) UNSIGNED NOT NULL,
  `buy_price` double NOT NULL,
  `rate` double NOT NULL,
  `quantity` double NOT NULL DEFAULT 1,
  `total_amount` double NOT NULL,
  `branch_id` bigint(20) UNSIGNED DEFAULT NULL,
  `created_by` bigint(20) UNSIGNED DEFAULT NULL,
  `updated_by` bigint(20) UNSIGNED DEFAULT NULL,
  `created_at` timestamp NULL DEFAULT NULL,
  `updated_at` timestamp NULL DEFAULT NULL
) ENGINE=InnoDB DEFAULT CHARSET=utf8mb4 COLLATE=utf8mb4_unicode_ci;

-- --------------------------------------------------------

--
-- Table structure for table `sub_categories`
--

CREATE TABLE `sub_categories` (
  `id` bigint(20) UNSIGNED NOT NULL,
  `category_id` bigint(20) UNSIGNED NOT NULL,
  `name` varchar(255) COLLATE utf8mb4_unicode_ci NOT NULL,
  `status` tinyint(4) NOT NULL COMMENT '1=active 0=inactive',
  `branch_id` bigint(20) UNSIGNED DEFAULT NULL,
  `created_by` bigint(20) UNSIGNED DEFAULT NULL,
  `updated_by` bigint(20) UNSIGNED DEFAULT NULL,
  `created_at` timestamp NULL DEFAULT NULL,
  `updated_at` timestamp NULL DEFAULT NULL
) ENGINE=InnoDB DEFAULT CHARSET=utf8mb4 COLLATE=utf8mb4_unicode_ci;

-- --------------------------------------------------------

--
-- Table structure for table `transactions`
--

CREATE TABLE `transactions` (
  `id` bigint(20) UNSIGNED NOT NULL,
  `transaction_date` date NOT NULL,
  `invoice_id` bigint(20) UNSIGNED DEFAULT NULL,
  `bill_id` bigint(20) UNSIGNED DEFAULT NULL,
  `sales_return_id` bigint(20) UNSIGNED DEFAULT NULL,
  `purchase_return_id` bigint(20) UNSIGNED DEFAULT NULL,
  `expense_id` bigint(20) UNSIGNED DEFAULT NULL,
  `income_id` bigint(20) UNSIGNED DEFAULT NULL,
  `payment_id` bigint(20) UNSIGNED DEFAULT NULL,
  `customer_id` bigint(20) UNSIGNED DEFAULT NULL,
  `amount` double NOT NULL,
  `paid_through` bigint(20) UNSIGNED NOT NULL,
  `type` tinyint(4) NOT NULL,
  `note` text COLLATE utf8mb4_unicode_ci DEFAULT NULL,
  `branch_id` bigint(20) UNSIGNED DEFAULT NULL,
  `created_by` bigint(20) UNSIGNED DEFAULT NULL,
  `updated_by` bigint(20) UNSIGNED DEFAULT NULL,
  `created_at` timestamp NULL DEFAULT NULL,
  `updated_at` timestamp NULL DEFAULT NULL
) ENGINE=InnoDB DEFAULT CHARSET=utf8mb4 COLLATE=utf8mb4_unicode_ci;

-- --------------------------------------------------------

--
-- Table structure for table `units`
--

CREATE TABLE `units` (
  `id` bigint(20) UNSIGNED NOT NULL,
  `name` varchar(255) COLLATE utf8mb4_unicode_ci NOT NULL,
  `branch_id` bigint(20) UNSIGNED DEFAULT NULL,
  `created_by` bigint(20) UNSIGNED DEFAULT NULL,
  `updated_by` bigint(20) UNSIGNED DEFAULT NULL,
  `created_at` timestamp NULL DEFAULT NULL,
  `updated_at` timestamp NULL DEFAULT NULL
) ENGINE=InnoDB DEFAULT CHARSET=utf8mb4 COLLATE=utf8mb4_unicode_ci;

--
-- Dumping data for table `units`
--

INSERT INTO `units` (`id`, `name`, `branch_id`, `created_by`, `updated_by`, `created_at`, `updated_at`) VALUES
(1, 'Pcs', NULL, 1, 1, '2021-01-03 07:40:36', '2021-02-18 08:08:51'),
(6, 'Ton', NULL, 1, NULL, '2021-02-18 08:08:41', '2021-02-18 08:08:41'),
(7, 'Kg', NULL, 1, NULL, '2021-02-18 08:08:57', '2021-02-18 08:08:57'),
(8, 'Ban', NULL, 1, 5, '2021-02-18 08:09:13', '2021-03-12 22:57:25'),
(9, 'Feet', NULL, 1, NULL, '2021-02-18 08:09:21', '2021-02-18 08:09:21'),
(10, 'SFT', NULL, 1, NULL, '2021-02-18 08:09:28', '2021-02-18 08:09:28'),
(11, 'Cartoon', NULL, 1, NULL, '2021-02-18 08:09:36', '2021-02-18 08:09:36'),
(12, 'Inch', NULL, 1, NULL, '2021-02-18 08:09:46', '2021-02-18 08:09:46'),
(13, 'RFT', NULL, 5, NULL, '2021-03-20 20:36:00', '2021-03-20 20:36:00');

-- --------------------------------------------------------

--
-- Table structure for table `unit_conversions`
--

CREATE TABLE `unit_conversions` (
  `id` bigint(20) UNSIGNED NOT NULL,
  `product_entry_id` bigint(20) UNSIGNED NOT NULL,
  `main_unit_id` bigint(20) UNSIGNED NOT NULL,
  `converted_unit_id` bigint(20) UNSIGNED NOT NULL,
  `conversion_rate` double NOT NULL,
  `purchase_price` double DEFAULT NULL,
  `sell_price` double DEFAULT NULL,
  `created_by` bigint(20) UNSIGNED DEFAULT NULL,
  `updated_by` bigint(20) UNSIGNED DEFAULT NULL,
  `created_at` timestamp NULL DEFAULT NULL,
  `updated-at` timestamp NULL DEFAULT NULL
) ENGINE=InnoDB DEFAULT CHARSET=utf8 COLLATE=utf8_unicode_ci;

--
-- Dumping data for table `unit_conversions`
--

INSERT INTO `unit_conversions` (`id`, `product_entry_id`, `main_unit_id`, `converted_unit_id`, `conversion_rate`, `purchase_price`, `sell_price`, `created_by`, `updated_by`, `created_at`, `updated-at`) VALUES
(33, 42, 4, 2, 50, 500, 600, 1, NULL, '2021-03-27 10:58:39', NULL),
(34, 42, 4, 1, 150, 10, 12, 1, NULL, '2021-03-27 10:58:39', NULL),
(35, 89, 1, 4, 0.01, 10000, 15000, 1, NULL, '2021-03-27 11:01:08', NULL),
(36, 90, 2, 1, 30, 3, 3.33, 1, NULL, '2021-03-27 11:02:47', NULL);

-- --------------------------------------------------------

--
-- Table structure for table `urls`
--

CREATE TABLE `urls` (
  `id` bigint(20) UNSIGNED NOT NULL,
  `name` text COLLATE utf8mb4_unicode_ci NOT NULL,
  `url` text COLLATE utf8mb4_unicode_ci NOT NULL,
  `module_id` bigint(20) UNSIGNED NOT NULL,
  `created_by` bigint(20) UNSIGNED DEFAULT NULL,
  `updated_by` bigint(20) UNSIGNED DEFAULT NULL,
  `created_at` timestamp NULL DEFAULT NULL,
  `updated_at` timestamp NULL DEFAULT NULL
) ENGINE=InnoDB DEFAULT CHARSET=utf8mb4 COLLATE=utf8mb4_unicode_ci;

--
-- Dumping data for table `urls`
--

INSERT INTO `urls` (`id`, `name`, `url`, `module_id`, `created_by`, `updated_by`, `created_at`, `updated_at`) VALUES
(85, 'Product Categories Create', 'products_category_index', 1, 1, 0, '2020-11-05 01:49:29', '0000-00-00 00:00:00'),
(86, 'Product Categories Store', 'products_category_store', 1, 1, 0, '2020-11-05 01:49:29', '0000-00-00 00:00:00'),
(87, 'Product Categories Edit', 'products_category_edit', 1, 1, 0, '2020-11-05 01:49:29', '0000-00-00 00:00:00'),
(88, 'Product Categories Update', 'products_category_update', 1, 1, 0, '2020-11-05 01:49:29', '0000-00-00 00:00:00'),
(89, 'Product Create', 'products_index', 2, 1, 0, '2020-11-05 01:49:29', '0000-00-00 00:00:00'),
(90, 'Product Store', 'products_store', 2, 1, 0, '2020-11-05 01:49:29', '0000-00-00 00:00:00'),
(91, 'Product Edit', 'products_edit', 2, 1, 0, '2020-11-05 01:49:29', '0000-00-00 00:00:00'),
(92, 'Product Update', 'products_update', 2, 1, 0, '2020-11-05 01:49:29', '0000-00-00 00:00:00'),
(93, 'All Orders', 'invoices_all_sales', 3, 1, 0, '2020-11-05 01:49:29', '0000-00-00 00:00:00'),
(94, 'Order Create', 'invoices_index', 3, 1, 0, '2020-11-05 01:49:29', '0000-00-00 00:00:00'),
(95, 'Order Store', 'invoices_store', 3, 1, 0, '2020-11-05 01:49:29', '0000-00-00 00:00:00'),
(96, 'Order Edit', 'invoices_edit', 3, 1, 0, '2020-11-05 01:49:29', '0000-00-00 00:00:00'),
(97, 'Order Update', 'invoices_update', 3, 1, 0, '2020-11-05 01:49:29', '0000-00-00 00:00:00'),
(98, 'Order Show A4 Size', 'invoices_show', 3, 1, 0, '2020-11-05 01:49:29', '0000-00-00 00:00:00'),
(99, 'Order Show Pos Printer', 'invoices_show_pos', 3, 1, 0, '2020-11-05 01:49:29', '0000-00-00 00:00:00'),
(100, 'All Purchases', 'bills_all_bills', 4, 1, 0, '2020-11-05 01:49:29', '0000-00-00 00:00:00'),
(101, 'Purchase Create', 'bills_index', 4, 1, 0, '2020-11-05 01:49:29', '0000-00-00 00:00:00'),
(102, 'Purchase Store', 'bills_edit', 4, 1, 0, '2020-11-05 01:49:29', '0000-00-00 00:00:00'),
(103, 'Purchase Edit', 'bills_store', 4, 1, 0, '2020-11-05 01:49:29', '0000-00-00 00:00:00'),
(104, 'Purchase Update', 'bills_update', 4, 1, 0, '2020-11-05 01:49:29', '0000-00-00 00:00:00'),
(105, 'Purchase Show', 'bills_show', 4, 1, 0, '2020-11-05 01:49:29', '0000-00-00 00:00:00'),
(106, 'Sales Return Create', 'sales_return_index', 5, 1, 0, '2020-11-05 01:49:29', '0000-00-00 00:00:00'),
(107, 'Sales Return Store', 'sales_return_store', 5, 1, 0, '2020-11-05 01:49:29', '0000-00-00 00:00:00'),
(108, 'Sales Return Show', 'sales_return_show', 5, 1, 0, '2020-11-05 01:49:29', '0000-00-00 00:00:00'),
(109, 'Sales Return Delete', 'sales_return_delete', 5, 1, 0, '2020-11-05 01:49:29', '0000-00-00 00:00:00'),
(110, 'Purchase Return Create', 'purchase_return_index', 6, 1, 0, '2020-11-05 01:49:29', '0000-00-00 00:00:00'),
(111, 'Purchase Return Store', 'purchase_return_store', 6, 1, 0, '2020-11-05 01:49:29', '0000-00-00 00:00:00'),
(112, 'Purchase Return Show', 'purchase_return_show', 6, 1, 0, '2020-11-05 01:49:29', '0000-00-00 00:00:00'),
(113, 'Purchase Return Delete', 'purchase_return_delete', 6, 1, 0, '2020-11-05 01:49:29', '0000-00-00 00:00:00'),
(114, 'Expense Categories Store', 'expenses_categories_store', 7, 1, 0, '2020-11-05 01:49:29', '0000-00-00 00:00:00'),
(115, 'Expense Categories Edit', 'expenses_categories_edit', 7, 1, 0, '2020-11-05 01:49:29', '0000-00-00 00:00:00'),
(116, 'Expense Categories Update', 'expenses_categories_update', 7, 1, 0, '2020-11-05 01:49:29', '0000-00-00 00:00:00'),
(117, 'Expenses Create', 'expenses_index', 7, 1, 0, '2020-11-05 01:49:29', '0000-00-00 00:00:00'),
(118, 'Expenses Store', 'expenses_store', 7, 1, 0, '2020-11-05 01:49:29', '0000-00-00 00:00:00'),
(119, 'Expenses Edit', 'expenses_edit', 7, 1, 0, '2020-11-05 01:49:29', '0000-00-00 00:00:00'),
(120, 'Expenses Update', 'expenses_update', 7, 1, 0, '2020-11-05 01:49:29', '0000-00-00 00:00:00'),
(121, 'Payments Create', 'payments_create', 8, 1, 0, '2020-11-05 01:49:29', '0000-00-00 00:00:00'),
(122, 'Payments Store', 'payments_store', 8, 1, 0, '2020-11-05 01:49:29', '0000-00-00 00:00:00'),
(123, 'Payments Show', 'payments_print', 8, 1, 0, '2020-11-05 01:49:29', '0000-00-00 00:00:00'),
(124, 'Payments Delete', 'payments_delete', 8, 1, 0, '2020-11-05 01:49:29', '0000-00-00 00:00:00'),
(125, 'Contacts Create', 'customers_index', 9, 1, 0, '2020-11-05 01:49:29', '0000-00-00 00:00:00'),
(126, 'Contacts Store', 'customers_store', 9, 1, 0, '2020-11-05 01:49:29', '0000-00-00 00:00:00'),
(127, 'Contacts Edit', 'customers_edit', 9, 1, 0, '2020-11-05 01:49:29', '0000-00-00 00:00:00'),
(128, 'Contacts Update', 'customers_update', 9, 1, 0, '2020-11-05 01:49:29', '0000-00-00 00:00:00'),
(129, 'Paid Through Accounts Create', 'paid_through_accounts_index', 10, 1, 0, '2020-11-05 01:49:29', '0000-00-00 00:00:00'),
(130, 'Paid Through Accounts Store', 'paid_through_accounts_store', 10, 1, 0, '2020-11-05 01:49:29', '0000-00-00 00:00:00'),
(131, 'Paid Through Accounts Edit', 'paid_through_accounts_edit', 10, 1, 0, '2020-11-05 01:49:29', '0000-00-00 00:00:00'),
(132, 'Paid Through Accounts Update', 'paid_through_accounts_update', 10, 1, 0, '2020-11-05 01:49:29', '0000-00-00 00:00:00'),
(133, 'Units Create', 'products_units_index', 11, 1, 0, '2020-11-05 01:49:29', '0000-00-00 00:00:00'),
(134, 'Units Store', 'products_units_store', 11, 1, 0, '2020-11-05 01:49:29', '0000-00-00 00:00:00'),
(135, 'Units Edit', 'products_units_edit', 11, 1, 0, '2020-11-05 01:49:29', '0000-00-00 00:00:00'),
(136, 'Units Update', 'products_units_update', 11, 1, 0, '2020-11-05 01:49:29', '0000-00-00 00:00:00'),
(137, 'Employee Salary Create', 'expenses_employee_salary_index', 12, 1, 0, '2020-11-05 01:49:29', '0000-00-00 00:00:00'),
(138, 'Employee Salary Store', 'expenses_employee_salary_store', 12, 1, 0, '2020-11-05 01:49:29', '0000-00-00 00:00:00'),
(139, 'Employee Salary Edit', 'expenses_employee_salary_edit', 12, 1, 0, '2020-11-05 01:49:29', '0000-00-00 00:00:00'),
(140, 'Employee Salary Update', 'expenses_employee_salary_update', 12, 1, 0, '2020-11-05 01:49:29', '0000-00-00 00:00:00'),
(141, 'Bar Code Generate', 'products_barcode_print', 13, 1, 0, '2020-11-05 01:49:29', '0000-00-00 00:00:00'),
(142, 'Bar Code Print', 'products_barcode_print_print', 13, 1, 0, '2020-11-05 01:49:29', '0000-00-00 00:00:00'),
(143, 'Discounts Create', 'discounts_index', 14, 1, 0, '2020-11-05 01:49:29', '0000-00-00 00:00:00'),
(144, 'Discounts Store', 'discounts_store', 14, 1, 0, '2020-11-05 01:49:29', '0000-00-00 00:00:00'),
(145, 'Discounts Edit', 'discounts_edit', 14, 1, 0, '2020-11-05 01:49:29', '0000-00-00 00:00:00'),
(146, 'Discounts Update', 'discounts_update', 14, 1, 0, '2020-11-05 01:49:29', '0000-00-00 00:00:00'),
(147, 'Users Create', 'users_index', 16, 1, 0, '2020-11-05 01:49:29', '0000-00-00 00:00:00'),
(148, 'Users Store', 'users_store', 16, 1, 0, '2020-11-05 01:49:29', '0000-00-00 00:00:00'),
(149, 'Users Edit', 'users_edit', 16, 1, 0, '2020-11-05 01:49:29', '0000-00-00 00:00:00'),
(150, 'Users Update', 'users_update', 16, 1, 0, '2020-11-05 01:49:29', '0000-00-00 00:00:00'),
(151, 'Users Delete', 'users_destroy', 16, 1, 0, '2020-11-05 01:49:29', '0000-00-00 00:00:00'),
(152, 'Users Profile Edit', 'users_edit_profile', 16, 1, 0, '2020-11-05 01:49:29', '0000-00-00 00:00:00'),
(153, 'Users Profile Update', 'users_update_profile', 16, 1, 0, '2020-11-05 01:49:29', '0000-00-00 00:00:00'),
(154, 'Users Settings Edit', 'users_edit_settings', 16, 1, 0, '2020-11-05 01:49:29', '0000-00-00 00:00:00'),
(155, 'Users Settings Update', 'users_update_settings', 16, 1, 0, '2020-11-05 01:49:29', '0000-00-00 00:00:00'),
(156, 'Access Level Create', 'set_access_index', 17, 1, 0, '2020-11-05 01:49:29', '0000-00-00 00:00:00'),
(157, 'Access Level Update', 'set_access_update', 17, 1, 0, '2020-11-05 01:49:29', '0000-00-00 00:00:00'),
(158, 'Stock Report', 'stock_report_index', 15, 1, 0, '2020-11-05 01:49:29', '0000-00-00 00:00:00'),
(159, 'Profit Loss Report', 'profit_loss_index', 15, 1, 0, '2020-11-05 01:49:29', '0000-00-00 00:00:00'),
(160, 'Sales Report', 'sales_report_index', 15, 1, 0, '2020-11-05 01:49:29', '0000-00-00 00:00:00'),
(161, 'Sales Summary Report', 'sales_summary_index', 15, 1, 0, '2020-11-05 01:49:29', '0000-00-00 00:00:00'),
(162, 'Purchase Report', 'purchase_report_index', 15, 1, 0, '2020-11-05 01:49:29', '0000-00-00 00:00:00'),
(163, 'Purchase Summary Report', 'purchase_summary_index', 15, 1, 0, '2020-11-05 01:49:29', '0000-00-00 00:00:00'),
(164, 'Customer Due Report', 'due_report_customer_index', 15, 1, 0, '2020-11-05 01:49:29', '0000-00-00 00:00:00'),
(165, 'Supplier Due Report', 'due_report_supplier_index', 15, 1, 0, '2020-11-05 01:49:29', '0000-00-00 00:00:00'),
(166, 'Payment Report', 'payment_report_index', 15, 1, 0, '2020-11-05 01:49:29', '0000-00-00 00:00:00'),
(167, 'Expense Rerport', 'expense_report_index', 15, 1, 0, '2020-11-05 01:49:29', '0000-00-00 00:00:00'),
(168, 'Collection Report', 'collection_report_index', 15, 1, 0, '2020-11-05 01:49:29', '0000-00-00 00:00:00'),
(169, 'SalaryReport', 'salary_report_index', 15, 1, 0, '2020-11-05 01:49:29', '0000-00-00 00:00:00');

-- --------------------------------------------------------

--
-- Table structure for table `users`
--

CREATE TABLE `users` (
  `id` bigint(20) UNSIGNED NOT NULL,
  `name` varchar(255) COLLATE utf8mb4_unicode_ci NOT NULL,
  `email` varchar(150) COLLATE utf8mb4_unicode_ci NOT NULL,
  `email_verified_at` timestamp NULL DEFAULT NULL,
  `password` varchar(255) COLLATE utf8mb4_unicode_ci NOT NULL,
  `photo` text COLLATE utf8mb4_unicode_ci DEFAULT NULL,
  `logo` varchar(255) COLLATE utf8mb4_unicode_ci DEFAULT NULL,
  `remember_token` varchar(100) COLLATE utf8mb4_unicode_ci DEFAULT NULL,
  `role` tinyint(4) NOT NULL COMMENT '1=Super Admin 2=Admin 3=Employee 4=cutomer',
  `branch_id` bigint(20) UNSIGNED DEFAULT NULL,
  `status` tinyint(4) NOT NULL COMMENT '1=Active\r\n0=Inactive',
  `organization_name` text COLLATE utf8mb4_unicode_ci DEFAULT NULL,
  `address` text COLLATE utf8mb4_unicode_ci DEFAULT NULL,
  `contact_number` text COLLATE utf8mb4_unicode_ci DEFAULT NULL,
  `contact_email` text COLLATE utf8mb4_unicode_ci DEFAULT NULL,
  `website` text COLLATE utf8mb4_unicode_ci DEFAULT NULL,
  `header_image` text COLLATE utf8mb4_unicode_ci DEFAULT NULL,
  `footer_image` text COLLATE utf8mb4_unicode_ci DEFAULT NULL,
  `sales_show` double DEFAULT NULL,
  `vat_reg_number` text COLLATE utf8mb4_unicode_ci DEFAULT NULL,
  `mushak` text COLLATE utf8mb4_unicode_ci DEFAULT NULL,
  `vat_type` tinyint(4) DEFAULT NULL,
  `vat_amount` double DEFAULT NULL,
  `tax_type` tinyint(4) DEFAULT NULL,
  `tax_amount` double DEFAULT NULL,
  `pos_printer` tinyint(4) DEFAULT 1 COMMENT '0= 58 mm Label Size 1 = 80 mm Label Size 2 = A4 3 = letter',
  `created_by` bigint(20) UNSIGNED DEFAULT NULL,
  `updated_by` bigint(20) UNSIGNED DEFAULT NULL,
  `created_at` timestamp NULL DEFAULT NULL,
  `updated_at` timestamp NULL DEFAULT NULL
) ENGINE=InnoDB DEFAULT CHARSET=utf8mb4 COLLATE=utf8mb4_unicode_ci;

--
-- Dumping data for table `users`
--

INSERT INTO `users` (`id`, `name`, `email`, `email_verified_at`, `password`, `photo`, `logo`, `remember_token`, `role`, `branch_id`, `status`, `organization_name`, `address`, `contact_number`, `contact_email`, `website`, `header_image`, `footer_image`, `sales_show`, `vat_reg_number`, `mushak`, `vat_type`, `vat_amount`, `tax_type`, `tax_amount`, `pos_printer`, `created_by`, `updated_by`, `created_at`, `updated_at`) VALUES
(1, 'Cyberdyne Technology Ltd.', 'superadmin', '0000-00-00 00:00:00', '$2y$10$e4t28BJ6.DSK1gmQ/IO3qOB0WqszhEzUvr0HGEypWGuHLuBY9zC3S', 'company-profile-images/1611226529.png', 'company-profile-images/1611663314.png', '', 1, 1, 1, 'Mirza Samsuddin Beg and Sons', '55, Frence Raod, Nayabazar', '01670762672', NULL, NULL, '', '', 0, NULL, NULL, 0, 15, 0, 0, 3, 1, 1, '2020-04-23 15:06:17', '2021-02-25 19:46:38'),
(5, 'Super Admin', '01670762672', NULL, '$2y$10$JI9jwDNhs8D1lkUB1zyND.e8jDQUjHvp4gM1aWSxNQ/pAOzV/pwJC', 'company-profile-images/1614235106.webp', NULL, NULL, 1, NULL, 1, NULL, NULL, NULL, NULL, NULL, NULL, NULL, NULL, NULL, NULL, NULL, NULL, NULL, NULL, 1, 1, 5, '2021-01-31 10:39:24', '2021-02-25 19:38:26');

--
-- Indexes for dumped tables
--

--
-- Indexes for table `backup`
--
ALTER TABLE `backup`
  ADD PRIMARY KEY (`id`),
  ADD KEY `created_by` (`created_by`),
  ADD KEY `updated_by` (`updated_by`);

--
-- Indexes for table `bills`
--
ALTER TABLE `bills`
  ADD PRIMARY KEY (`id`),
  ADD KEY `bills_78_vendor_id_foreign` (`vendor_id`),
  ADD KEY `bills_78_created_by_foreign` (`created_by`),
  ADD KEY `bills_78_updated_by_foreign` (`updated_by`);

--
-- Indexes for table `bill_entries`
--
ALTER TABLE `bill_entries`
  ADD PRIMARY KEY (`id`),
  ADD KEY `bill_entries_78_bill_id_foreign` (`bill_id`),
  ADD KEY `bill_entries_78_product_id_foreign` (`product_id`),
  ADD KEY `bill_entries_78_product_entry_id_foreign` (`product_entry_id`),
  ADD KEY `bill_entries_78_vendor_id_foreign` (`vendor_id`),
  ADD KEY `bill_entries_78_created_by_foreign` (`created_by`),
  ADD KEY `bill_entries_78_updated_by_foreign` (`updated_by`);

--
-- Indexes for table `branches`
--
ALTER TABLE `branches`
  ADD PRIMARY KEY (`id`),
  ADD KEY `created_by` (`created_by`),
  ADD KEY `updated_by` (`updated_by`);

--
-- Indexes for table `categories`
--
ALTER TABLE `categories`
  ADD PRIMARY KEY (`id`),
  ADD UNIQUE KEY `name` (`name`),
  ADD KEY `categories_78_created_by_foreign` (`created_by`),
  ADD KEY `categories_78_updated_by_foreign` (`updated_by`);

--
-- Indexes for table `customers`
--
ALTER TABLE `customers`
  ADD PRIMARY KEY (`id`),
  ADD KEY `created_by` (`created_by`),
  ADD KEY `updated_by` (`updated_by`),
  ADD KEY `user_id` (`user_id`);

--
-- Indexes for table `discounts`
--
ALTER TABLE `discounts`
  ADD PRIMARY KEY (`id`),
  ADD KEY `discounts_78_created_by_foreign` (`created_by`),
  ADD KEY `discounts_78_updated_by_foreign` (`updated_by`);

--
-- Indexes for table `discount_products`
--
ALTER TABLE `discount_products`
  ADD PRIMARY KEY (`id`),
  ADD KEY `discount_products_78_product_id_foreign` (`product_id`),
  ADD KEY `discount_products_78_discount_id_foreign` (`discount_id`),
  ADD KEY `discount_products_78_created_by_foreign` (`created_by`),
  ADD KEY `discount_products_78_updated_by_foreign` (`updated_by`);

--
-- Indexes for table `expenses`
--
ALTER TABLE `expenses`
  ADD PRIMARY KEY (`id`),
  ADD KEY `expenses_78_expense_category_id_foreign` (`expense_category_id`),
  ADD KEY `expenses_78_user_id_foreign` (`user_id`),
  ADD KEY `expenses_78_created_by_foreign` (`created_by`),
  ADD KEY `expenses_78_updated_by_foreign` (`updated_by`),
  ADD KEY `paid_through_id` (`paid_through_id`);

--
-- Indexes for table `expense_categories`
--
ALTER TABLE `expense_categories`
  ADD PRIMARY KEY (`id`),
  ADD KEY `expense_categories_78_created_by_foreign` (`created_by`),
  ADD KEY `expense_categories_78_updated_by_foreign` (`updated_by`);

--
-- Indexes for table `failed_jobs`
--
ALTER TABLE `failed_jobs`
  ADD PRIMARY KEY (`id`);

--
-- Indexes for table `incomes`
--
ALTER TABLE `incomes`
  ADD PRIMARY KEY (`id`),
  ADD KEY `created_by` (`created_by`),
  ADD KEY `updated_by` (`updated_by`),
  ADD KEY `income_category_id` (`income_category_id`),
  ADD KEY `paid_through_id` (`paid_through_id`);

--
-- Indexes for table `income_categories`
--
ALTER TABLE `income_categories`
  ADD PRIMARY KEY (`id`),
  ADD KEY `created_by` (`created_by`),
  ADD KEY `updated_by` (`updated_by`);

--
-- Indexes for table `invoices`
--
ALTER TABLE `invoices`
  ADD PRIMARY KEY (`id`),
  ADD KEY `invoices_78_customer_id_foreign` (`customer_id`),
  ADD KEY `invoices_78_created_by_foreign` (`created_by`),
  ADD KEY `invoices_78_updated_by_foreign` (`updated_by`),
  ADD KEY `branch_id` (`branch_id`);

--
-- Indexes for table `invoice_entries`
--
ALTER TABLE `invoice_entries`
  ADD PRIMARY KEY (`id`),
  ADD KEY `invoice_entries_78_invoice_id_foreign` (`invoice_id`),
  ADD KEY `invoice_entries_78_product_id_foreign` (`product_id`),
  ADD KEY `invoice_entries_78_product_entry_id_foreign` (`product_entry_id`),
  ADD KEY `invoice_entries_78_customer_id_foreign` (`customer_id`),
  ADD KEY `invoice_entries_78_created_by_foreign` (`created_by`),
  ADD KEY `invoice_entries_78_updated_by_foreign` (`updated_by`);

--
-- Indexes for table `items`
--
ALTER TABLE `items`
  ADD PRIMARY KEY (`id`),
  ADD KEY `items_78_sub_category_id_foreign` (`sub_category_id`),
  ADD KEY `items_78_created_by_foreign` (`created_by`),
  ADD KEY `items_78_updated_by_foreign` (`updated_by`);

--
-- Indexes for table `message_deliveries`
--
ALTER TABLE `message_deliveries`
  ADD PRIMARY KEY (`id`),
  ADD KEY `customer_id` (`customer_id`),
  ADD KEY `phone_book_id` (`phone_book_id`),
  ADD KEY `message_id` (`message_id`);

--
-- Indexes for table `message_lists`
--
ALTER TABLE `message_lists`
  ADD PRIMARY KEY (`id`),
  ADD KEY `created_by` (`created_by`),
  ADD KEY `updated_by` (`updated_by`);

--
-- Indexes for table `migrations`
--
ALTER TABLE `migrations`
  ADD PRIMARY KEY (`id`);

--
-- Indexes for table `modules`
--
ALTER TABLE `modules`
  ADD PRIMARY KEY (`id`),
  ADD KEY `modules_78_created_by_foreign` (`created_by`),
  ADD KEY `modules_78_updated_by_foreign` (`updated_by`);

--
-- Indexes for table `modules_access`
--
ALTER TABLE `modules_access`
  ADD PRIMARY KEY (`id`),
  ADD KEY `modules_access_78_module_id_foreign` (`module_id`),
  ADD KEY `modules_access_78_user_id_foreign` (`user_id`),
  ADD KEY `modules_access_78_created_by_foreign` (`created_by`),
  ADD KEY `modules_access_78_updated_by_foreign` (`updated_by`);

--
-- Indexes for table `paid_through_accounts`
--
ALTER TABLE `paid_through_accounts`
  ADD PRIMARY KEY (`id`),
  ADD KEY `paid_through_accounts_78_created_by_foreign` (`created_by`),
  ADD KEY `paid_through_accounts_78_updated_by_foreign` (`updated_by`);

--
-- Indexes for table `password_resets`
--
ALTER TABLE `password_resets`
  ADD KEY `password_resets_email_index` (`email`(191));

--
-- Indexes for table `payments`
--
ALTER TABLE `payments`
  ADD PRIMARY KEY (`id`),
  ADD KEY `payments_78_customer_id_foreign` (`customer_id`),
  ADD KEY `payments_78_paid_through_foreign` (`paid_through`),
  ADD KEY `payments_78_created_by_foreign` (`created_by`),
  ADD KEY `payments_78_updated_by_foreign` (`updated_by`);

--
-- Indexes for table `payment_entries`
--
ALTER TABLE `payment_entries`
  ADD PRIMARY KEY (`id`),
  ADD KEY `payment_entries_78_payment_id_foreign` (`payment_id`),
  ADD KEY `payment_entries_78_invoice_id_foreign` (`invoice_id`),
  ADD KEY `payment_entries_78_bill_id_foreign` (`bill_id`),
  ADD KEY `payment_entries_78_sales_return_id_foreign` (`sales_return_id`),
  ADD KEY `payment_entries_78_purchase_return_id_foreign` (`purchase_return_id`),
  ADD KEY `payment_entries_78_created_by_foreign` (`created_by`),
  ADD KEY `payment_entries_78_updated_by_foreign` (`updated_by`);

--
-- Indexes for table `permissions`
--
ALTER TABLE `permissions`
  ADD PRIMARY KEY (`id`),
  ADD KEY `permissions_78_url_id_foreign` (`url_id`),
  ADD KEY `permissions_78_user_id_foreign` (`user_id`),
  ADD KEY `permissions_78_created_by_foreign` (`created_by`),
  ADD KEY `permissions_78_updated_by_foreign` (`updated_by`);

--
-- Indexes for table `phone_book`
--
ALTER TABLE `phone_book`
  ADD PRIMARY KEY (`id`);

--
-- Indexes for table `products`
--
ALTER TABLE `products`
  ADD PRIMARY KEY (`id`),
  ADD KEY `products_78_category_id_foreign` (`category_id`),
  ADD KEY `products_78_sub_category_id_foreign` (`sub_category_id`),
  ADD KEY `products_78_item_id_foreign` (`item_id`),
  ADD KEY `products_78_unit_foreign` (`unit`),
  ADD KEY `products_78_created_by_foreign` (`created_by`),
  ADD KEY `products_78_updated_by_foreign` (`updated_by`);

--
-- Indexes for table `product_customers`
--
ALTER TABLE `product_customers`
  ADD PRIMARY KEY (`id`),
  ADD KEY `created_by` (`created_by`),
  ADD KEY `updated_by` (`updated_by`),
  ADD KEY `supplier_id` (`customer_id`),
  ADD KEY `product_entry_id` (`product_entry_id`);

--
-- Indexes for table `product_entries`
--
ALTER TABLE `product_entries`
  ADD PRIMARY KEY (`id`),
  ADD KEY `product_entries_78_product_id_foreign` (`product_id`),
  ADD KEY `product_entries_78_unit_id_foreign` (`unit_id`),
  ADD KEY `product_entries_78_created_by_foreign` (`created_by`),
  ADD KEY `product_entries_78_updated_by_foreign` (`updated_by`),
  ADD KEY `supplier_id` (`supplier_id`);

--
-- Indexes for table `product_suppliers`
--
ALTER TABLE `product_suppliers`
  ADD PRIMARY KEY (`id`),
  ADD KEY `created_by` (`created_by`),
  ADD KEY `updated_by` (`updated_by`),
  ADD KEY `supplier_id` (`supplier_id`),
  ADD KEY `product_entry_id` (`product_entry_id`);

--
-- Indexes for table `product_variations`
--
ALTER TABLE `product_variations`
  ADD PRIMARY KEY (`id`),
  ADD KEY `created_by` (`created_by`),
  ADD KEY `updated_by` (`updated_by`);

--
-- Indexes for table `product_variation_entries`
--
ALTER TABLE `product_variation_entries`
  ADD PRIMARY KEY (`id`),
  ADD KEY `created_by` (`created_by`),
  ADD KEY `updated_by` (`updated_by`),
  ADD KEY `product_entry_id` (`product_entry_id`),
  ADD KEY `variation_id` (`variation_id`),
  ADD KEY `variation_value_id` (`variation_value_id`);

--
-- Indexes for table `product_variation_values`
--
ALTER TABLE `product_variation_values`
  ADD PRIMARY KEY (`id`),
  ADD KEY `created_by` (`created_by`),
  ADD KEY `updated_by` (`updated_by`),
  ADD KEY `product_variation_id` (`product_variation_id`);

--
-- Indexes for table `purchase_return`
--
ALTER TABLE `purchase_return`
  ADD PRIMARY KEY (`id`),
  ADD KEY `purchase_return_78_bill_id_foreign` (`bill_id`),
  ADD KEY `purchase_return_78_customer_id_foreign` (`customer_id`),
  ADD KEY `purchase_return_78_created_by_foreign` (`created_by`),
  ADD KEY `purchase_return_78_updated_by_foreign` (`updated_by`);

--
-- Indexes for table `purchase_return_entries`
--
ALTER TABLE `purchase_return_entries`
  ADD PRIMARY KEY (`id`),
  ADD KEY `purchase_return_entries_78_purchase_return_id_foreign` (`purchase_return_id`),
  ADD KEY `purchase_return_entries_78_bill_id_foreign` (`bill_id`),
  ADD KEY `purchase_return_entries_78_product_id_foreign` (`product_id`),
  ADD KEY `purchase_return_entries_78_product_entry_id_foreign` (`product_entry_id`),
  ADD KEY `purchase_return_entries_78_customer_id_foreign` (`customer_id`),
  ADD KEY `purchase_return_entries_78_created_by_foreign` (`created_by`),
  ADD KEY `purchase_return_entries_78_updated_by_foreign` (`updated_by`);

--
-- Indexes for table `sales_return`
--
ALTER TABLE `sales_return`
  ADD PRIMARY KEY (`id`),
  ADD KEY `sales_return_78_invoice_id_foreign` (`invoice_id`),
  ADD KEY `sales_return_78_customer_id_foreign` (`customer_id`),
  ADD KEY `sales_return_78_created_by_foreign` (`created_by`),
  ADD KEY `sales_return_78_updated_by_foreign` (`updated_by`);

--
-- Indexes for table `sales_return_entries`
--
ALTER TABLE `sales_return_entries`
  ADD PRIMARY KEY (`id`),
  ADD KEY `sales_return_entries_78_sales_return_id_foreign` (`sales_return_id`),
  ADD KEY `sales_return_entries_78_invoice_id_foreign` (`invoice_id`),
  ADD KEY `sales_return_entries_78_product_id_foreign` (`product_id`),
  ADD KEY `sales_return_entries_78_product_entry_id_foreign` (`product_entry_id`),
  ADD KEY `sales_return_entries_78_customer_id_foreign` (`customer_id`),
  ADD KEY `sales_return_entries_78_created_by_foreign` (`created_by`),
  ADD KEY `sales_return_entries_78_updated_by_foreign` (`updated_by`);

--
-- Indexes for table `sub_categories`
--
ALTER TABLE `sub_categories`
  ADD PRIMARY KEY (`id`),
  ADD KEY `sub_categories_78_category_id_foreign` (`category_id`),
  ADD KEY `sub_categories_78_created_by_foreign` (`created_by`),
  ADD KEY `sub_categories_78_updated_by_foreign` (`updated_by`);

--
-- Indexes for table `transactions`
--
ALTER TABLE `transactions`
  ADD PRIMARY KEY (`id`),
  ADD KEY `transactions_78_invoice_id_foreign` (`invoice_id`),
  ADD KEY `transactions_78_bill_id_foreign` (`bill_id`),
  ADD KEY `transactions_78_sales_return_id_foreign` (`sales_return_id`),
  ADD KEY `transactions_78_purchase_return_id_foreign` (`purchase_return_id`),
  ADD KEY `transactions_78_expense_id_foreign` (`expense_id`),
  ADD KEY `transactions_78_payment_id_foreign` (`payment_id`),
  ADD KEY `transactions_78_customer_id_foreign` (`customer_id`),
  ADD KEY `transactions_78_paid_through_foreign` (`paid_through`),
  ADD KEY `transactions_78_created_by_foreign` (`created_by`),
  ADD KEY `transactions_78_updated_by_foreign` (`updated_by`);

--
-- Indexes for table `units`
--
ALTER TABLE `units`
  ADD PRIMARY KEY (`id`),
  ADD KEY `units_78_created_by_foreign` (`created_by`),
  ADD KEY `units_78_updated_by_foreign` (`updated_by`);

--
-- Indexes for table `unit_conversions`
--
ALTER TABLE `unit_conversions`
  ADD PRIMARY KEY (`id`),
  ADD KEY `created_by` (`created_by`),
  ADD KEY `updated_by` (`updated_by`),
  ADD KEY `main_unit_id` (`main_unit_id`),
  ADD KEY `converted_unit_id` (`converted_unit_id`),
  ADD KEY `product_entry_id` (`product_entry_id`);

--
-- Indexes for table `urls`
--
ALTER TABLE `urls`
  ADD PRIMARY KEY (`id`),
  ADD KEY `urls_78_module_id_foreign` (`module_id`),
  ADD KEY `urls_78_created_by_foreign` (`created_by`),
  ADD KEY `urls_78_updated_by_foreign` (`updated_by`);

--
-- Indexes for table `users`
--
ALTER TABLE `users`
  ADD PRIMARY KEY (`id`),
  ADD UNIQUE KEY `email` (`email`),
  ADD KEY `branch_id` (`branch_id`);

--
-- AUTO_INCREMENT for dumped tables
--

--
-- AUTO_INCREMENT for table `backup`
--
ALTER TABLE `backup`
  MODIFY `id` bigint(20) NOT NULL AUTO_INCREMENT, AUTO_INCREMENT=23;

--
-- AUTO_INCREMENT for table `bills`
--
ALTER TABLE `bills`
  MODIFY `id` bigint(20) UNSIGNED NOT NULL AUTO_INCREMENT, AUTO_INCREMENT=66;

--
-- AUTO_INCREMENT for table `bill_entries`
--
ALTER TABLE `bill_entries`
  MODIFY `id` bigint(20) UNSIGNED NOT NULL AUTO_INCREMENT, AUTO_INCREMENT=294;

--
-- AUTO_INCREMENT for table `branches`
--
ALTER TABLE `branches`
  MODIFY `id` bigint(20) UNSIGNED NOT NULL AUTO_INCREMENT;

--
-- AUTO_INCREMENT for table `categories`
--
ALTER TABLE `categories`
  MODIFY `id` bigint(20) UNSIGNED NOT NULL AUTO_INCREMENT, AUTO_INCREMENT=32;

--
-- AUTO_INCREMENT for table `customers`
--
ALTER TABLE `customers`
  MODIFY `id` bigint(20) UNSIGNED NOT NULL AUTO_INCREMENT, AUTO_INCREMENT=239;

--
-- AUTO_INCREMENT for table `discounts`
--
ALTER TABLE `discounts`
  MODIFY `id` bigint(20) UNSIGNED NOT NULL AUTO_INCREMENT;

--
-- AUTO_INCREMENT for table `discount_products`
--
ALTER TABLE `discount_products`
  MODIFY `id` bigint(20) UNSIGNED NOT NULL AUTO_INCREMENT;

--
-- AUTO_INCREMENT for table `expenses`
--
ALTER TABLE `expenses`
  MODIFY `id` bigint(20) UNSIGNED NOT NULL AUTO_INCREMENT, AUTO_INCREMENT=34;

--
-- AUTO_INCREMENT for table `expense_categories`
--
ALTER TABLE `expense_categories`
  MODIFY `id` bigint(20) UNSIGNED NOT NULL AUTO_INCREMENT, AUTO_INCREMENT=20;

--
-- AUTO_INCREMENT for table `failed_jobs`
--
ALTER TABLE `failed_jobs`
  MODIFY `id` bigint(20) UNSIGNED NOT NULL AUTO_INCREMENT;

--
-- AUTO_INCREMENT for table `incomes`
--
ALTER TABLE `incomes`
  MODIFY `id` bigint(20) UNSIGNED NOT NULL AUTO_INCREMENT, AUTO_INCREMENT=5;

--
-- AUTO_INCREMENT for table `income_categories`
--
ALTER TABLE `income_categories`
  MODIFY `id` bigint(20) UNSIGNED NOT NULL AUTO_INCREMENT, AUTO_INCREMENT=10;

--
-- AUTO_INCREMENT for table `invoices`
--
ALTER TABLE `invoices`
  MODIFY `id` bigint(20) UNSIGNED NOT NULL AUTO_INCREMENT, AUTO_INCREMENT=245;

--
-- AUTO_INCREMENT for table `invoice_entries`
--
ALTER TABLE `invoice_entries`
  MODIFY `id` bigint(20) UNSIGNED NOT NULL AUTO_INCREMENT, AUTO_INCREMENT=968;

--
-- AUTO_INCREMENT for table `items`
--
ALTER TABLE `items`
  MODIFY `id` bigint(20) UNSIGNED NOT NULL AUTO_INCREMENT;

--
-- AUTO_INCREMENT for table `message_deliveries`
--
ALTER TABLE `message_deliveries`
  MODIFY `id` bigint(20) UNSIGNED NOT NULL AUTO_INCREMENT, AUTO_INCREMENT=21;

--
-- AUTO_INCREMENT for table `message_lists`
--
ALTER TABLE `message_lists`
  MODIFY `id` bigint(20) UNSIGNED NOT NULL AUTO_INCREMENT, AUTO_INCREMENT=2;

--
-- AUTO_INCREMENT for table `migrations`
--
ALTER TABLE `migrations`
  MODIFY `id` int(10) UNSIGNED NOT NULL AUTO_INCREMENT, AUTO_INCREMENT=4;

--
-- AUTO_INCREMENT for table `modules`
--
ALTER TABLE `modules`
  MODIFY `id` bigint(20) UNSIGNED NOT NULL AUTO_INCREMENT, AUTO_INCREMENT=18;

--
-- AUTO_INCREMENT for table `modules_access`
--
ALTER TABLE `modules_access`
  MODIFY `id` bigint(20) UNSIGNED NOT NULL AUTO_INCREMENT, AUTO_INCREMENT=69;

--
-- AUTO_INCREMENT for table `paid_through_accounts`
--
ALTER TABLE `paid_through_accounts`
  MODIFY `id` bigint(20) UNSIGNED NOT NULL AUTO_INCREMENT, AUTO_INCREMENT=15;

--
-- AUTO_INCREMENT for table `payments`
--
ALTER TABLE `payments`
  MODIFY `id` bigint(20) UNSIGNED NOT NULL AUTO_INCREMENT, AUTO_INCREMENT=296;

--
-- AUTO_INCREMENT for table `payment_entries`
--
ALTER TABLE `payment_entries`
  MODIFY `id` bigint(20) UNSIGNED NOT NULL AUTO_INCREMENT, AUTO_INCREMENT=299;

--
-- AUTO_INCREMENT for table `permissions`
--
ALTER TABLE `permissions`
  MODIFY `id` bigint(20) UNSIGNED NOT NULL AUTO_INCREMENT, AUTO_INCREMENT=341;

--
-- AUTO_INCREMENT for table `phone_book`
--
ALTER TABLE `phone_book`
  MODIFY `id` bigint(20) UNSIGNED NOT NULL AUTO_INCREMENT;

--
-- AUTO_INCREMENT for table `products`
--
ALTER TABLE `products`
  MODIFY `id` bigint(20) UNSIGNED NOT NULL AUTO_INCREMENT, AUTO_INCREMENT=43;

--
-- AUTO_INCREMENT for table `product_customers`
--
ALTER TABLE `product_customers`
  MODIFY `id` bigint(20) UNSIGNED NOT NULL AUTO_INCREMENT, AUTO_INCREMENT=9;

--
-- AUTO_INCREMENT for table `product_entries`
--
ALTER TABLE `product_entries`
  MODIFY `id` bigint(20) UNSIGNED NOT NULL AUTO_INCREMENT, AUTO_INCREMENT=549;

--
-- AUTO_INCREMENT for table `product_suppliers`
--
ALTER TABLE `product_suppliers`
  MODIFY `id` bigint(20) UNSIGNED NOT NULL AUTO_INCREMENT, AUTO_INCREMENT=23;

--
-- AUTO_INCREMENT for table `product_variations`
--
ALTER TABLE `product_variations`
  MODIFY `id` bigint(20) UNSIGNED NOT NULL AUTO_INCREMENT, AUTO_INCREMENT=16;

--
-- AUTO_INCREMENT for table `product_variation_entries`
--
ALTER TABLE `product_variation_entries`
  MODIFY `id` bigint(20) UNSIGNED NOT NULL AUTO_INCREMENT, AUTO_INCREMENT=1773;

--
-- AUTO_INCREMENT for table `product_variation_values`
--
ALTER TABLE `product_variation_values`
  MODIFY `id` bigint(20) UNSIGNED NOT NULL AUTO_INCREMENT, AUTO_INCREMENT=120;

--
-- AUTO_INCREMENT for table `purchase_return`
--
ALTER TABLE `purchase_return`
  MODIFY `id` bigint(20) UNSIGNED NOT NULL AUTO_INCREMENT, AUTO_INCREMENT=18;

--
-- AUTO_INCREMENT for table `purchase_return_entries`
--
ALTER TABLE `purchase_return_entries`
  MODIFY `id` bigint(20) UNSIGNED NOT NULL AUTO_INCREMENT, AUTO_INCREMENT=21;

--
-- AUTO_INCREMENT for table `sales_return`
--
ALTER TABLE `sales_return`
  MODIFY `id` bigint(20) UNSIGNED NOT NULL AUTO_INCREMENT, AUTO_INCREMENT=15;

--
-- AUTO_INCREMENT for table `sales_return_entries`
--
ALTER TABLE `sales_return_entries`
  MODIFY `id` bigint(20) UNSIGNED NOT NULL AUTO_INCREMENT, AUTO_INCREMENT=15;

--
-- AUTO_INCREMENT for table `sub_categories`
--
ALTER TABLE `sub_categories`
  MODIFY `id` bigint(20) UNSIGNED NOT NULL AUTO_INCREMENT;

--
-- AUTO_INCREMENT for table `transactions`
--
ALTER TABLE `transactions`
  MODIFY `id` bigint(20) UNSIGNED NOT NULL AUTO_INCREMENT, AUTO_INCREMENT=54;

--
-- AUTO_INCREMENT for table `units`
--
ALTER TABLE `units`
  MODIFY `id` bigint(20) UNSIGNED NOT NULL AUTO_INCREMENT, AUTO_INCREMENT=14;

--
-- AUTO_INCREMENT for table `unit_conversions`
--
ALTER TABLE `unit_conversions`
  MODIFY `id` bigint(20) UNSIGNED NOT NULL AUTO_INCREMENT, AUTO_INCREMENT=37;

--
-- AUTO_INCREMENT for table `urls`
--
ALTER TABLE `urls`
  MODIFY `id` bigint(20) UNSIGNED NOT NULL AUTO_INCREMENT, AUTO_INCREMENT=170;

--
-- AUTO_INCREMENT for table `users`
--
ALTER TABLE `users`
  MODIFY `id` bigint(20) UNSIGNED NOT NULL AUTO_INCREMENT, AUTO_INCREMENT=6;

--
-- Constraints for dumped tables
--

--
-- Constraints for table `backup`
--
ALTER TABLE `backup`
  ADD CONSTRAINT `backup_ibfk_1` FOREIGN KEY (`created_by`) REFERENCES `users` (`id`) ON DELETE CASCADE ON UPDATE CASCADE,
  ADD CONSTRAINT `backup_ibfk_2` FOREIGN KEY (`updated_by`) REFERENCES `users` (`id`) ON DELETE CASCADE ON UPDATE CASCADE;

--
-- Constraints for table `bills`
--
ALTER TABLE `bills`
  ADD CONSTRAINT `bills_78_created_by_foreign` FOREIGN KEY (`created_by`) REFERENCES `users` (`id`) ON DELETE CASCADE ON UPDATE CASCADE,
  ADD CONSTRAINT `bills_78_updated_by_foreign` FOREIGN KEY (`updated_by`) REFERENCES `users` (`id`) ON DELETE CASCADE ON UPDATE CASCADE,
  ADD CONSTRAINT `bills_78_vendor_id_foreign` FOREIGN KEY (`vendor_id`) REFERENCES `customers` (`id`) ON DELETE CASCADE ON UPDATE CASCADE;

--
-- Constraints for table `bill_entries`
--
ALTER TABLE `bill_entries`
  ADD CONSTRAINT `bill_entries_78_bill_id_foreign` FOREIGN KEY (`bill_id`) REFERENCES `bills` (`id`) ON DELETE CASCADE ON UPDATE CASCADE,
  ADD CONSTRAINT `bill_entries_78_created_by_foreign` FOREIGN KEY (`created_by`) REFERENCES `users` (`id`) ON DELETE CASCADE ON UPDATE CASCADE,
  ADD CONSTRAINT `bill_entries_78_product_entry_id_foreign` FOREIGN KEY (`product_entry_id`) REFERENCES `product_entries` (`id`) ON DELETE CASCADE ON UPDATE CASCADE,
  ADD CONSTRAINT `bill_entries_78_product_id_foreign` FOREIGN KEY (`product_id`) REFERENCES `products` (`id`) ON DELETE CASCADE ON UPDATE CASCADE,
  ADD CONSTRAINT `bill_entries_78_updated_by_foreign` FOREIGN KEY (`updated_by`) REFERENCES `users` (`id`) ON DELETE CASCADE ON UPDATE CASCADE,
  ADD CONSTRAINT `bill_entries_78_vendor_id_foreign` FOREIGN KEY (`vendor_id`) REFERENCES `customers` (`id`) ON DELETE CASCADE ON UPDATE CASCADE;

--
-- Constraints for table `branches`
--
ALTER TABLE `branches`
  ADD CONSTRAINT `branches_ibfk_1` FOREIGN KEY (`created_by`) REFERENCES `users` (`id`) ON DELETE CASCADE ON UPDATE CASCADE,
  ADD CONSTRAINT `branches_ibfk_2` FOREIGN KEY (`updated_by`) REFERENCES `users` (`id`) ON DELETE CASCADE ON UPDATE CASCADE;

--
-- Constraints for table `categories`
--
ALTER TABLE `categories`
  ADD CONSTRAINT `categories_78_created_by_foreign` FOREIGN KEY (`created_by`) REFERENCES `users` (`id`) ON DELETE CASCADE ON UPDATE CASCADE,
  ADD CONSTRAINT `categories_78_updated_by_foreign` FOREIGN KEY (`updated_by`) REFERENCES `users` (`id`) ON DELETE CASCADE ON UPDATE CASCADE;

--
-- Constraints for table `customers`
--
ALTER TABLE `customers`
  ADD CONSTRAINT `customers_ibfk_1` FOREIGN KEY (`created_by`) REFERENCES `users` (`id`) ON DELETE CASCADE ON UPDATE CASCADE,
  ADD CONSTRAINT `customers_ibfk_2` FOREIGN KEY (`updated_by`) REFERENCES `users` (`id`) ON DELETE CASCADE ON UPDATE CASCADE,
  ADD CONSTRAINT `customers_ibfk_3` FOREIGN KEY (`user_id`) REFERENCES `users` (`id`) ON DELETE CASCADE ON UPDATE CASCADE;

--
-- Constraints for table `discounts`
--
ALTER TABLE `discounts`
  ADD CONSTRAINT `discounts_78_created_by_foreign` FOREIGN KEY (`created_by`) REFERENCES `users` (`id`) ON DELETE CASCADE ON UPDATE CASCADE,
  ADD CONSTRAINT `discounts_78_updated_by_foreign` FOREIGN KEY (`updated_by`) REFERENCES `users` (`id`) ON DELETE CASCADE ON UPDATE CASCADE;

--
-- Constraints for table `discount_products`
--
ALTER TABLE `discount_products`
  ADD CONSTRAINT `discount_products_78_created_by_foreign` FOREIGN KEY (`created_by`) REFERENCES `users` (`id`) ON DELETE CASCADE ON UPDATE CASCADE,
  ADD CONSTRAINT `discount_products_78_discount_id_foreign` FOREIGN KEY (`discount_id`) REFERENCES `discounts` (`id`) ON DELETE CASCADE ON UPDATE CASCADE,
  ADD CONSTRAINT `discount_products_78_product_id_foreign` FOREIGN KEY (`product_id`) REFERENCES `product_entries` (`id`) ON DELETE CASCADE ON UPDATE CASCADE,
  ADD CONSTRAINT `discount_products_78_updated_by_foreign` FOREIGN KEY (`updated_by`) REFERENCES `users` (`id`) ON DELETE CASCADE ON UPDATE CASCADE;

--
-- Constraints for table `expenses`
--
ALTER TABLE `expenses`
  ADD CONSTRAINT `expenses_78_created_by_foreign` FOREIGN KEY (`created_by`) REFERENCES `users` (`id`) ON DELETE CASCADE ON UPDATE CASCADE,
  ADD CONSTRAINT `expenses_78_expense_category_id_foreign` FOREIGN KEY (`expense_category_id`) REFERENCES `expense_categories` (`id`) ON DELETE CASCADE ON UPDATE CASCADE,
  ADD CONSTRAINT `expenses_78_updated_by_foreign` FOREIGN KEY (`updated_by`) REFERENCES `users` (`id`) ON DELETE CASCADE ON UPDATE CASCADE,
  ADD CONSTRAINT `expenses_78_user_id_foreign` FOREIGN KEY (`user_id`) REFERENCES `customers` (`id`) ON DELETE CASCADE ON UPDATE CASCADE,
  ADD CONSTRAINT `expenses_ibfk_1` FOREIGN KEY (`paid_through_id`) REFERENCES `paid_through_accounts` (`id`) ON DELETE CASCADE ON UPDATE CASCADE;

--
-- Constraints for table `expense_categories`
--
ALTER TABLE `expense_categories`
  ADD CONSTRAINT `expense_categories_78_created_by_foreign` FOREIGN KEY (`created_by`) REFERENCES `users` (`id`) ON DELETE CASCADE ON UPDATE CASCADE,
  ADD CONSTRAINT `expense_categories_78_updated_by_foreign` FOREIGN KEY (`updated_by`) REFERENCES `users` (`id`) ON DELETE CASCADE ON UPDATE CASCADE;

--
-- Constraints for table `incomes`
--
ALTER TABLE `incomes`
  ADD CONSTRAINT `incomes_ibfk_1` FOREIGN KEY (`created_by`) REFERENCES `users` (`id`) ON DELETE CASCADE ON UPDATE CASCADE,
  ADD CONSTRAINT `incomes_ibfk_2` FOREIGN KEY (`updated_by`) REFERENCES `users` (`id`) ON DELETE CASCADE ON UPDATE CASCADE,
  ADD CONSTRAINT `incomes_ibfk_3` FOREIGN KEY (`income_category_id`) REFERENCES `income_categories` (`id`) ON DELETE CASCADE ON UPDATE CASCADE,
  ADD CONSTRAINT `incomes_ibfk_4` FOREIGN KEY (`paid_through_id`) REFERENCES `paid_through_accounts` (`id`) ON DELETE CASCADE ON UPDATE CASCADE;

--
-- Constraints for table `income_categories`
--
ALTER TABLE `income_categories`
  ADD CONSTRAINT `income_categories_ibfk_1` FOREIGN KEY (`created_by`) REFERENCES `users` (`id`) ON DELETE CASCADE ON UPDATE CASCADE,
  ADD CONSTRAINT `income_categories_ibfk_2` FOREIGN KEY (`updated_by`) REFERENCES `users` (`id`) ON DELETE CASCADE ON UPDATE CASCADE;

--
-- Constraints for table `invoices`
--
ALTER TABLE `invoices`
  ADD CONSTRAINT `invoices_78_created_by_foreign` FOREIGN KEY (`created_by`) REFERENCES `users` (`id`) ON DELETE CASCADE ON UPDATE CASCADE,
  ADD CONSTRAINT `invoices_78_customer_id_foreign` FOREIGN KEY (`customer_id`) REFERENCES `customers` (`id`) ON DELETE CASCADE ON UPDATE CASCADE,
  ADD CONSTRAINT `invoices_78_updated_by_foreign` FOREIGN KEY (`updated_by`) REFERENCES `users` (`id`) ON DELETE CASCADE ON UPDATE CASCADE,
  ADD CONSTRAINT `invoices_ibfk_1` FOREIGN KEY (`branch_id`) REFERENCES `branches` (`id`) ON DELETE CASCADE ON UPDATE CASCADE;

--
-- Constraints for table `invoice_entries`
--
ALTER TABLE `invoice_entries`
  ADD CONSTRAINT `invoice_entries_78_created_by_foreign` FOREIGN KEY (`created_by`) REFERENCES `users` (`id`) ON DELETE CASCADE ON UPDATE CASCADE,
  ADD CONSTRAINT `invoice_entries_78_customer_id_foreign` FOREIGN KEY (`customer_id`) REFERENCES `customers` (`id`) ON DELETE CASCADE ON UPDATE CASCADE,
  ADD CONSTRAINT `invoice_entries_78_invoice_id_foreign` FOREIGN KEY (`invoice_id`) REFERENCES `invoices` (`id`) ON DELETE CASCADE ON UPDATE CASCADE,
  ADD CONSTRAINT `invoice_entries_78_product_entry_id_foreign` FOREIGN KEY (`product_entry_id`) REFERENCES `product_entries` (`id`) ON DELETE CASCADE ON UPDATE CASCADE,
  ADD CONSTRAINT `invoice_entries_78_product_id_foreign` FOREIGN KEY (`product_id`) REFERENCES `products` (`id`) ON DELETE CASCADE ON UPDATE CASCADE,
  ADD CONSTRAINT `invoice_entries_78_updated_by_foreign` FOREIGN KEY (`updated_by`) REFERENCES `users` (`id`) ON DELETE CASCADE ON UPDATE CASCADE;

--
-- Constraints for table `items`
--
ALTER TABLE `items`
  ADD CONSTRAINT `items_78_created_by_foreign` FOREIGN KEY (`created_by`) REFERENCES `users` (`id`) ON DELETE CASCADE ON UPDATE CASCADE,
  ADD CONSTRAINT `items_78_sub_category_id_foreign` FOREIGN KEY (`sub_category_id`) REFERENCES `sub_categories` (`id`) ON DELETE CASCADE ON UPDATE CASCADE,
  ADD CONSTRAINT `items_78_updated_by_foreign` FOREIGN KEY (`updated_by`) REFERENCES `users` (`id`) ON DELETE CASCADE ON UPDATE CASCADE;

--
-- Constraints for table `message_deliveries`
--
ALTER TABLE `message_deliveries`
  ADD CONSTRAINT `message_deliveries_ibfk_1` FOREIGN KEY (`customer_id`) REFERENCES `customers` (`id`) ON DELETE CASCADE ON UPDATE CASCADE,
  ADD CONSTRAINT `message_deliveries_ibfk_2` FOREIGN KEY (`phone_book_id`) REFERENCES `phone_book` (`id`) ON DELETE CASCADE ON UPDATE CASCADE,
  ADD CONSTRAINT `message_deliveries_ibfk_3` FOREIGN KEY (`message_id`) REFERENCES `message_lists` (`id`) ON DELETE CASCADE ON UPDATE CASCADE;

--
-- Constraints for table `message_lists`
--
ALTER TABLE `message_lists`
  ADD CONSTRAINT `message_lists_ibfk_1` FOREIGN KEY (`created_by`) REFERENCES `users` (`id`) ON DELETE CASCADE ON UPDATE CASCADE,
  ADD CONSTRAINT `message_lists_ibfk_2` FOREIGN KEY (`updated_by`) REFERENCES `users` (`id`) ON DELETE CASCADE ON UPDATE CASCADE;

--
-- Constraints for table `modules`
--
ALTER TABLE `modules`
  ADD CONSTRAINT `modules_78_created_by_foreign` FOREIGN KEY (`created_by`) REFERENCES `users` (`id`) ON DELETE CASCADE ON UPDATE CASCADE,
  ADD CONSTRAINT `modules_78_updated_by_foreign` FOREIGN KEY (`updated_by`) REFERENCES `users` (`id`) ON DELETE CASCADE ON UPDATE CASCADE;

--
-- Constraints for table `modules_access`
--
ALTER TABLE `modules_access`
  ADD CONSTRAINT `modules_access_78_created_by_foreign` FOREIGN KEY (`created_by`) REFERENCES `users` (`id`) ON DELETE CASCADE ON UPDATE CASCADE,
  ADD CONSTRAINT `modules_access_78_module_id_foreign` FOREIGN KEY (`module_id`) REFERENCES `modules` (`id`) ON DELETE CASCADE ON UPDATE CASCADE,
  ADD CONSTRAINT `modules_access_78_updated_by_foreign` FOREIGN KEY (`updated_by`) REFERENCES `users` (`id`) ON DELETE CASCADE ON UPDATE CASCADE,
  ADD CONSTRAINT `modules_access_78_user_id_foreign` FOREIGN KEY (`user_id`) REFERENCES `users` (`id`) ON DELETE CASCADE ON UPDATE CASCADE;

--
-- Constraints for table `paid_through_accounts`
--
ALTER TABLE `paid_through_accounts`
  ADD CONSTRAINT `paid_through_accounts_78_created_by_foreign` FOREIGN KEY (`created_by`) REFERENCES `users` (`id`) ON DELETE CASCADE ON UPDATE CASCADE,
  ADD CONSTRAINT `paid_through_accounts_78_updated_by_foreign` FOREIGN KEY (`updated_by`) REFERENCES `users` (`id`) ON DELETE CASCADE ON UPDATE CASCADE;

--
-- Constraints for table `payments`
--
ALTER TABLE `payments`
  ADD CONSTRAINT `payments_78_created_by_foreign` FOREIGN KEY (`created_by`) REFERENCES `users` (`id`) ON DELETE CASCADE ON UPDATE CASCADE,
  ADD CONSTRAINT `payments_78_customer_id_foreign` FOREIGN KEY (`customer_id`) REFERENCES `customers` (`id`) ON DELETE CASCADE ON UPDATE CASCADE,
  ADD CONSTRAINT `payments_78_paid_through_foreign` FOREIGN KEY (`paid_through`) REFERENCES `paid_through_accounts` (`id`) ON DELETE CASCADE ON UPDATE CASCADE,
  ADD CONSTRAINT `payments_78_updated_by_foreign` FOREIGN KEY (`updated_by`) REFERENCES `users` (`id`) ON DELETE CASCADE ON UPDATE CASCADE;

--
-- Constraints for table `payment_entries`
--
ALTER TABLE `payment_entries`
  ADD CONSTRAINT `payment_entries_78_bill_id_foreign` FOREIGN KEY (`bill_id`) REFERENCES `bills` (`id`) ON DELETE CASCADE ON UPDATE CASCADE,
  ADD CONSTRAINT `payment_entries_78_created_by_foreign` FOREIGN KEY (`created_by`) REFERENCES `users` (`id`) ON DELETE CASCADE ON UPDATE CASCADE,
  ADD CONSTRAINT `payment_entries_78_invoice_id_foreign` FOREIGN KEY (`invoice_id`) REFERENCES `invoices` (`id`) ON DELETE CASCADE ON UPDATE CASCADE,
  ADD CONSTRAINT `payment_entries_78_payment_id_foreign` FOREIGN KEY (`payment_id`) REFERENCES `payments` (`id`) ON DELETE CASCADE ON UPDATE CASCADE,
  ADD CONSTRAINT `payment_entries_78_purchase_return_id_foreign` FOREIGN KEY (`purchase_return_id`) REFERENCES `purchase_return` (`id`) ON DELETE CASCADE ON UPDATE CASCADE,
  ADD CONSTRAINT `payment_entries_78_sales_return_id_foreign` FOREIGN KEY (`sales_return_id`) REFERENCES `sales_return` (`id`) ON DELETE CASCADE ON UPDATE CASCADE,
  ADD CONSTRAINT `payment_entries_78_updated_by_foreign` FOREIGN KEY (`updated_by`) REFERENCES `users` (`id`) ON DELETE CASCADE ON UPDATE CASCADE;

--
-- Constraints for table `permissions`
--
ALTER TABLE `permissions`
  ADD CONSTRAINT `permissions_78_created_by_foreign` FOREIGN KEY (`created_by`) REFERENCES `users` (`id`) ON DELETE CASCADE ON UPDATE CASCADE,
  ADD CONSTRAINT `permissions_78_updated_by_foreign` FOREIGN KEY (`updated_by`) REFERENCES `users` (`id`) ON DELETE CASCADE ON UPDATE CASCADE,
  ADD CONSTRAINT `permissions_78_url_id_foreign` FOREIGN KEY (`url_id`) REFERENCES `urls` (`id`) ON DELETE CASCADE ON UPDATE CASCADE,
  ADD CONSTRAINT `permissions_78_user_id_foreign` FOREIGN KEY (`user_id`) REFERENCES `users` (`id`) ON DELETE CASCADE ON UPDATE CASCADE;

--
-- Constraints for table `products`
--
ALTER TABLE `products`
  ADD CONSTRAINT `products_78_category_id_foreign` FOREIGN KEY (`category_id`) REFERENCES `categories` (`id`) ON DELETE CASCADE ON UPDATE CASCADE,
  ADD CONSTRAINT `products_78_created_by_foreign` FOREIGN KEY (`created_by`) REFERENCES `users` (`id`) ON DELETE CASCADE ON UPDATE CASCADE,
  ADD CONSTRAINT `products_78_item_id_foreign` FOREIGN KEY (`item_id`) REFERENCES `items` (`id`) ON DELETE CASCADE ON UPDATE CASCADE,
  ADD CONSTRAINT `products_78_sub_category_id_foreign` FOREIGN KEY (`sub_category_id`) REFERENCES `sub_categories` (`id`) ON DELETE CASCADE ON UPDATE CASCADE,
  ADD CONSTRAINT `products_78_unit_foreign` FOREIGN KEY (`unit`) REFERENCES `units` (`id`) ON DELETE CASCADE ON UPDATE CASCADE,
  ADD CONSTRAINT `products_78_updated_by_foreign` FOREIGN KEY (`updated_by`) REFERENCES `users` (`id`) ON DELETE CASCADE ON UPDATE CASCADE;

--
-- Constraints for table `product_entries`
--
ALTER TABLE `product_entries`
  ADD CONSTRAINT `product_entries_78_created_by_foreign` FOREIGN KEY (`created_by`) REFERENCES `users` (`id`) ON DELETE CASCADE ON UPDATE CASCADE,
  ADD CONSTRAINT `product_entries_78_product_id_foreign` FOREIGN KEY (`product_id`) REFERENCES `products` (`id`) ON DELETE CASCADE ON UPDATE CASCADE,
  ADD CONSTRAINT `product_entries_78_unit_id_foreign` FOREIGN KEY (`unit_id`) REFERENCES `units` (`id`) ON DELETE CASCADE ON UPDATE CASCADE,
  ADD CONSTRAINT `product_entries_78_updated_by_foreign` FOREIGN KEY (`updated_by`) REFERENCES `users` (`id`) ON DELETE CASCADE ON UPDATE CASCADE,
  ADD CONSTRAINT `product_entries_ibfk_1` FOREIGN KEY (`supplier_id`) REFERENCES `customers` (`id`) ON DELETE CASCADE ON UPDATE CASCADE;

--
-- Constraints for table `product_suppliers`
--
ALTER TABLE `product_suppliers`
  ADD CONSTRAINT `product_suppliers_ibfk_1` FOREIGN KEY (`created_by`) REFERENCES `users` (`id`) ON DELETE CASCADE ON UPDATE CASCADE,
  ADD CONSTRAINT `product_suppliers_ibfk_2` FOREIGN KEY (`updated_by`) REFERENCES `users` (`id`) ON DELETE CASCADE ON UPDATE CASCADE,
  ADD CONSTRAINT `product_suppliers_ibfk_3` FOREIGN KEY (`supplier_id`) REFERENCES `customers` (`id`) ON DELETE CASCADE ON UPDATE CASCADE,
  ADD CONSTRAINT `product_suppliers_ibfk_4` FOREIGN KEY (`product_entry_id`) REFERENCES `product_entries` (`id`) ON DELETE CASCADE ON UPDATE CASCADE;

--
-- Constraints for table `product_variations`
--
ALTER TABLE `product_variations`
  ADD CONSTRAINT `product_variations_ibfk_1` FOREIGN KEY (`created_by`) REFERENCES `users` (`id`) ON DELETE CASCADE ON UPDATE CASCADE,
  ADD CONSTRAINT `product_variations_ibfk_2` FOREIGN KEY (`updated_by`) REFERENCES `users` (`id`) ON DELETE CASCADE ON UPDATE CASCADE;

--
-- Constraints for table `product_variation_entries`
--
ALTER TABLE `product_variation_entries`
  ADD CONSTRAINT `product_variation_entries_ibfk_1` FOREIGN KEY (`created_by`) REFERENCES `users` (`id`) ON DELETE CASCADE ON UPDATE CASCADE,
  ADD CONSTRAINT `product_variation_entries_ibfk_2` FOREIGN KEY (`updated_by`) REFERENCES `users` (`id`) ON DELETE CASCADE ON UPDATE CASCADE,
  ADD CONSTRAINT `product_variation_entries_ibfk_3` FOREIGN KEY (`product_entry_id`) REFERENCES `product_entries` (`id`) ON DELETE CASCADE ON UPDATE CASCADE,
  ADD CONSTRAINT `product_variation_entries_ibfk_4` FOREIGN KEY (`variation_id`) REFERENCES `product_variations` (`id`) ON DELETE CASCADE ON UPDATE CASCADE,
  ADD CONSTRAINT `product_variation_entries_ibfk_5` FOREIGN KEY (`variation_value_id`) REFERENCES `product_variation_values` (`id`) ON DELETE CASCADE ON UPDATE CASCADE;

--
-- Constraints for table `product_variation_values`
--
ALTER TABLE `product_variation_values`
  ADD CONSTRAINT `product_variation_values_ibfk_1` FOREIGN KEY (`created_by`) REFERENCES `users` (`id`) ON DELETE CASCADE ON UPDATE CASCADE,
  ADD CONSTRAINT `product_variation_values_ibfk_2` FOREIGN KEY (`updated_by`) REFERENCES `users` (`id`) ON DELETE CASCADE ON UPDATE CASCADE,
  ADD CONSTRAINT `product_variation_values_ibfk_3` FOREIGN KEY (`product_variation_id`) REFERENCES `product_variations` (`id`) ON DELETE CASCADE ON UPDATE CASCADE;

--
-- Constraints for table `purchase_return`
--
ALTER TABLE `purchase_return`
  ADD CONSTRAINT `purchase_return_78_bill_id_foreign` FOREIGN KEY (`bill_id`) REFERENCES `bills` (`id`) ON DELETE CASCADE ON UPDATE CASCADE,
  ADD CONSTRAINT `purchase_return_78_created_by_foreign` FOREIGN KEY (`created_by`) REFERENCES `users` (`id`) ON DELETE CASCADE ON UPDATE CASCADE,
  ADD CONSTRAINT `purchase_return_78_customer_id_foreign` FOREIGN KEY (`customer_id`) REFERENCES `customers` (`id`) ON DELETE CASCADE ON UPDATE CASCADE,
  ADD CONSTRAINT `purchase_return_78_updated_by_foreign` FOREIGN KEY (`updated_by`) REFERENCES `users` (`id`) ON DELETE CASCADE ON UPDATE CASCADE;

--
-- Constraints for table `purchase_return_entries`
--
ALTER TABLE `purchase_return_entries`
  ADD CONSTRAINT `purchase_return_entries_78_bill_id_foreign` FOREIGN KEY (`bill_id`) REFERENCES `bills` (`id`) ON DELETE CASCADE ON UPDATE CASCADE,
  ADD CONSTRAINT `purchase_return_entries_78_created_by_foreign` FOREIGN KEY (`created_by`) REFERENCES `users` (`id`) ON DELETE CASCADE ON UPDATE CASCADE,
  ADD CONSTRAINT `purchase_return_entries_78_customer_id_foreign` FOREIGN KEY (`customer_id`) REFERENCES `customers` (`id`) ON DELETE CASCADE ON UPDATE CASCADE,
  ADD CONSTRAINT `purchase_return_entries_78_product_entry_id_foreign` FOREIGN KEY (`product_entry_id`) REFERENCES `product_entries` (`id`) ON DELETE CASCADE ON UPDATE CASCADE,
  ADD CONSTRAINT `purchase_return_entries_78_product_id_foreign` FOREIGN KEY (`product_id`) REFERENCES `products` (`id`) ON DELETE CASCADE ON UPDATE CASCADE,
  ADD CONSTRAINT `purchase_return_entries_78_purchase_return_id_foreign` FOREIGN KEY (`purchase_return_id`) REFERENCES `purchase_return` (`id`) ON DELETE CASCADE ON UPDATE CASCADE,
  ADD CONSTRAINT `purchase_return_entries_78_updated_by_foreign` FOREIGN KEY (`updated_by`) REFERENCES `users` (`id`) ON DELETE CASCADE ON UPDATE CASCADE;

--
-- Constraints for table `sales_return`
--
ALTER TABLE `sales_return`
  ADD CONSTRAINT `sales_return_78_created_by_foreign` FOREIGN KEY (`created_by`) REFERENCES `users` (`id`) ON DELETE CASCADE ON UPDATE CASCADE,
  ADD CONSTRAINT `sales_return_78_customer_id_foreign` FOREIGN KEY (`customer_id`) REFERENCES `customers` (`id`) ON DELETE CASCADE ON UPDATE CASCADE,
  ADD CONSTRAINT `sales_return_78_invoice_id_foreign` FOREIGN KEY (`invoice_id`) REFERENCES `invoices` (`id`) ON DELETE CASCADE ON UPDATE CASCADE,
  ADD CONSTRAINT `sales_return_78_updated_by_foreign` FOREIGN KEY (`updated_by`) REFERENCES `users` (`id`) ON DELETE CASCADE ON UPDATE CASCADE;

--
-- Constraints for table `sales_return_entries`
--
ALTER TABLE `sales_return_entries`
  ADD CONSTRAINT `sales_return_entries_78_created_by_foreign` FOREIGN KEY (`created_by`) REFERENCES `users` (`id`) ON DELETE CASCADE ON UPDATE CASCADE,
  ADD CONSTRAINT `sales_return_entries_78_customer_id_foreign` FOREIGN KEY (`customer_id`) REFERENCES `customers` (`id`) ON DELETE CASCADE ON UPDATE CASCADE,
  ADD CONSTRAINT `sales_return_entries_78_invoice_id_foreign` FOREIGN KEY (`invoice_id`) REFERENCES `invoices` (`id`) ON DELETE CASCADE ON UPDATE CASCADE,
  ADD CONSTRAINT `sales_return_entries_78_product_entry_id_foreign` FOREIGN KEY (`product_entry_id`) REFERENCES `product_entries` (`id`) ON DELETE CASCADE ON UPDATE CASCADE,
  ADD CONSTRAINT `sales_return_entries_78_product_id_foreign` FOREIGN KEY (`product_id`) REFERENCES `products` (`id`) ON DELETE CASCADE ON UPDATE CASCADE,
  ADD CONSTRAINT `sales_return_entries_78_sales_return_id_foreign` FOREIGN KEY (`sales_return_id`) REFERENCES `sales_return` (`id`) ON DELETE CASCADE ON UPDATE CASCADE,
  ADD CONSTRAINT `sales_return_entries_78_updated_by_foreign` FOREIGN KEY (`updated_by`) REFERENCES `users` (`id`) ON DELETE CASCADE ON UPDATE CASCADE;

--
-- Constraints for table `sub_categories`
--
ALTER TABLE `sub_categories`
  ADD CONSTRAINT `sub_categories_78_category_id_foreign` FOREIGN KEY (`category_id`) REFERENCES `categories` (`id`) ON DELETE CASCADE ON UPDATE CASCADE,
  ADD CONSTRAINT `sub_categories_78_created_by_foreign` FOREIGN KEY (`created_by`) REFERENCES `users` (`id`) ON DELETE CASCADE ON UPDATE CASCADE,
  ADD CONSTRAINT `sub_categories_78_updated_by_foreign` FOREIGN KEY (`updated_by`) REFERENCES `users` (`id`) ON DELETE CASCADE ON UPDATE CASCADE;

--
-- Constraints for table `transactions`
--
ALTER TABLE `transactions`
  ADD CONSTRAINT `transactions_78_bill_id_foreign` FOREIGN KEY (`bill_id`) REFERENCES `bills` (`id`) ON DELETE CASCADE ON UPDATE CASCADE,
  ADD CONSTRAINT `transactions_78_created_by_foreign` FOREIGN KEY (`created_by`) REFERENCES `users` (`id`) ON DELETE CASCADE ON UPDATE CASCADE,
  ADD CONSTRAINT `transactions_78_customer_id_foreign` FOREIGN KEY (`customer_id`) REFERENCES `customers` (`id`) ON DELETE CASCADE ON UPDATE CASCADE,
  ADD CONSTRAINT `transactions_78_expense_id_foreign` FOREIGN KEY (`expense_id`) REFERENCES `expenses` (`id`) ON DELETE CASCADE ON UPDATE CASCADE,
  ADD CONSTRAINT `transactions_78_invoice_id_foreign` FOREIGN KEY (`invoice_id`) REFERENCES `invoices` (`id`) ON DELETE CASCADE ON UPDATE CASCADE,
  ADD CONSTRAINT `transactions_78_paid_through_foreign` FOREIGN KEY (`paid_through`) REFERENCES `paid_through_accounts` (`id`) ON DELETE CASCADE ON UPDATE CASCADE,
  ADD CONSTRAINT `transactions_78_payment_id_foreign` FOREIGN KEY (`payment_id`) REFERENCES `payments` (`id`) ON DELETE CASCADE ON UPDATE CASCADE,
  ADD CONSTRAINT `transactions_78_purchase_return_id_foreign` FOREIGN KEY (`purchase_return_id`) REFERENCES `purchase_return` (`id`) ON DELETE CASCADE ON UPDATE CASCADE,
  ADD CONSTRAINT `transactions_78_sales_return_id_foreign` FOREIGN KEY (`sales_return_id`) REFERENCES `sales_return` (`id`) ON DELETE CASCADE ON UPDATE CASCADE,
  ADD CONSTRAINT `transactions_78_updated_by_foreign` FOREIGN KEY (`updated_by`) REFERENCES `users` (`id`) ON DELETE CASCADE ON UPDATE CASCADE;

--
-- Constraints for table `units`
--
ALTER TABLE `units`
  ADD CONSTRAINT `units_78_created_by_foreign` FOREIGN KEY (`created_by`) REFERENCES `users` (`id`) ON DELETE CASCADE ON UPDATE CASCADE,
  ADD CONSTRAINT `units_78_updated_by_foreign` FOREIGN KEY (`updated_by`) REFERENCES `users` (`id`) ON DELETE CASCADE ON UPDATE CASCADE;

--
-- Constraints for table `unit_conversions`
--
ALTER TABLE `unit_conversions`
  ADD CONSTRAINT `unit_conversions_ibfk_1` FOREIGN KEY (`created_by`) REFERENCES `users` (`id`) ON DELETE CASCADE ON UPDATE CASCADE,
  ADD CONSTRAINT `unit_conversions_ibfk_2` FOREIGN KEY (`updated_by`) REFERENCES `users` (`id`) ON DELETE CASCADE ON UPDATE CASCADE,
  ADD CONSTRAINT `unit_conversions_ibfk_3` FOREIGN KEY (`main_unit_id`) REFERENCES `units` (`id`) ON DELETE CASCADE ON UPDATE CASCADE,
  ADD CONSTRAINT `unit_conversions_ibfk_4` FOREIGN KEY (`converted_unit_id`) REFERENCES `units` (`id`) ON DELETE CASCADE ON UPDATE CASCADE,
  ADD CONSTRAINT `unit_conversions_ibfk_5` FOREIGN KEY (`product_entry_id`) REFERENCES `product_entries` (`id`) ON DELETE CASCADE ON UPDATE CASCADE;

--
-- Constraints for table `urls`
--
ALTER TABLE `urls`
  ADD CONSTRAINT `urls_78_created_by_foreign` FOREIGN KEY (`created_by`) REFERENCES `users` (`id`) ON DELETE CASCADE ON UPDATE CASCADE,
  ADD CONSTRAINT `urls_78_module_id_foreign` FOREIGN KEY (`module_id`) REFERENCES `modules` (`id`) ON DELETE CASCADE ON UPDATE CASCADE,
  ADD CONSTRAINT `urls_78_updated_by_foreign` FOREIGN KEY (`updated_by`) REFERENCES `users` (`id`) ON DELETE CASCADE ON UPDATE CASCADE;

--
-- Constraints for table `users`
--
ALTER TABLE `users`
  ADD CONSTRAINT `users_ibfk_1` FOREIGN KEY (`branch_id`) REFERENCES `branches` (`id`) ON DELETE CASCADE ON UPDATE CASCADE;
COMMIT;

/*!40101 SET CHARACTER_SET_CLIENT=@OLD_CHARACTER_SET_CLIENT */;
/*!40101 SET CHARACTER_SET_RESULTS=@OLD_CHARACTER_SET_RESULTS */;
/*!40101 SET COLLATION_CONNECTION=@OLD_COLLATION_CONNECTION */;
